Kotlin Toolchain version 0.12.0-dev-4184 (d4785f0, 2026-07-29)
running on Linux 6.17.0-1020-azure jvm arch amd64

00:01.535 DEBUG                           AmperBackend              Selected tasks to compile: :portfolio-in-compose-multiplatform:buildWasmJsAppWasmJsRelease :portfolio-in-compose-multiplatform:compileWasmJs :portfolio-in-compose-multiplatform:compileWasmJsTest :portfolio-in-compose-multiplatform:linkWasmJsRelease :portfolio-in-compose-multiplatform:linkWasmJsTestRelease
00:01.578 DEBUG :portfolio-in-compose-multiplatform:resolveDependenciesWasmJsTest ResolveExternalDependenciesTask$Companion resolve dependencies portfolio-in-compose-multiplatform -- commonTest wasmJsTest webTest -- org.jetbrains.compose.components:components-resources:1.10.3 org.jetbrains.compose.foundation:foundation:1.10.3 org.jetbrains.compose.material3:material3:1.10.0-alpha05 org.jetbrains.compose.runtime:runtime:1.10.3 org.jetbrains.compose.ui:ui:1.10.3 org.jetbrains.kotlin:kotlin-stdlib:2.3.21 org.jetbrains.kotlin:kotlin-test-annotations-common:2.3.21 org.jetbrains.kotlin:kotlin-test:2.3.21 -- resolvePlatform=wasm nativeTarget=null wasmTarget=js
00:01.578 DEBUG :portfolio-in-compose-multiplatform:resolveDependenciesWasmJs ResolveExternalDependenciesTask$Companion resolve dependencies portfolio-in-compose-multiplatform -- common wasmJs web -- org.jetbrains.compose.components:components-resources:1.10.3 org.jetbrains.compose.foundation:foundation:1.10.3 org.jetbrains.compose.material3:material3:1.10.0-alpha05 org.jetbrains.compose.runtime:runtime:1.10.3 org.jetbrains.compose.ui:ui:1.10.3 org.jetbrains.kotlin:kotlin-stdlib:2.3.21 -- resolvePlatform=wasm nativeTarget=null wasmTarget=js
00:01.587 DEBUG generated/portfolio-in-compose-multiplatform/webTest/preparedComposeResources StateKt                   [inc] state file is missing or empty at '/home/runner/work/portfolio-in-compose-multiplatform/portfolio-in-compose-multiplatform/build/incremental.state/generated_portfolio-in-compose-multiplatform_webTe-0b2acf7621' -> cache miss
00:01.587 DEBUG generated/portfolio-in-compose-multiplatform/webTest/preparedComposeResources IncrementalCache          [inc] building 'generated/portfolio-in-compose-multiplatform/webTest/preparedComposeResources'
00:01.588 DEBUG generated/portfolio-in-compose-multiplatform/wasmJsTest/preparedComposeResources StateKt                   [inc] state file is missing or empty at '/home/runner/work/portfolio-in-compose-multiplatform/portfolio-in-compose-multiplatform/build/incremental.state/generated_portfolio-in-compose-multiplatform_wasmJ-6d53906b58' -> cache miss
00:01.588 DEBUG :portfolio-in-compose-multiplatform:resolveDependenciesWasmJsTest StateKt                   [inc] state file is missing or empty at '/home/runner/work/portfolio-in-compose-multiplatform/portfolio-in-compose-multiplatform/build/incremental.state/portfolio-in-compose-multiplatform_wasmJs_test-87897ba12d' -> cache miss
00:01.588 DEBUG :portfolio-in-compose-multiplatform:resolveDependenciesWasmJs StateKt                   [inc] state file is missing or empty at '/home/runner/work/portfolio-in-compose-multiplatform/portfolio-in-compose-multiplatform/build/incremental.state/portfolio-in-compose-multiplatform_wasmJs_main-b357d9526c' -> cache miss
00:01.589 DEBUG generated/portfolio-in-compose-multiplatform/wasmJsTest/preparedComposeResources IncrementalCache          [inc] building 'generated/portfolio-in-compose-multiplatform/wasmJsTest/preparedComposeResources'
00:01.589 DEBUG :portfolio-in-compose-multiplatform:resolveDependenciesWasmJsTest IncrementalCache          [inc] building 'portfolio-in-compose-multiplatform:wasmJs:test'
00:01.589 DEBUG :portfolio-in-compose-multiplatform:resolveDependenciesWasmJs IncrementalCache          [inc] building 'portfolio-in-compose-multiplatform:wasmJs:main'
00:01.596 DEBUG generated/portfolio-in-compose-multiplatform/common/src/compose/resources/commonResClass StateKt                   [inc] state file is missing or empty at '/home/runner/work/portfolio-in-compose-multiplatform/portfolio-in-compose-multiplatform/build/incremental.state/generated_portfolio-in-compose-multiplatform_commo-932110bb67' -> cache miss
00:01.596 DEBUG generated/portfolio-in-compose-multiplatform/common/src/compose/resources/collectors StateKt                   [inc] state file is missing or empty at '/home/runner/work/portfolio-in-compose-multiplatform/portfolio-in-compose-multiplatform/build/incremental.state/generated_portfolio-in-compose-multiplatform_commo-74d0c05194' -> cache miss
00:01.598 DEBUG generated/portfolio-in-compose-multiplatform/common/src/compose/resources/collectors IncrementalCache          [inc] building 'generated/portfolio-in-compose-multiplatform/common/src/compose/resources/collectors'
00:01.598 DEBUG generated/portfolio-in-compose-multiplatform/common/src/compose/resources/commonResClass IncrementalCache          [inc] building 'generated/portfolio-in-compose-multiplatform/common/src/compose/resources/commonResClass'
00:01.609 DEBUG generated/portfolio-in-compose-multiplatform/webTest/preparedComposeResources IncrementalCache          [inc] 'generated/portfolio-in-compose-multiplatform/webTest/preparedComposeResources' changes: 
00:01.610 DEBUG generated/portfolio-in-compose-multiplatform/common/src/compose/resources/collectors IncrementalCache          [inc] 'generated/portfolio-in-compose-multiplatform/common/src/compose/resources/collectors' changes: 
00:01.611 DEBUG generated/portfolio-in-compose-multiplatform/wasmJsTest/preparedComposeResources IncrementalCache          [inc] 'generated/portfolio-in-compose-multiplatform/wasmJsTest/preparedComposeResources' changes: 
00:01.611 DEBUG generated/portfolio-in-compose-multiplatform/common/src/compose/resources/commonResClass IncrementalCache          [inc] 'generated/portfolio-in-compose-multiplatform/common/src/compose/resources/commonResClass' changes: 
00:01.616 DEBUG generated/portfolio-in-compose-multiplatform/common/preparedComposeResources StateKt                   [inc] state file is missing or empty at '/home/runner/work/portfolio-in-compose-multiplatform/portfolio-in-compose-multiplatform/build/incremental.state/generated_portfolio-in-compose-multiplatform_commo-5ebdfa949c' -> cache miss
00:01.616 DEBUG generated/portfolio-in-compose-multiplatform/common/preparedComposeResources IncrementalCache          [inc] building 'generated/portfolio-in-compose-multiplatform/common/preparedComposeResources'
00:01.618 DEBUG generated/portfolio-in-compose-multiplatform/common/preparedComposeResources IncrementalCache          [inc] 'generated/portfolio-in-compose-multiplatform/common/preparedComposeResources' changes: 
00:01.619 DEBUG generated/portfolio-in-compose-multiplatform/commonTest/preparedComposeResources StateKt                   [inc] state file is missing or empty at '/home/runner/work/portfolio-in-compose-multiplatform/portfolio-in-compose-multiplatform/build/incremental.state/generated_portfolio-in-compose-multiplatform_commo-5b73ff78cf' -> cache miss
00:01.619 DEBUG generated/portfolio-in-compose-multiplatform/commonTest/preparedComposeResources IncrementalCache          [inc] building 'generated/portfolio-in-compose-multiplatform/commonTest/preparedComposeResources'
00:01.621 DEBUG generated/portfolio-in-compose-multiplatform/commonTest/preparedComposeResources IncrementalCache          [inc] 'generated/portfolio-in-compose-multiplatform/commonTest/preparedComposeResources' changes: 
00:01.621 DEBUG generated/portfolio-in-compose-multiplatform/web/preparedComposeResources StateKt                   [inc] state file is missing or empty at '/home/runner/work/portfolio-in-compose-multiplatform/portfolio-in-compose-multiplatform/build/incremental.state/generated_portfolio-in-compose-multiplatform_web_p-21dcea8bf2' -> cache miss
00:01.621 DEBUG generated/portfolio-in-compose-multiplatform/web/preparedComposeResources IncrementalCache          [inc] building 'generated/portfolio-in-compose-multiplatform/web/preparedComposeResources'
00:01.623 DEBUG generated/portfolio-in-compose-multiplatform/web/preparedComposeResources IncrementalCache          [inc] 'generated/portfolio-in-compose-multiplatform/web/preparedComposeResources' changes: 
00:01.627 DEBUG generated/portfolio-in-compose-multiplatform/webTest/src/compose/resources/accessors StateKt                   [inc] state file is missing or empty at '/home/runner/work/portfolio-in-compose-multiplatform/portfolio-in-compose-multiplatform/build/incremental.state/generated_portfolio-in-compose-multiplatform_webTe-f25735bb35' -> cache miss
00:01.627 DEBUG generated/portfolio-in-compose-multiplatform/webTest/src/compose/resources/accessors IncrementalCache          [inc] building 'generated/portfolio-in-compose-multiplatform/webTest/src/compose/resources/accessors'
00:01.629 DEBUG generated/portfolio-in-compose-multiplatform/webTest/src/compose/resources/accessors IncrementalCache          [inc] 'generated/portfolio-in-compose-multiplatform/webTest/src/compose/resources/accessors' changes: 
00:01.630 DEBUG generated/portfolio-in-compose-multiplatform/wasmJs/preparedComposeResources StateKt                   [inc] state file is missing or empty at '/home/runner/work/portfolio-in-compose-multiplatform/portfolio-in-compose-multiplatform/build/incremental.state/generated_portfolio-in-compose-multiplatform_wasmJ-a5b90c0335' -> cache miss
00:01.630 DEBUG generated/portfolio-in-compose-multiplatform/wasmJs/preparedComposeResources IncrementalCache          [inc] building 'generated/portfolio-in-compose-multiplatform/wasmJs/preparedComposeResources'
00:01.631 DEBUG generated/portfolio-in-compose-multiplatform/wasmJs/preparedComposeResources IncrementalCache          [inc] 'generated/portfolio-in-compose-multiplatform/wasmJs/preparedComposeResources' changes: 
00:01.633 DEBUG generated/portfolio-in-compose-multiplatform/wasmJsTest/src/compose/resources/accessors StateKt                   [inc] state file is missing or empty at '/home/runner/work/portfolio-in-compose-multiplatform/portfolio-in-compose-multiplatform/build/incremental.state/generated_portfolio-in-compose-multiplatform_wasmJ-fc0ab1ea76' -> cache miss
00:01.634 DEBUG generated/portfolio-in-compose-multiplatform/wasmJsTest/src/compose/resources/accessors IncrementalCache          [inc] building 'generated/portfolio-in-compose-multiplatform/wasmJsTest/src/compose/resources/accessors'
00:01.636 DEBUG generated/portfolio-in-compose-multiplatform/common/src/compose/resources/accessors StateKt                   [inc] state file is missing or empty at '/home/runner/work/portfolio-in-compose-multiplatform/portfolio-in-compose-multiplatform/build/incremental.state/generated_portfolio-in-compose-multiplatform_commo-faa021a546' -> cache miss
00:01.636 DEBUG generated/portfolio-in-compose-multiplatform/common/src/compose/resources/accessors IncrementalCache          [inc] building 'generated/portfolio-in-compose-multiplatform/common/src/compose/resources/accessors'
00:01.637 DEBUG generated/portfolio-in-compose-multiplatform/common/src/compose/resources/accessors IncrementalCache          [inc] 'generated/portfolio-in-compose-multiplatform/common/src/compose/resources/accessors' changes: 
00:01.647 DEBUG generated/portfolio-in-compose-multiplatform/wasmJsTest/src/compose/resources/accessors IncrementalCache          [inc] 'generated/portfolio-in-compose-multiplatform/wasmJsTest/src/compose/resources/accessors' changes: 
00:01.648 DEBUG generated/portfolio-in-compose-multiplatform/commonTest/src/compose/resources/accessors StateKt                   [inc] state file is missing or empty at '/home/runner/work/portfolio-in-compose-multiplatform/portfolio-in-compose-multiplatform/build/incremental.state/generated_portfolio-in-compose-multiplatform_commo-5d975efab3' -> cache miss
00:01.648 DEBUG generated/portfolio-in-compose-multiplatform/web/src/compose/resources/accessors StateKt                   [inc] state file is missing or empty at '/home/runner/work/portfolio-in-compose-multiplatform/portfolio-in-compose-multiplatform/build/incremental.state/generated_portfolio-in-compose-multiplatform_web_s-2ad102e62b' -> cache miss
00:01.649 DEBUG generated/portfolio-in-compose-multiplatform/web/src/compose/resources/accessors IncrementalCache          [inc] building 'generated/portfolio-in-compose-multiplatform/web/src/compose/resources/accessors'
00:01.649 DEBUG generated/portfolio-in-compose-multiplatform/commonTest/src/compose/resources/accessors IncrementalCache          [inc] building 'generated/portfolio-in-compose-multiplatform/commonTest/src/compose/resources/accessors'
00:01.652 DEBUG generated/portfolio-in-compose-multiplatform/commonTest/src/compose/resources/accessors IncrementalCache          [inc] 'generated/portfolio-in-compose-multiplatform/commonTest/src/compose/resources/accessors' changes: 
00:01.653 DEBUG generated/portfolio-in-compose-multiplatform/wasmJs/src/compose/resources/accessors StateKt                   [inc] state file is missing or empty at '/home/runner/work/portfolio-in-compose-multiplatform/portfolio-in-compose-multiplatform/build/incremental.state/generated_portfolio-in-compose-multiplatform_wasmJ-b1ffe85cd6' -> cache miss
00:01.654 DEBUG generated/portfolio-in-compose-multiplatform/wasmJs/src/compose/resources/accessors IncrementalCache          [inc] building 'generated/portfolio-in-compose-multiplatform/wasmJs/src/compose/resources/accessors'
00:01.655 DEBUG generated/portfolio-in-compose-multiplatform/web/src/compose/resources/accessors IncrementalCache          [inc] 'generated/portfolio-in-compose-multiplatform/web/src/compose/resources/accessors' changes: 
00:01.659 DEBUG generated/portfolio-in-compose-multiplatform/wasmJs/src/compose/resources/accessors IncrementalCache          [inc] 'generated/portfolio-in-compose-multiplatform/wasmJs/src/compose/resources/accessors' changes: 
00:01.661 DEBUG generated/portfolio-in-compose-multiplatform/wasmJs/src/compose/resources/collectors StateKt                   [inc] state file is missing or empty at '/home/runner/work/portfolio-in-compose-multiplatform/portfolio-in-compose-multiplatform/build/incremental.state/generated_portfolio-in-compose-multiplatform_wasmJ-d16b9c0646' -> cache miss
00:01.661 DEBUG generated/portfolio-in-compose-multiplatform/wasmJs/src/compose/resources/collectors IncrementalCache          [inc] building 'generated/portfolio-in-compose-multiplatform/wasmJs/src/compose/resources/collectors'
00:01.663 DEBUG generated/portfolio-in-compose-multiplatform/wasmJs/src/compose/resources/collectors IncrementalCache          [inc] 'generated/portfolio-in-compose-multiplatform/wasmJs/src/compose/resources/collectors' changes: 
00:01.703 DEBUG :portfolio-in-compose-multiplatform:resolveDependenciesWasmJs StateKt                   [inc] state file is missing or empty at '/home/runner/work/portfolio-in-compose-multiplatform/portfolio-in-compose-multiplatform/build/incremental.state/_home_runner_work_portfolio-in-compose-multiplatfo-2463df9667' -> cache miss
00:01.703 DEBUG :portfolio-in-compose-multiplatform:resolveDependenciesWasmJs IncrementalCache          [inc] building '/home/runner/work/portfolio-in-compose-multiplatform/portfolio-in-compose-multiplatform,leaf platforms,false,ResolutionConfigPlain(scope=COMPILE, platforms=[JVM], repositories=[https://repo1.maven.org/maven2]),false,true,NETWORK'
00:01.703 DEBUG :portfolio-in-compose-multiplatform:resolveDependenciesWasmJsTest StateKt                   [inc] state file is missing or empty at '/home/runner/work/portfolio-in-compose-multiplatform/portfolio-in-compose-multiplatform/build/incremental.state/_home_runner_work_portfolio-in-compose-multiplatfo-37b2bc33cd' -> cache miss
00:01.703 DEBUG :portfolio-in-compose-multiplatform:resolveDependenciesWasmJsTest IncrementalCache          [inc] building '/home/runner/work/portfolio-in-compose-multiplatform/portfolio-in-compose-multiplatform,leaf platforms,true,ResolutionConfigPlain(scope=COMPILE, platforms=[JVM], repositories=[https://repo1.maven.org/maven2]),false,true,NETWORK'
00:02.456 DEBUG :portfolio-in-compose-multiplatform:resolveDependenciesWasmJs DependencyFileImpl        Downloaded https://repo1.maven.org/maven2/org/jetbrains/compose/foundation/foundation/1.10.3/foundation-1.10.3.pom.sha512 for the dependency org.jetbrains.compose.foundation:foundation:1.10.3
00:02.458 DEBUG :portfolio-in-compose-multiplatform:resolveDependenciesWasmJs DependencyFileImpl        Downloaded https://repo1.maven.org/maven2/org/jetbrains/compose/components/components-resources/1.10.3/components-resources-1.10.3.pom.sha512 for the dependency org.jetbrains.compose.components:components-resources:1.10.3
00:02.459 DEBUG :portfolio-in-compose-multiplatform:resolveDependenciesWasmJs DependencyFileImpl        Downloaded https://repo1.maven.org/maven2/org/jetbrains/compose/runtime/runtime/1.10.3/runtime-1.10.3.pom.sha512 for the dependency org.jetbrains.compose.runtime:runtime:1.10.3
00:02.460 DEBUG :portfolio-in-compose-multiplatform:resolveDependenciesWasmJs DependencyFileImpl        Downloaded https://repo1.maven.org/maven2/org/jetbrains/compose/ui/ui/1.10.3/ui-1.10.3.pom.sha512 for the dependency org.jetbrains.compose.ui:ui:1.10.3
00:02.469 DEBUG :portfolio-in-compose-multiplatform:resolveDependenciesWasmJs DependencyFileImpl        Not found URL: https://repo1.maven.org/maven2/org/jetbrains/kotlin/kotlin-stdlib/2.3.21/kotlin-stdlib-2.3.21.pom.sha512
00:02.469 DEBUG :portfolio-in-compose-multiplatform:resolveDependenciesWasmJs DependencyFileImpl        Downloaded https://repo1.maven.org/maven2/org/jetbrains/compose/material3/material3/1.10.0-alpha05/material3-1.10.0-alpha05.pom.sha512 for the dependency org.jetbrains.compose.material3:material3:1.10.0-alpha05
00:02.470 DEBUG :portfolio-in-compose-multiplatform:resolveDependenciesWasmJsTest DependencyFileImpl        Not found URL: https://repo1.maven.org/maven2/org/jetbrains/kotlin/kotlin-test/2.3.21/kotlin-test-2.3.21.pom.sha512
00:02.494 DEBUG :portfolio-in-compose-multiplatform:resolveDependenciesWasmJsTest DependencyFileImpl        Not found URL: https://repo1.maven.org/maven2/org/jetbrains/kotlin/kotlin-test-annotations-common/2.3.21/kotlin-test-annotations-common-2.3.21.pom.sha512
00:02.502 DEBUG :portfolio-in-compose-multiplatform:resolveDependenciesWasmJs DependencyFileImpl        Downloaded https://repo1.maven.org/maven2/org/jetbrains/compose/components/components-resources/1.10.3/components-resources-1.10.3.pom for the dependency org.jetbrains.compose.components:components-resources:1.10.3
00:02.503 DEBUG :portfolio-in-compose-multiplatform:resolveDependenciesWasmJs DependencyFileImpl        Downloaded https://repo1.maven.org/maven2/org/jetbrains/compose/material3/material3/1.10.0-alpha05/material3-1.10.0-alpha05.pom for the dependency org.jetbrains.compose.material3:material3:1.10.0-alpha05
00:02.507 DEBUG :portfolio-in-compose-multiplatform:resolveDependenciesWasmJs DependencyFileImpl        Downloaded https://repo1.maven.org/maven2/org/jetbrains/compose/foundation/foundation/1.10.3/foundation-1.10.3.pom for the dependency org.jetbrains.compose.foundation:foundation:1.10.3
00:02.509 DEBUG :portfolio-in-compose-multiplatform:resolveDependenciesWasmJs DependencyFileImpl        Downloaded https://repo1.maven.org/maven2/org/jetbrains/compose/runtime/runtime/1.10.3/runtime-1.10.3.pom for the dependency org.jetbrains.compose.runtime:runtime:1.10.3
00:02.515 DEBUG :portfolio-in-compose-multiplatform:resolveDependenciesWasmJs DependencyFileImpl        Downloaded https://repo1.maven.org/maven2/org/jetbrains/compose/ui/ui/1.10.3/ui-1.10.3.pom for the dependency org.jetbrains.compose.ui:ui:1.10.3
00:02.545 DEBUG :portfolio-in-compose-multiplatform:resolveDependenciesWasmJs DependencyFileImpl        Downloaded https://repo1.maven.org/maven2/org/jetbrains/compose/components/components-resources/1.10.3/components-resources-1.10.3.module.sha512 for the dependency org.jetbrains.compose.components:components-resources:1.10.3
00:02.549 DEBUG :portfolio-in-compose-multiplatform:resolveDependenciesWasmJs DependencyFileImpl        Downloaded https://repo1.maven.org/maven2/org/jetbrains/compose/ui/ui/1.10.3/ui-1.10.3.module.sha512 for the dependency org.jetbrains.compose.ui:ui:1.10.3
00:02.551 DEBUG :portfolio-in-compose-multiplatform:resolveDependenciesWasmJs DependencyFileImpl        Downloaded https://repo1.maven.org/maven2/org/jetbrains/compose/foundation/foundation/1.10.3/foundation-1.10.3.module.sha512 for the dependency org.jetbrains.compose.foundation:foundation:1.10.3
00:02.555 DEBUG :portfolio-in-compose-multiplatform:resolveDependenciesWasmJs DependencyFileImpl        Downloaded https://repo1.maven.org/maven2/org/jetbrains/compose/runtime/runtime/1.10.3/runtime-1.10.3.module.sha512 for the dependency org.jetbrains.compose.runtime:runtime:1.10.3
00:02.558 DEBUG :portfolio-in-compose-multiplatform:resolveDependenciesWasmJs DependencyFileImpl        Downloaded https://repo1.maven.org/maven2/org/jetbrains/compose/material3/material3/1.10.0-alpha05/material3-1.10.0-alpha05.module.sha512 for the dependency org.jetbrains.compose.material3:material3:1.10.0-alpha05
00:02.568 DEBUG :portfolio-in-compose-multiplatform:resolveDependenciesWasmJs DependencyFileImpl        Downloaded https://repo1.maven.org/maven2/org/jetbrains/compose/components/components-resources/1.10.3/components-resources-1.10.3.module for the dependency org.jetbrains.compose.components:components-resources:1.10.3
00:02.585 DEBUG :portfolio-in-compose-multiplatform:resolveDependenciesWasmJs DependencyFileImpl        Downloaded https://repo1.maven.org/maven2/org/jetbrains/compose/runtime/runtime/1.10.3/runtime-1.10.3.module for the dependency org.jetbrains.compose.runtime:runtime:1.10.3
00:02.591 DEBUG :portfolio-in-compose-multiplatform:resolveDependenciesWasmJs DependencyFileImpl        Downloaded https://repo1.maven.org/maven2/org/jetbrains/compose/ui/ui/1.10.3/ui-1.10.3.module for the dependency org.jetbrains.compose.ui:ui:1.10.3
00:02.597 DEBUG :portfolio-in-compose-multiplatform:resolveDependenciesWasmJs DependencyFileImpl        Downloaded https://repo1.maven.org/maven2/org/jetbrains/compose/material3/material3/1.10.0-alpha05/material3-1.10.0-alpha05.module for the dependency org.jetbrains.compose.material3:material3:1.10.0-alpha05
00:02.658 DEBUG :portfolio-in-compose-multiplatform:resolveDependenciesWasmJs DependencyFileImpl        Downloaded https://repo1.maven.org/maven2/org/jetbrains/compose/foundation/foundation/1.10.3/foundation-1.10.3.module for the dependency org.jetbrains.compose.foundation:foundation:1.10.3
00:02.689 DEBUG :portfolio-in-compose-multiplatform:resolveDependenciesWasmJs DependencyFileImpl        Downloaded https://repo1.maven.org/maven2/org/jetbrains/compose/components/components-resources-wasmJs/1.10.3/components-resources-wasmJs-1.10.3.pom.sha512 for the dependency org.jetbrains.compose.components:components-resources-wasmJs:1.10.3
00:02.692 DEBUG :portfolio-in-compose-multiplatform:resolveDependenciesWasmJs DependencyFileImpl        Downloaded https://repo1.maven.org/maven2/org/jetbrains/compose/runtime/runtime-wasm-js/1.10.3/runtime-wasm-js-1.10.3.pom.sha512 for the dependency org.jetbrains.compose.runtime:runtime-wasm-js:1.10.3
00:02.694 DEBUG :portfolio-in-compose-multiplatform:resolveDependenciesWasmJs DependencyFileImpl        Downloaded https://repo1.maven.org/maven2/org/jetbrains/compose/ui/ui-wasm-js/1.10.3/ui-wasm-js-1.10.3.pom.sha512 for the dependency org.jetbrains.compose.ui:ui-wasm-js:1.10.3
00:02.696 DEBUG :portfolio-in-compose-multiplatform:resolveDependenciesWasmJsTest DependencyFileImpl        Downloaded https://repo1.maven.org/maven2/org/jetbrains/compose/material3/material3-wasm-js/1.10.0-alpha05/material3-wasm-js-1.10.0-alpha05.pom.sha512 for the dependency org.jetbrains.compose.material3:material3-wasm-js:1.10.0-alpha05
00:02.700 DEBUG :portfolio-in-compose-multiplatform:resolveDependenciesWasmJs DependencyFileImpl        Downloaded https://repo1.maven.org/maven2/org/jetbrains/compose/foundation/foundation-wasm-js/1.10.3/foundation-wasm-js-1.10.3.pom.sha512 for the dependency org.jetbrains.compose.foundation:foundation-wasm-js:1.10.3
00:02.706 DEBUG :portfolio-in-compose-multiplatform:resolveDependenciesWasmJs DependencyFileImpl        Downloaded https://repo1.maven.org/maven2/org/jetbrains/compose/components/components-resources-wasmJs/1.10.3/components-resources-wasmJs-1.10.3.pom for the dependency org.jetbrains.compose.components:components-resources-wasmJs:1.10.3
00:02.711 DEBUG :portfolio-in-compose-multiplatform:resolveDependenciesWasmJs DependencyFileImpl        Downloaded https://repo1.maven.org/maven2/org/jetbrains/compose/runtime/runtime-wasm-js/1.10.3/runtime-wasm-js-1.10.3.pom for the dependency org.jetbrains.compose.runtime:runtime-wasm-js:1.10.3
00:02.713 DEBUG :portfolio-in-compose-multiplatform:resolveDependenciesWasmJs DependencyFileImpl        Downloaded https://repo1.maven.org/maven2/org/jetbrains/compose/ui/ui-wasm-js/1.10.3/ui-wasm-js-1.10.3.pom for the dependency org.jetbrains.compose.ui:ui-wasm-js:1.10.3
00:02.715 DEBUG :portfolio-in-compose-multiplatform:resolveDependenciesWasmJsTest DependencyFileImpl        Downloaded https://repo1.maven.org/maven2/org/jetbrains/compose/material3/material3-wasm-js/1.10.0-alpha05/material3-wasm-js-1.10.0-alpha05.pom for the dependency org.jetbrains.compose.material3:material3-wasm-js:1.10.0-alpha05
00:02.716 DEBUG :portfolio-in-compose-multiplatform:resolveDependenciesWasmJs DependencyFileImpl        Not found URL: https://maven.google.com/org/jetbrains/kotlin/kotlin-stdlib/2.3.21/kotlin-stdlib-2.3.21.pom.sha512
00:02.720 DEBUG :portfolio-in-compose-multiplatform:resolveDependenciesWasmJsTest DependencyFileImpl        Not found URL: https://maven.google.com/org/jetbrains/kotlin/kotlin-test/2.3.21/kotlin-test-2.3.21.pom.sha512
00:02.720 DEBUG :portfolio-in-compose-multiplatform:resolveDependenciesWasmJs DependencyFileImpl        Downloaded https://repo1.maven.org/maven2/org/jetbrains/compose/foundation/foundation-wasm-js/1.10.3/foundation-wasm-js-1.10.3.pom for the dependency org.jetbrains.compose.foundation:foundation-wasm-js:1.10.3
00:02.732 DEBUG :portfolio-in-compose-multiplatform:resolveDependenciesWasmJs DependencyFileImpl        Downloaded https://repo1.maven.org/maven2/org/jetbrains/compose/components/components-resources-wasmJs/1.10.3/components-resources-wasmJs-1.10.3.module.sha512 for the dependency org.jetbrains.compose.components:components-resources-wasmJs:1.10.3
00:02.735 DEBUG :portfolio-in-compose-multiplatform:resolveDependenciesWasmJs DependencyFileImpl        Downloaded https://repo1.maven.org/maven2/org/jetbrains/compose/runtime/runtime-wasm-js/1.10.3/runtime-wasm-js-1.10.3.module.sha512 for the dependency org.jetbrains.compose.runtime:runtime-wasm-js:1.10.3
00:02.739 DEBUG :portfolio-in-compose-multiplatform:resolveDependenciesWasmJsTest DependencyFileImpl        Not found URL: https://maven.google.com/org/jetbrains/kotlin/kotlin-test-annotations-common/2.3.21/kotlin-test-annotations-common-2.3.21.pom.sha512
00:02.740 DEBUG :portfolio-in-compose-multiplatform:resolveDependenciesWasmJs DependencyFileImpl        Downloaded https://repo1.maven.org/maven2/org/jetbrains/compose/foundation/foundation-wasm-js/1.10.3/foundation-wasm-js-1.10.3.module.sha512 for the dependency org.jetbrains.compose.foundation:foundation-wasm-js:1.10.3
00:02.745 DEBUG :portfolio-in-compose-multiplatform:resolveDependenciesWasmJs DependencyFileImpl        Downloaded https://repo1.maven.org/maven2/org/jetbrains/compose/ui/ui-wasm-js/1.10.3/ui-wasm-js-1.10.3.module.sha512 for the dependency org.jetbrains.compose.ui:ui-wasm-js:1.10.3
00:02.746 DEBUG :portfolio-in-compose-multiplatform:resolveDependenciesWasmJsTest DependencyFileImpl        Downloaded https://repo1.maven.org/maven2/org/jetbrains/compose/material3/material3-wasm-js/1.10.0-alpha05/material3-wasm-js-1.10.0-alpha05.module.sha512 for the dependency org.jetbrains.compose.material3:material3-wasm-js:1.10.0-alpha05
00:02.755 DEBUG :portfolio-in-compose-multiplatform:resolveDependenciesWasmJs DependencyFileImpl        Downloaded https://repo1.maven.org/maven2/org/jetbrains/compose/runtime/runtime-wasm-js/1.10.3/runtime-wasm-js-1.10.3.module for the dependency org.jetbrains.compose.runtime:runtime-wasm-js:1.10.3
00:02.759 DEBUG :portfolio-in-compose-multiplatform:resolveDependenciesWasmJs DependencyFileImpl        Downloaded https://repo1.maven.org/maven2/org/jetbrains/compose/foundation/foundation-wasm-js/1.10.3/foundation-wasm-js-1.10.3.module for the dependency org.jetbrains.compose.foundation:foundation-wasm-js:1.10.3
00:02.759 DEBUG :portfolio-in-compose-multiplatform:resolveDependenciesWasmJs DependencyFileImpl        Downloaded https://repo1.maven.org/maven2/org/jetbrains/compose/components/components-resources-wasmJs/1.10.3/components-resources-wasmJs-1.10.3.module for the dependency org.jetbrains.compose.components:components-resources-wasmJs:1.10.3
00:02.764 DEBUG :portfolio-in-compose-multiplatform:resolveDependenciesWasmJsTest DependencyFileImpl        Downloaded https://repo1.maven.org/maven2/org/jetbrains/compose/material3/material3-wasm-js/1.10.0-alpha05/material3-wasm-js-1.10.0-alpha05.module for the dependency org.jetbrains.compose.material3:material3-wasm-js:1.10.0-alpha05
00:02.769 DEBUG :portfolio-in-compose-multiplatform:resolveDependenciesWasmJs DependencyFileImpl        Downloaded https://repo1.maven.org/maven2/org/jetbrains/compose/ui/ui-wasm-js/1.10.3/ui-wasm-js-1.10.3.module for the dependency org.jetbrains.compose.ui:ui-wasm-js:1.10.3
00:02.846 DEBUG :portfolio-in-compose-multiplatform:resolveDependenciesWasmJs DependencyFileImpl        Downloaded https://repo1.maven.org/maven2/org/jetbrains/kotlinx/kotlinx-coroutines-core/1.8.0/kotlinx-coroutines-core-1.8.0.pom.sha512 for the dependency org.jetbrains.kotlinx:kotlinx-coroutines-core:1.8.0
00:02.847 DEBUG :portfolio-in-compose-multiplatform:resolveDependenciesWasmJs DependencyFileImpl        Downloaded https://repo1.maven.org/maven2/org/jetbrains/compose/collection-internal/collection/1.10.3/collection-1.10.3.pom.sha512 for the dependency org.jetbrains.compose.collection-internal:collection:1.10.3
00:02.850 DEBUG :portfolio-in-compose-multiplatform:resolveDependenciesWasmJsTest DependencyFileImpl        Not found URL: https://repo1.maven.org/maven2/org/jetbrains/kotlin/kotlin-test/2.3.21/kotlin-test-2.3.21.pom.sha256
00:02.855 DEBUG :portfolio-in-compose-multiplatform:resolveDependenciesWasmJs DependencyFileImpl        Downloaded https://repo1.maven.org/maven2/org/jetbrains/androidx/lifecycle/lifecycle-runtime-compose/2.9.6/lifecycle-runtime-compose-2.9.6.pom.sha512 for the dependency org.jetbrains.androidx.lifecycle:lifecycle-runtime-compose:2.9.6
00:02.861 DEBUG :portfolio-in-compose-multiplatform:resolveDependenciesWasmJsTest DependencyFileImpl        Not found URL: https://repo1.maven.org/maven2/org/jetbrains/kotlin/kotlin-test-annotations-common/2.3.21/kotlin-test-annotations-common-2.3.21.pom.sha256
00:02.868 DEBUG :portfolio-in-compose-multiplatform:resolveDependenciesWasmJs DependencyFileImpl        Downloaded https://repo1.maven.org/maven2/org/jetbrains/skiko/skiko/0.9.37.4/skiko-0.9.37.4.pom.sha512 for the dependency org.jetbrains.skiko:skiko:0.9.37.4
00:02.871 DEBUG :portfolio-in-compose-multiplatform:resolveDependenciesWasmJs DependencyFileImpl        Downloaded https://repo1.maven.org/maven2/org/jetbrains/compose/ui/ui-unit/1.10.3/ui-unit-1.10.3.pom.sha512 for the dependency org.jetbrains.compose.ui:ui-unit:1.10.3
00:02.875 DEBUG :portfolio-in-compose-multiplatform:resolveDependenciesWasmJs DependencyFileImpl        Downloaded https://repo1.maven.org/maven2/org/jetbrains/androidx/lifecycle/lifecycle-viewmodel/2.9.6/lifecycle-viewmodel-2.9.6.pom.sha512 for the dependency org.jetbrains.androidx.lifecycle:lifecycle-viewmodel:2.9.6
00:02.877 DEBUG :portfolio-in-compose-multiplatform:resolveDependenciesWasmJs DependencyFileImpl        Not found URL: https://repo1.maven.org/maven2/org/jetbrains/kotlin/kotlin-stdlib-wasm-js/2.2.20/kotlin-stdlib-wasm-js-2.2.20.pom.sha512
00:02.881 DEBUG :portfolio-in-compose-multiplatform:resolveDependenciesWasmJs DependencyFileImpl        Downloaded https://repo1.maven.org/maven2/org/jetbrains/androidx/lifecycle/lifecycle-viewmodel-savedstate/2.9.6/lifecycle-viewmodel-savedstate-2.9.6.pom.sha512 for the dependency org.jetbrains.androidx.lifecycle:lifecycle-viewmodel-savedstate:2.9.6
00:02.891 DEBUG :portfolio-in-compose-multiplatform:resolveDependenciesWasmJs DependencyFileImpl        Downloaded https://repo1.maven.org/maven2/org/jetbrains/skiko/skiko-wasm-js/0.9.37.4/skiko-wasm-js-0.9.37.4.pom.sha512 for the dependency org.jetbrains.skiko:skiko-wasm-js:0.9.37.4
00:02.925 DEBUG :portfolio-in-compose-multiplatform:resolveDependenciesWasmJs DependencyFileImpl        Not found URL: https://repo1.maven.org/maven2/org/jetbrains/kotlinx/atomicfu/0.23.2/atomicfu-0.23.2.pom.sha512
00:02.929 DEBUG :portfolio-in-compose-multiplatform:resolveDependenciesWasmJsTest DependencyFileImpl        Not found URL: https://repo1.maven.org/maven2/androidx/graphics/graphics-shapes/1.1.0/graphics-shapes-1.1.0.pom.sha512
00:02.972 DEBUG :portfolio-in-compose-multiplatform:resolveDependenciesWasmJs DependencyFileImpl        Not found URL: https://repo1.maven.org/maven2/androidx/collection/collection/1.5.0/collection-1.5.0.pom.sha512
00:02.975 DEBUG :portfolio-in-compose-multiplatform:resolveDependenciesWasmJs DependencyFileImpl        Downloaded https://repo1.maven.org/maven2/org/jetbrains/compose/annotation-internal/annotation/1.10.3/annotation-1.10.3.pom.sha512 for the dependency org.jetbrains.compose.annotation-internal:annotation:1.10.3
00:02.976 DEBUG :portfolio-in-compose-multiplatform:resolveDependenciesWasmJsTest DependencyFileImpl        Downloaded https://repo1.maven.org/maven2/org/jetbrains/compose/material/material-ripple/1.9.3/material-ripple-1.9.3.pom.sha512 for the dependency org.jetbrains.compose.material:material-ripple:1.9.3
00:02.978 DEBUG :portfolio-in-compose-multiplatform:resolveDependenciesWasmJs DependencyFileImpl        Downloaded https://repo1.maven.org/maven2/org/jetbrains/androidx/lifecycle/lifecycle-common/2.9.6/lifecycle-common-2.9.6.pom.sha512 for the dependency org.jetbrains.androidx.lifecycle:lifecycle-common:2.9.6
00:02.979 DEBUG :portfolio-in-compose-multiplatform:resolveDependenciesWasmJs DependencyFileImpl        Downloaded https://repo1.maven.org/maven2/org/jetbrains/compose/runtime/runtime-saveable/1.10.3/runtime-saveable-1.10.3.pom.sha512 for the dependency org.jetbrains.compose.runtime:runtime-saveable:1.10.3
00:02.980 DEBUG :portfolio-in-compose-multiplatform:resolveDependenciesWasmJs DependencyFileImpl        Downloaded https://repo1.maven.org/maven2/org/jetbrains/androidx/lifecycle/lifecycle-runtime/2.9.6/lifecycle-runtime-2.9.6.pom.sha512 for the dependency org.jetbrains.androidx.lifecycle:lifecycle-runtime:2.9.6
00:02.990 DEBUG :portfolio-in-compose-multiplatform:resolveDependenciesWasmJsTest DependencyFileImpl        Downloaded https://repo1.maven.org/maven2/org/jetbrains/compose/foundation/foundation-layout/1.9.3/foundation-layout-1.9.3.pom.sha512 for the dependency org.jetbrains.compose.foundation:foundation-layout:1.9.3
00:02.994 DEBUG :portfolio-in-compose-multiplatform:resolveDependenciesWasmJs DependencyFileImpl        Downloaded https://repo1.maven.org/maven2/org/jetbrains/compose/animation/animation-core/1.9.3/animation-core-1.9.3.pom.sha512 for the dependency org.jetbrains.compose.animation:animation-core:1.9.3
00:02.996 DEBUG :portfolio-in-compose-multiplatform:resolveDependenciesWasmJs DependencyFileImpl        Downloaded https://repo1.maven.org/maven2/org/jetbrains/compose/collection-internal/collection/1.10.3/collection-1.10.3.pom for the dependency org.jetbrains.compose.collection-internal:collection:1.10.3
00:02.997 DEBUG :portfolio-in-compose-multiplatform:resolveDependenciesWasmJs DependencyFileImpl        Downloaded https://repo1.maven.org/maven2/org/jetbrains/kotlinx/kotlinx-coroutines-core/1.8.0/kotlinx-coroutines-core-1.8.0.pom for the dependency org.jetbrains.kotlinx:kotlinx-coroutines-core:1.8.0
00:02.998 DEBUG :portfolio-in-compose-multiplatform:resolveDependenciesWasmJs DependencyFileImpl        Downloaded https://repo1.maven.org/maven2/org/jetbrains/androidx/lifecycle/lifecycle-runtime-compose/2.9.6/lifecycle-runtime-compose-2.9.6.pom for the dependency org.jetbrains.androidx.lifecycle:lifecycle-runtime-compose:2.9.6
00:03.011 DEBUG :portfolio-in-compose-multiplatform:resolveDependenciesWasmJs DependencyFileImpl        Downloaded https://repo1.maven.org/maven2/org/jetbrains/skiko/skiko/0.9.37.4/skiko-0.9.37.4.pom for the dependency org.jetbrains.skiko:skiko:0.9.37.4
00:03.017 DEBUG :portfolio-in-compose-multiplatform:resolveDependenciesWasmJs DependencyFileImpl        Downloaded https://repo1.maven.org/maven2/org/jetbrains/compose/ui/ui-unit/1.10.3/ui-unit-1.10.3.pom for the dependency org.jetbrains.compose.ui:ui-unit:1.10.3
00:03.017 DEBUG :portfolio-in-compose-multiplatform:resolveDependenciesWasmJs DependencyFileImpl        Not found URL: https://repo1.maven.org/maven2/androidx/navigationevent/navigationevent/1.0.2/navigationevent-1.0.2.pom.sha512
00:03.018 DEBUG :portfolio-in-compose-multiplatform:resolveDependenciesWasmJs DependencyFileImpl        Downloaded https://repo1.maven.org/maven2/org/jetbrains/androidx/lifecycle/lifecycle-viewmodel/2.9.6/lifecycle-viewmodel-2.9.6.pom for the dependency org.jetbrains.androidx.lifecycle:lifecycle-viewmodel:2.9.6
00:03.020 DEBUG :portfolio-in-compose-multiplatform:resolveDependenciesWasmJs DependencyFileImpl        Not found URL: https://repo1.maven.org/maven2/org/jetbrains/kotlinx/kotlinx-datetime/0.7.1/kotlinx-datetime-0.7.1.pom.sha512
00:03.027 DEBUG :portfolio-in-compose-multiplatform:resolveDependenciesWasmJs DependencyFileImpl        Downloaded https://repo1.maven.org/maven2/org/jetbrains/androidx/lifecycle/lifecycle-viewmodel-savedstate/2.9.6/lifecycle-viewmodel-savedstate-2.9.6.pom for the dependency org.jetbrains.androidx.lifecycle:lifecycle-viewmodel-savedstate:2.9.6
00:03.033 DEBUG :portfolio-in-compose-multiplatform:resolveDependenciesWasmJs DependencyFileImpl        Downloaded https://repo1.maven.org/maven2/org/jetbrains/skiko/skiko-wasm-js/0.9.37.4/skiko-wasm-js-0.9.37.4.pom for the dependency org.jetbrains.skiko:skiko-wasm-js:0.9.37.4
00:03.044 DEBUG :portfolio-in-compose-multiplatform:resolveDependenciesWasmJs DependencyFileImpl        Downloaded https://repo1.maven.org/maven2/org/jetbrains/compose/annotation-internal/annotation/1.10.3/annotation-1.10.3.pom for the dependency org.jetbrains.compose.annotation-internal:annotation:1.10.3
00:03.045 DEBUG :portfolio-in-compose-multiplatform:resolveDependenciesWasmJs DependencyFileImpl        Not found URL: https://repo1.maven.org/maven2/androidx/annotation/annotation/1.9.1/annotation-1.9.1.pom.sha512
00:03.050 DEBUG :portfolio-in-compose-multiplatform:resolveDependenciesWasmJsTest DependencyFileImpl        Downloaded https://repo1.maven.org/maven2/org/jetbrains/compose/material/material-ripple/1.9.3/material-ripple-1.9.3.pom for the dependency org.jetbrains.compose.material:material-ripple:1.9.3
00:03.058 DEBUG :portfolio-in-compose-multiplatform:resolveDependenciesWasmJs DependencyFileImpl        Not found URL: https://repo1.maven.org/maven2/androidx/compose/runtime/runtime-retain/1.10.5/runtime-retain-1.10.5.pom.sha512
00:03.061 DEBUG :portfolio-in-compose-multiplatform:resolveDependenciesWasmJs DependencyFileImpl        Downloaded https://repo1.maven.org/maven2/org/jetbrains/androidx/lifecycle/lifecycle-common/2.9.6/lifecycle-common-2.9.6.pom for the dependency org.jetbrains.androidx.lifecycle:lifecycle-common:2.9.6
00:03.065 DEBUG :portfolio-in-compose-multiplatform:resolveDependenciesWasmJs DependencyFileImpl        Downloaded https://repo1.maven.org/maven2/org/jetbrains/compose/runtime/runtime-saveable/1.10.3/runtime-saveable-1.10.3.pom for the dependency org.jetbrains.compose.runtime:runtime-saveable:1.10.3
00:03.068 DEBUG :portfolio-in-compose-multiplatform:resolveDependenciesWasmJs DependencyFileImpl        Downloaded https://repo1.maven.org/maven2/org/jetbrains/androidx/lifecycle/lifecycle-runtime/2.9.6/lifecycle-runtime-2.9.6.pom for the dependency org.jetbrains.androidx.lifecycle:lifecycle-runtime:2.9.6
00:03.070 DEBUG :portfolio-in-compose-multiplatform:resolveDependenciesWasmJsTest DependencyFileImpl        Not found URL: https://maven.google.com/org/jetbrains/kotlin/kotlin-test/2.3.21/kotlin-test-2.3.21.pom.sha256
00:03.074 DEBUG :portfolio-in-compose-multiplatform:resolveDependenciesWasmJsTest DependencyFileImpl        Downloaded https://repo1.maven.org/maven2/org/jetbrains/compose/foundation/foundation-layout/1.9.3/foundation-layout-1.9.3.pom for the dependency org.jetbrains.compose.foundation:foundation-layout:1.9.3
00:03.079 DEBUG :portfolio-in-compose-multiplatform:resolveDependenciesWasmJs DependencyFileImpl        Downloaded https://repo1.maven.org/maven2/org/jetbrains/compose/animation/animation-core/1.9.3/animation-core-1.9.3.pom for the dependency org.jetbrains.compose.animation:animation-core:1.9.3
00:03.083 DEBUG :portfolio-in-compose-multiplatform:resolveDependenciesWasmJs DependencyFileImpl        Downloaded https://repo1.maven.org/maven2/org/jetbrains/compose/collection-internal/collection/1.10.3/collection-1.10.3.module.sha512 for the dependency org.jetbrains.compose.collection-internal:collection:1.10.3
00:03.086 DEBUG :portfolio-in-compose-multiplatform:resolveDependenciesWasmJs DependencyFileImpl        Downloaded https://repo1.maven.org/maven2/org/jetbrains/kotlinx/kotlinx-coroutines-core/1.8.0/kotlinx-coroutines-core-1.8.0.module.sha512 for the dependency org.jetbrains.kotlinx:kotlinx-coroutines-core:1.8.0
00:03.089 DEBUG :portfolio-in-compose-multiplatform:resolveDependenciesWasmJs DependencyFileImpl        Downloaded https://repo1.maven.org/maven2/org/jetbrains/androidx/lifecycle/lifecycle-runtime-compose/2.9.6/lifecycle-runtime-compose-2.9.6.module.sha512 for the dependency org.jetbrains.androidx.lifecycle:lifecycle-runtime-compose:2.9.6
00:03.091 DEBUG :portfolio-in-compose-multiplatform:resolveDependenciesWasmJs DependencyFileImpl        Downloaded https://repo1.maven.org/maven2/org/jetbrains/skiko/skiko/0.9.37.4/skiko-0.9.37.4.module.sha512 for the dependency org.jetbrains.skiko:skiko:0.9.37.4
00:03.099 DEBUG :portfolio-in-compose-multiplatform:resolveDependenciesWasmJs DependencyFileImpl        Downloaded https://repo1.maven.org/maven2/org/jetbrains/skiko/skiko-js-wasm-runtime/0.9.37.4/skiko-js-wasm-runtime-0.9.37.4.pom.sha512 for the dependency org.jetbrains.skiko:skiko-js-wasm-runtime:0.9.37.4
00:03.100 DEBUG :portfolio-in-compose-multiplatform:resolveDependenciesWasmJs DependencyFileImpl        Not found URL: https://maven.google.com/org/jetbrains/kotlin/kotlin-stdlib-wasm-js/2.2.20/kotlin-stdlib-wasm-js-2.2.20.pom.sha512
00:03.102 DEBUG :portfolio-in-compose-multiplatform:resolveDependenciesWasmJs DependencyFileImpl        Downloaded https://repo1.maven.org/maven2/org/jetbrains/compose/ui/ui-unit/1.10.3/ui-unit-1.10.3.module.sha512 for the dependency org.jetbrains.compose.ui:ui-unit:1.10.3
00:03.106 DEBUG :portfolio-in-compose-multiplatform:resolveDependenciesWasmJsTest DependencyFileImpl        Not found URL: https://maven.google.com/org/jetbrains/kotlin/kotlin-test-annotations-common/2.3.21/kotlin-test-annotations-common-2.3.21.pom.sha256
00:03.107 DEBUG :portfolio-in-compose-multiplatform:resolveDependenciesWasmJs DependencyFileImpl        Downloaded https://repo1.maven.org/maven2/org/jetbrains/androidx/lifecycle/lifecycle-viewmodel/2.9.6/lifecycle-viewmodel-2.9.6.module.sha512 for the dependency org.jetbrains.androidx.lifecycle:lifecycle-viewmodel:2.9.6
00:03.121 DEBUG :portfolio-in-compose-multiplatform:resolveDependenciesWasmJs DependencyFileImpl        Downloaded https://repo1.maven.org/maven2/org/jetbrains/androidx/lifecycle/lifecycle-viewmodel-savedstate/2.9.6/lifecycle-viewmodel-savedstate-2.9.6.module.sha512 for the dependency org.jetbrains.androidx.lifecycle:lifecycle-viewmodel-savedstate:2.9.6
00:03.124 DEBUG :portfolio-in-compose-multiplatform:resolveDependenciesWasmJs DependencyFileImpl        Downloaded https://repo1.maven.org/maven2/org/jetbrains/compose/annotation-internal/annotation/1.10.3/annotation-1.10.3.module.sha512 for the dependency org.jetbrains.compose.annotation-internal:annotation:1.10.3
00:03.125 DEBUG :portfolio-in-compose-multiplatform:resolveDependenciesWasmJs DependencyFileImpl        Not found URL: https://maven.google.com/org/jetbrains/kotlinx/atomicfu/0.23.2/atomicfu-0.23.2.pom.sha512
00:03.127 DEBUG :portfolio-in-compose-multiplatform:resolveDependenciesWasmJs DependencyFileImpl        Downloaded https://repo1.maven.org/maven2/org/jetbrains/compose/material/material-ripple/1.9.3/material-ripple-1.9.3.module.sha512 for the dependency org.jetbrains.compose.material:material-ripple:1.9.3
00:03.132 DEBUG :portfolio-in-compose-multiplatform:resolveDependenciesWasmJs DependencyFileImpl        Downloaded https://maven.google.com/androidx/collection/collection/1.5.0/collection-1.5.0.pom.sha512 for the dependency androidx.collection:collection:1.5.0
00:03.134 DEBUG :portfolio-in-compose-multiplatform:resolveDependenciesWasmJs DependencyFileImpl        Downloaded https://repo1.maven.org/maven2/org/jetbrains/androidx/lifecycle/lifecycle-common/2.9.6/lifecycle-common-2.9.6.module.sha512 for the dependency org.jetbrains.androidx.lifecycle:lifecycle-common:2.9.6
00:03.140 DEBUG :portfolio-in-compose-multiplatform:resolveDependenciesWasmJs DependencyFileImpl        Downloaded https://repo1.maven.org/maven2/org/jetbrains/compose/runtime/runtime-saveable/1.10.3/runtime-saveable-1.10.3.module.sha512 for the dependency org.jetbrains.compose.runtime:runtime-saveable:1.10.3
00:03.143 DEBUG :portfolio-in-compose-multiplatform:resolveDependenciesWasmJsTest DependencyFileImpl        Downloaded https://repo1.maven.org/maven2/org/jetbrains/kotlin/kotlin-test/2.3.21/kotlin-test-2.3.21.pom.sha1 for the dependency org.jetbrains.kotlin:kotlin-test:2.3.21
00:03.144 DEBUG :portfolio-in-compose-multiplatform:resolveDependenciesWasmJs DependencyFileImpl        Downloaded https://repo1.maven.org/maven2/org/jetbrains/androidx/lifecycle/lifecycle-runtime/2.9.6/lifecycle-runtime-2.9.6.module.sha512 for the dependency org.jetbrains.androidx.lifecycle:lifecycle-runtime:2.9.6
00:03.147 DEBUG :portfolio-in-compose-multiplatform:resolveDependenciesWasmJsTest DependencyFileImpl        Downloaded https://maven.google.com/androidx/graphics/graphics-shapes/1.1.0/graphics-shapes-1.1.0.pom.sha512 for the dependency androidx.graphics:graphics-shapes:1.1.0
00:03.148 DEBUG :portfolio-in-compose-multiplatform:resolveDependenciesWasmJsTest DependencyFileImpl        Downloaded https://repo1.maven.org/maven2/org/jetbrains/compose/foundation/foundation-layout/1.9.3/foundation-layout-1.9.3.module.sha512 for the dependency org.jetbrains.compose.foundation:foundation-layout:1.9.3
00:03.150 DEBUG :portfolio-in-compose-multiplatform:resolveDependenciesWasmJs DependencyFileImpl        Downloaded https://repo1.maven.org/maven2/org/jetbrains/compose/animation/animation-core/1.9.3/animation-core-1.9.3.module.sha512 for the dependency org.jetbrains.compose.animation:animation-core:1.9.3
00:03.159 DEBUG :portfolio-in-compose-multiplatform:resolveDependenciesWasmJs DependencyFileImpl        Downloaded https://repo1.maven.org/maven2/org/jetbrains/compose/collection-internal/collection/1.10.3/collection-1.10.3.module for the dependency org.jetbrains.compose.collection-internal:collection:1.10.3
00:03.163 DEBUG :portfolio-in-compose-multiplatform:resolveDependenciesWasmJs DependencyFileImpl        Downloaded https://repo1.maven.org/maven2/org/jetbrains/androidx/lifecycle/lifecycle-runtime-compose/2.9.6/lifecycle-runtime-compose-2.9.6.module for the dependency org.jetbrains.androidx.lifecycle:lifecycle-runtime-compose:2.9.6
00:03.167 DEBUG :portfolio-in-compose-multiplatform:resolveDependenciesWasmJs DependencyFileImpl        Downloaded https://repo1.maven.org/maven2/org/jetbrains/skiko/skiko/0.9.37.4/skiko-0.9.37.4.module for the dependency org.jetbrains.skiko:skiko:0.9.37.4
00:03.175 DEBUG :portfolio-in-compose-multiplatform:resolveDependenciesWasmJs DependencyFileImpl        Downloaded https://repo1.maven.org/maven2/org/jetbrains/skiko/skiko-js-wasm-runtime/0.9.37.4/skiko-js-wasm-runtime-0.9.37.4.pom for the dependency org.jetbrains.skiko:skiko-js-wasm-runtime:0.9.37.4
00:03.176 DEBUG :portfolio-in-compose-multiplatform:resolveDependenciesWasmJs DependencyFileImpl        Downloaded https://repo1.maven.org/maven2/org/jetbrains/kotlinx/kotlinx-coroutines-core/1.8.0/kotlinx-coroutines-core-1.8.0.module for the dependency org.jetbrains.kotlinx:kotlinx-coroutines-core:1.8.0
00:03.180 DEBUG :portfolio-in-compose-multiplatform:resolveDependenciesWasmJs DependencyFileImpl        Downloaded https://repo1.maven.org/maven2/org/jetbrains/compose/ui/ui-unit/1.10.3/ui-unit-1.10.3.module for the dependency org.jetbrains.compose.ui:ui-unit:1.10.3
00:03.182 DEBUG :portfolio-in-compose-multiplatform:resolveDependenciesWasmJs DependencyFileImpl        Not found URL: https://maven.google.com/org/jetbrains/kotlinx/kotlinx-datetime/0.7.1/kotlinx-datetime-0.7.1.pom.sha512
00:03.184 DEBUG :portfolio-in-compose-multiplatform:resolveDependenciesWasmJsTest DependencyFileImpl        Downloaded https://repo1.maven.org/maven2/org/jetbrains/kotlin/kotlin-test-annotations-common/2.3.21/kotlin-test-annotations-common-2.3.21.pom.sha1 for the dependency org.jetbrains.kotlin:kotlin-test-annotations-common:2.3.21
00:03.195 DEBUG :portfolio-in-compose-multiplatform:resolveDependenciesWasmJs DependencyFileImpl        Downloaded https://repo1.maven.org/maven2/org/jetbrains/androidx/lifecycle/lifecycle-viewmodel/2.9.6/lifecycle-viewmodel-2.9.6.module for the dependency org.jetbrains.androidx.lifecycle:lifecycle-viewmodel:2.9.6
00:03.203 DEBUG :portfolio-in-compose-multiplatform:resolveDependenciesWasmJs DependencyFileImpl        Downloaded https://repo1.maven.org/maven2/org/jetbrains/androidx/lifecycle/lifecycle-viewmodel-savedstate/2.9.6/lifecycle-viewmodel-savedstate-2.9.6.module for the dependency org.jetbrains.androidx.lifecycle:lifecycle-viewmodel-savedstate:2.9.6
00:03.206 DEBUG :portfolio-in-compose-multiplatform:resolveDependenciesWasmJs DependencyFileImpl        Downloaded https://maven.google.com/androidx/navigationevent/navigationevent/1.0.2/navigationevent-1.0.2.pom.sha512 for the dependency androidx.navigationevent:navigationevent:1.0.2
00:03.210 DEBUG :portfolio-in-compose-multiplatform:resolveDependenciesWasmJs DependencyFileImpl        Downloaded https://maven.google.com/androidx/annotation/annotation/1.9.1/annotation-1.9.1.pom.sha512 for the dependency androidx.annotation:annotation:1.9.1
00:03.210 DEBUG :portfolio-in-compose-multiplatform:resolveDependenciesWasmJs DependencyFileImpl        Downloaded https://repo1.maven.org/maven2/org/jetbrains/compose/annotation-internal/annotation/1.10.3/annotation-1.10.3.module for the dependency org.jetbrains.compose.annotation-internal:annotation:1.10.3
00:03.214 DEBUG :portfolio-in-compose-multiplatform:resolveDependenciesWasmJs DependencyFileImpl        Not found URL: https://repo1.maven.org/maven2/org/jetbrains/kotlin/kotlin-stdlib-wasm-js/2.2.20/kotlin-stdlib-wasm-js-2.2.20.pom.sha256
00:03.214 DEBUG :portfolio-in-compose-multiplatform:resolveDependenciesWasmJs DependencyFileImpl        Downloaded https://repo1.maven.org/maven2/org/jetbrains/compose/material/material-ripple/1.9.3/material-ripple-1.9.3.module for the dependency org.jetbrains.compose.material:material-ripple:1.9.3
00:03.220 DEBUG :portfolio-in-compose-multiplatform:resolveDependenciesWasmJs DependencyFileImpl        Downloaded https://maven.google.com/androidx/compose/runtime/runtime-retain/1.10.5/runtime-retain-1.10.5.pom.sha512 for the dependency androidx.compose.runtime:runtime-retain:1.10.5
00:03.223 DEBUG :portfolio-in-compose-multiplatform:resolveDependenciesWasmJs DependencyFileImpl        Downloaded https://repo1.maven.org/maven2/org/jetbrains/androidx/lifecycle/lifecycle-common/2.9.6/lifecycle-common-2.9.6.module for the dependency org.jetbrains.androidx.lifecycle:lifecycle-common:2.9.6
00:03.224 DEBUG :portfolio-in-compose-multiplatform:resolveDependenciesWasmJsTest DependencyFileImpl        Downloaded https://repo1.maven.org/maven2/org/jetbrains/kotlin/kotlin-test/2.3.21/kotlin-test-2.3.21.pom for the dependency org.jetbrains.kotlin:kotlin-test:2.3.21
00:03.226 DEBUG :portfolio-in-compose-multiplatform:resolveDependenciesWasmJs DependencyFileImpl        Downloaded https://repo1.maven.org/maven2/org/jetbrains/compose/runtime/runtime-saveable/1.10.3/runtime-saveable-1.10.3.module for the dependency org.jetbrains.compose.runtime:runtime-saveable:1.10.3
00:03.234 DEBUG :portfolio-in-compose-multiplatform:resolveDependenciesWasmJsTest DependencyFileImpl        Downloaded https://repo1.maven.org/maven2/org/jetbrains/compose/foundation/foundation-layout/1.9.3/foundation-layout-1.9.3.module for the dependency org.jetbrains.compose.foundation:foundation-layout:1.9.3
00:03.238 DEBUG :portfolio-in-compose-multiplatform:resolveDependenciesWasmJs DependencyFileImpl        Downloaded https://repo1.maven.org/maven2/org/jetbrains/androidx/lifecycle/lifecycle-runtime/2.9.6/lifecycle-runtime-2.9.6.module for the dependency org.jetbrains.androidx.lifecycle:lifecycle-runtime:2.9.6
00:03.244 DEBUG :portfolio-in-compose-multiplatform:resolveDependenciesWasmJs DependencyFileImpl        Downloaded https://repo1.maven.org/maven2/org/jetbrains/compose/animation/animation-core/1.9.3/animation-core-1.9.3.module for the dependency org.jetbrains.compose.animation:animation-core:1.9.3
00:03.249 DEBUG :portfolio-in-compose-multiplatform:resolveDependenciesWasmJsTest DependencyFileImpl        Downloaded https://repo1.maven.org/maven2/org/jetbrains/kotlin/kotlin-test-annotations-common/2.3.21/kotlin-test-annotations-common-2.3.21.pom for the dependency org.jetbrains.kotlin:kotlin-test-annotations-common:2.3.21
00:03.249 DEBUG :portfolio-in-compose-multiplatform:resolveDependenciesWasmJs DependencyFileImpl        Downloaded https://maven.google.com/androidx/collection/collection/1.5.0/collection-1.5.0.pom for the dependency androidx.collection:collection:1.5.0
00:03.249 DEBUG :portfolio-in-compose-multiplatform:resolveDependenciesWasmJs DependencyFileImpl        Downloaded https://repo1.maven.org/maven2/org/jetbrains/compose/collection-internal/collection-wasm-js/1.10.3/collection-wasm-js-1.10.3.pom.sha512 for the dependency org.jetbrains.compose.collection-internal:collection-wasm-js:1.10.3
00:03.250 DEBUG :portfolio-in-compose-multiplatform:resolveDependenciesWasmJs DependencyFileImpl        Downloaded https://repo1.maven.org/maven2/org/jetbrains/androidx/lifecycle/lifecycle-runtime-compose-wasm-js/2.9.6/lifecycle-runtime-compose-wasm-js-2.9.6.pom.sha512 for the dependency org.jetbrains.androidx.lifecycle:lifecycle-runtime-compose-wasm-js:2.9.6
00:03.255 DEBUG :portfolio-in-compose-multiplatform:resolveDependenciesWasmJs DependencyFileImpl        Downloaded https://repo1.maven.org/maven2/org/jetbrains/compose/ui/ui-unit-wasm-js/1.10.3/ui-unit-wasm-js-1.10.3.pom.sha512 for the dependency org.jetbrains.compose.ui:ui-unit-wasm-js:1.10.3
00:03.260 DEBUG :portfolio-in-compose-multiplatform:resolveDependenciesWasmJs DependencyFileImpl        Downloaded https://repo1.maven.org/maven2/org/jetbrains/kotlinx/kotlinx-coroutines-core-wasm-js/1.8.0/kotlinx-coroutines-core-wasm-js-1.8.0.pom.sha512 for the dependency org.jetbrains.kotlinx:kotlinx-coroutines-core-wasm-js:1.8.0
00:03.270 DEBUG :portfolio-in-compose-multiplatform:resolveDependenciesWasmJs DependencyFileImpl        Downloaded https://repo1.maven.org/maven2/org/jetbrains/androidx/lifecycle/lifecycle-viewmodel-wasm-js/2.9.6/lifecycle-viewmodel-wasm-js-2.9.6.pom.sha512 for the dependency org.jetbrains.androidx.lifecycle:lifecycle-viewmodel-wasm-js:2.9.6
00:03.273 DEBUG :portfolio-in-compose-multiplatform:resolveDependenciesWasmJs DependencyFileImpl        Downloaded https://repo1.maven.org/maven2/org/jetbrains/androidx/lifecycle/lifecycle-viewmodel-savedstate-wasm-js/2.9.6/lifecycle-viewmodel-savedstate-wasm-js-2.9.6.pom.sha512 for the dependency org.jetbrains.androidx.lifecycle:lifecycle-viewmodel-savedstate-wasm-js:2.9.6
00:03.275 DEBUG :portfolio-in-compose-multiplatform:resolveDependenciesWasmJs DependencyFileImpl        Downloaded https://repo1.maven.org/maven2/org/jetbrains/compose/material/material-ripple-wasm-js/1.9.3/material-ripple-wasm-js-1.9.3.pom.sha512 for the dependency org.jetbrains.compose.material:material-ripple-wasm-js:1.9.3
00:03.277 DEBUG :portfolio-in-compose-multiplatform:resolveDependenciesWasmJs DependencyFileImpl        Not found URL: https://repo1.maven.org/maven2/org/jetbrains/kotlinx/atomicfu/0.23.2/atomicfu-0.23.2.pom.sha256
00:03.290 DEBUG :portfolio-in-compose-multiplatform:resolveDependenciesWasmJs DependencyFileImpl        Downloaded https://repo1.maven.org/maven2/org/jetbrains/compose/annotation-internal/annotation-wasm-js/1.10.3/annotation-wasm-js-1.10.3.pom.sha512 for the dependency org.jetbrains.compose.annotation-internal:annotation-wasm-js:1.10.3
00:03.299 DEBUG :portfolio-in-compose-multiplatform:resolveDependenciesWasmJs DependencyFileImpl        Downloaded https://repo1.maven.org/maven2/org/jetbrains/compose/collection-internal/collection-wasm-js/1.10.3/collection-wasm-js-1.10.3.pom for the dependency org.jetbrains.compose.collection-internal:collection-wasm-js:1.10.3
00:03.300 DEBUG :portfolio-in-compose-multiplatform:resolveDependenciesWasmJs DependencyFileImpl        Downloaded https://maven.google.com/androidx/navigationevent/navigationevent/1.0.2/navigationevent-1.0.2.pom for the dependency androidx.navigationevent:navigationevent:1.0.2
00:03.301 DEBUG :portfolio-in-compose-multiplatform:resolveDependenciesWasmJs DependencyFileImpl        Not found URL: https://repo1.maven.org/maven2/org/jetbrains/kotlinx/kotlinx-datetime/0.7.1/kotlinx-datetime-0.7.1.pom.sha256
00:03.304 DEBUG :portfolio-in-compose-multiplatform:resolveDependenciesWasmJs DependencyFileImpl        Downloaded https://repo1.maven.org/maven2/org/jetbrains/androidx/lifecycle/lifecycle-common-wasm-js/2.9.6/lifecycle-common-wasm-js-2.9.6.pom.sha512 for the dependency org.jetbrains.androidx.lifecycle:lifecycle-common-wasm-js:2.9.6
00:03.306 DEBUG :portfolio-in-compose-multiplatform:resolveDependenciesWasmJs DependencyFileImpl        Downloaded https://repo1.maven.org/maven2/org/jetbrains/androidx/lifecycle/lifecycle-runtime-compose-wasm-js/2.9.6/lifecycle-runtime-compose-wasm-js-2.9.6.pom for the dependency org.jetbrains.androidx.lifecycle:lifecycle-runtime-compose-wasm-js:2.9.6
00:03.309 DEBUG :portfolio-in-compose-multiplatform:resolveDependenciesWasmJsTest DependencyFileImpl        Downloaded https://maven.google.com/androidx/graphics/graphics-shapes/1.1.0/graphics-shapes-1.1.0.pom for the dependency androidx.graphics:graphics-shapes:1.1.0
00:03.316 DEBUG :portfolio-in-compose-multiplatform:resolveDependenciesWasmJs DependencyFileImpl        Downloaded https://repo1.maven.org/maven2/org/jetbrains/compose/ui/ui-unit-wasm-js/1.10.3/ui-unit-wasm-js-1.10.3.pom for the dependency org.jetbrains.compose.ui:ui-unit-wasm-js:1.10.3
00:03.317 DEBUG :portfolio-in-compose-multiplatform:resolveDependenciesWasmJs DependencyFileImpl        Downloaded https://repo1.maven.org/maven2/org/jetbrains/compose/runtime/runtime-saveable-wasm-js/1.10.3/runtime-saveable-wasm-js-1.10.3.pom.sha512 for the dependency org.jetbrains.compose.runtime:runtime-saveable-wasm-js:1.10.3
00:03.319 DEBUG :portfolio-in-compose-multiplatform:resolveDependenciesWasmJs DependencyFileImpl        Downloaded https://maven.google.com/androidx/annotation/annotation/1.9.1/annotation-1.9.1.pom for the dependency androidx.annotation:annotation:1.9.1
00:03.324 DEBUG :portfolio-in-compose-multiplatform:resolveDependenciesWasmJs DependencyFileImpl        Downloaded https://repo1.maven.org/maven2/org/jetbrains/androidx/lifecycle/lifecycle-runtime-wasm-js/2.9.6/lifecycle-runtime-wasm-js-2.9.6.pom.sha512 for the dependency org.jetbrains.androidx.lifecycle:lifecycle-runtime-wasm-js:2.9.6
00:03.327 DEBUG :portfolio-in-compose-multiplatform:resolveDependenciesWasmJs DependencyFileImpl        Downloaded https://repo1.maven.org/maven2/org/jetbrains/compose/animation/animation-core-wasm-js/1.9.3/animation-core-wasm-js-1.9.3.pom.sha512 for the dependency org.jetbrains.compose.animation:animation-core-wasm-js:1.9.3
00:03.332 DEBUG :portfolio-in-compose-multiplatform:resolveDependenciesWasmJs DependencyFileImpl        Downloaded https://repo1.maven.org/maven2/org/jetbrains/kotlinx/kotlinx-coroutines-core-wasm-js/1.8.0/kotlinx-coroutines-core-wasm-js-1.8.0.pom for the dependency org.jetbrains.kotlinx:kotlinx-coroutines-core-wasm-js:1.8.0
00:03.336 DEBUG :portfolio-in-compose-multiplatform:resolveDependenciesWasmJs DependencyFileImpl        Downloaded https://repo1.maven.org/maven2/org/jetbrains/androidx/lifecycle/lifecycle-viewmodel-wasm-js/2.9.6/lifecycle-viewmodel-wasm-js-2.9.6.pom for the dependency org.jetbrains.androidx.lifecycle:lifecycle-viewmodel-wasm-js:2.9.6
00:03.341 DEBUG :portfolio-in-compose-multiplatform:resolveDependenciesWasmJsTest DependencyFileImpl        Downloaded https://repo1.maven.org/maven2/org/jetbrains/compose/foundation/foundation-layout-wasm-js/1.9.3/foundation-layout-wasm-js-1.9.3.pom.sha512 for the dependency org.jetbrains.compose.foundation:foundation-layout-wasm-js:1.9.3
00:03.343 DEBUG :portfolio-in-compose-multiplatform:resolveDependenciesWasmJs DependencyFileImpl        Downloaded https://repo1.maven.org/maven2/org/jetbrains/compose/material/material-ripple-wasm-js/1.9.3/material-ripple-wasm-js-1.9.3.pom for the dependency org.jetbrains.compose.material:material-ripple-wasm-js:1.9.3
00:03.347 DEBUG :portfolio-in-compose-multiplatform:resolveDependenciesWasmJs DependencyFileImpl        Downloaded https://repo1.maven.org/maven2/org/jetbrains/androidx/lifecycle/lifecycle-viewmodel-savedstate-wasm-js/2.9.6/lifecycle-viewmodel-savedstate-wasm-js-2.9.6.pom for the dependency org.jetbrains.androidx.lifecycle:lifecycle-viewmodel-savedstate-wasm-js:2.9.6
00:03.352 DEBUG :portfolio-in-compose-multiplatform:resolveDependenciesWasmJs DependencyFileImpl        Downloaded https://repo1.maven.org/maven2/org/jetbrains/compose/annotation-internal/annotation-wasm-js/1.10.3/annotation-wasm-js-1.10.3.pom for the dependency org.jetbrains.compose.annotation-internal:annotation-wasm-js:1.10.3
00:03.360 DEBUG :portfolio-in-compose-multiplatform:resolveDependenciesWasmJsTest DependencyFileImpl        Not found URL: https://repo1.maven.org/maven2/org/jetbrains/kotlin/kotlin-test/2.3.21/kotlin-test-2.3.21.module.sha512
00:03.363 DEBUG :portfolio-in-compose-multiplatform:resolveDependenciesWasmJs DependencyFileImpl        Downloaded https://repo1.maven.org/maven2/org/jetbrains/androidx/lifecycle/lifecycle-common-wasm-js/2.9.6/lifecycle-common-wasm-js-2.9.6.pom for the dependency org.jetbrains.androidx.lifecycle:lifecycle-common-wasm-js:2.9.6
00:03.366 DEBUG :portfolio-in-compose-multiplatform:resolveDependenciesWasmJs DependencyFileImpl        Downloaded https://repo1.maven.org/maven2/org/jetbrains/compose/collection-internal/collection-wasm-js/1.10.3/collection-wasm-js-1.10.3.module.sha512 for the dependency org.jetbrains.compose.collection-internal:collection-wasm-js:1.10.3
00:03.370 DEBUG :portfolio-in-compose-multiplatform:resolveDependenciesWasmJs DependencyFileImpl        Not found URL: https://maven.google.com/org/jetbrains/kotlin/kotlin-stdlib-wasm-js/2.2.20/kotlin-stdlib-wasm-js-2.2.20.pom.sha256
00:03.375 DEBUG :portfolio-in-compose-multiplatform:resolveDependenciesWasmJs DependencyFileImpl        Downloaded https://maven.google.com/androidx/compose/runtime/runtime-retain/1.10.5/runtime-retain-1.10.5.pom for the dependency androidx.compose.runtime:runtime-retain:1.10.5
00:03.378 DEBUG :portfolio-in-compose-multiplatform:resolveDependenciesWasmJs DependencyFileImpl        Downloaded https://repo1.maven.org/maven2/org/jetbrains/androidx/lifecycle/lifecycle-runtime-compose-wasm-js/2.9.6/lifecycle-runtime-compose-wasm-js-2.9.6.module.sha512 for the dependency org.jetbrains.androidx.lifecycle:lifecycle-runtime-compose-wasm-js:2.9.6
00:03.380 DEBUG :portfolio-in-compose-multiplatform:resolveDependenciesWasmJs DependencyFileImpl        Downloaded https://repo1.maven.org/maven2/org/jetbrains/compose/ui/ui-geometry/1.10.3/ui-geometry-1.10.3.pom.sha512 for the dependency org.jetbrains.compose.ui:ui-geometry:1.10.3
00:03.385 DEBUG :portfolio-in-compose-multiplatform:resolveDependenciesWasmJs DependencyFileImpl        Downloaded https://repo1.maven.org/maven2/org/jetbrains/compose/runtime/runtime-saveable-wasm-js/1.10.3/runtime-saveable-wasm-js-1.10.3.pom for the dependency org.jetbrains.compose.runtime:runtime-saveable-wasm-js:1.10.3
00:03.394 DEBUG :portfolio-in-compose-multiplatform:resolveDependenciesWasmJs DependencyFileImpl        Downloaded https://repo1.maven.org/maven2/org/jetbrains/compose/ui/ui-unit-wasm-js/1.10.3/ui-unit-wasm-js-1.10.3.module.sha512 for the dependency org.jetbrains.compose.ui:ui-unit-wasm-js:1.10.3
00:03.397 DEBUG :portfolio-in-compose-multiplatform:resolveDependenciesWasmJs DependencyFileImpl        Downloaded https://repo1.maven.org/maven2/org/jetbrains/androidx/lifecycle/lifecycle-runtime-wasm-js/2.9.6/lifecycle-runtime-wasm-js-2.9.6.pom for the dependency org.jetbrains.androidx.lifecycle:lifecycle-runtime-wasm-js:2.9.6
00:03.400 DEBUG :portfolio-in-compose-multiplatform:resolveDependenciesWasmJs DependencyFileImpl        Downloaded https://repo1.maven.org/maven2/org/jetbrains/compose/animation/animation-core-wasm-js/1.9.3/animation-core-wasm-js-1.9.3.pom for the dependency org.jetbrains.compose.animation:animation-core-wasm-js:1.9.3
00:03.405 DEBUG :portfolio-in-compose-multiplatform:resolveDependenciesWasmJsTest DependencyFileImpl        Not found URL: https://repo1.maven.org/maven2/org/jetbrains/kotlin/kotlin-test-annotations-common/2.3.21/kotlin-test-annotations-common-2.3.21.module.sha512
00:03.408 DEBUG :portfolio-in-compose-multiplatform:resolveDependenciesWasmJs DependencyFileImpl        Downloaded https://repo1.maven.org/maven2/org/jetbrains/kotlinx/kotlinx-coroutines-core-wasm-js/1.8.0/kotlinx-coroutines-core-wasm-js-1.8.0.module.sha512 for the dependency org.jetbrains.kotlinx:kotlinx-coroutines-core-wasm-js:1.8.0
00:03.413 DEBUG :portfolio-in-compose-multiplatform:resolveDependenciesWasmJs DependencyFileImpl        Not found URL: https://maven.google.com/org/jetbrains/kotlinx/atomicfu/0.23.2/atomicfu-0.23.2.pom.sha256
00:03.416 DEBUG :portfolio-in-compose-multiplatform:resolveDependenciesWasmJs DependencyFileImpl        Downloaded https://repo1.maven.org/maven2/org/jetbrains/androidx/lifecycle/lifecycle-viewmodel-wasm-js/2.9.6/lifecycle-viewmodel-wasm-js-2.9.6.module.sha512 for the dependency org.jetbrains.androidx.lifecycle:lifecycle-viewmodel-wasm-js:2.9.6
00:03.418 DEBUG :portfolio-in-compose-multiplatform:resolveDependenciesWasmJsTest DependencyFileImpl        Downloaded https://repo1.maven.org/maven2/org/jetbrains/compose/material/material-ripple-wasm-js/1.9.3/material-ripple-wasm-js-1.9.3.module.sha512 for the dependency org.jetbrains.compose.material:material-ripple-wasm-js:1.9.3
00:03.421 DEBUG :portfolio-in-compose-multiplatform:resolveDependenciesWasmJs DependencyFileImpl        Downloaded https://repo1.maven.org/maven2/org/jetbrains/androidx/lifecycle/lifecycle-viewmodel-savedstate-wasm-js/2.9.6/lifecycle-viewmodel-savedstate-wasm-js-2.9.6.module.sha512 for the dependency org.jetbrains.androidx.lifecycle:lifecycle-viewmodel-savedstate-wasm-js:2.9.6
00:03.427 DEBUG :portfolio-in-compose-multiplatform:resolveDependenciesWasmJs DependencyFileImpl        Downloaded https://repo1.maven.org/maven2/org/jetbrains/compose/annotation-internal/annotation-wasm-js/1.10.3/annotation-wasm-js-1.10.3.module.sha512 for the dependency org.jetbrains.compose.annotation-internal:annotation-wasm-js:1.10.3
00:03.432 DEBUG :portfolio-in-compose-multiplatform:resolveDependenciesWasmJs DependencyFileImpl        Downloaded https://repo1.maven.org/maven2/org/jetbrains/compose/collection-internal/collection-wasm-js/1.10.3/collection-wasm-js-1.10.3.module for the dependency org.jetbrains.compose.collection-internal:collection-wasm-js:1.10.3
00:03.435 DEBUG :portfolio-in-compose-multiplatform:resolveDependenciesWasmJs DependencyFileImpl        Downloaded https://maven.google.com/androidx/collection/collection/1.5.0/collection-1.5.0.module.sha512 for the dependency androidx.collection:collection:1.5.0
00:03.439 DEBUG :portfolio-in-compose-multiplatform:resolveDependenciesWasmJs DependencyFileImpl        Downloaded https://repo1.maven.org/maven2/org/jetbrains/androidx/lifecycle/lifecycle-common-wasm-js/2.9.6/lifecycle-common-wasm-js-2.9.6.module.sha512 for the dependency org.jetbrains.androidx.lifecycle:lifecycle-common-wasm-js:2.9.6
00:03.440 DEBUG :portfolio-in-compose-multiplatform:resolveDependenciesWasmJsTest DependencyFileImpl        Downloaded https://repo1.maven.org/maven2/org/jetbrains/compose/foundation/foundation-layout-wasm-js/1.9.3/foundation-layout-wasm-js-1.9.3.pom for the dependency org.jetbrains.compose.foundation:foundation-layout-wasm-js:1.9.3
00:03.444 DEBUG :portfolio-in-compose-multiplatform:resolveDependenciesWasmJs DependencyFileImpl        Not found URL: https://maven.google.com/org/jetbrains/kotlinx/kotlinx-datetime/0.7.1/kotlinx-datetime-0.7.1.pom.sha256
00:03.446 DEBUG :portfolio-in-compose-multiplatform:resolveDependenciesWasmJs DependencyFileImpl        Downloaded https://repo1.maven.org/maven2/org/jetbrains/kotlin/kotlin-stdlib-wasm-js/2.2.20/kotlin-stdlib-wasm-js-2.2.20.pom.sha1 for the dependency org.jetbrains.kotlin:kotlin-stdlib-wasm-js:2.2.20
00:03.452 DEBUG :portfolio-in-compose-multiplatform:resolveDependenciesWasmJsTest DependencyFileImpl        Downloaded https://maven.google.com/androidx/graphics/graphics-shapes/1.1.0/graphics-shapes-1.1.0.module.sha512 for the dependency androidx.graphics:graphics-shapes:1.1.0
00:03.455 DEBUG :portfolio-in-compose-multiplatform:resolveDependenciesWasmJs DependencyFileImpl        Downloaded https://repo1.maven.org/maven2/org/jetbrains/androidx/lifecycle/lifecycle-runtime-compose-wasm-js/2.9.6/lifecycle-runtime-compose-wasm-js-2.9.6.module for the dependency org.jetbrains.androidx.lifecycle:lifecycle-runtime-compose-wasm-js:2.9.6
00:03.456 DEBUG :portfolio-in-compose-multiplatform:resolveDependenciesWasmJs DependencyFileImpl        Downloaded https://repo1.maven.org/maven2/org/jetbrains/compose/ui/ui-geometry/1.10.3/ui-geometry-1.10.3.pom for the dependency org.jetbrains.compose.ui:ui-geometry:1.10.3
00:03.461 DEBUG :portfolio-in-compose-multiplatform:resolveDependenciesWasmJs DependencyFileImpl        Downloaded https://repo1.maven.org/maven2/org/jetbrains/compose/ui/ui-unit-wasm-js/1.10.3/ui-unit-wasm-js-1.10.3.module for the dependency org.jetbrains.compose.ui:ui-unit-wasm-js:1.10.3
00:03.462 DEBUG :portfolio-in-compose-multiplatform:resolveDependenciesWasmJs DependencyFileImpl        Downloaded https://repo1.maven.org/maven2/org/jetbrains/compose/runtime/runtime-saveable-wasm-js/1.10.3/runtime-saveable-wasm-js-1.10.3.module.sha512 for the dependency org.jetbrains.compose.runtime:runtime-saveable-wasm-js:1.10.3
00:03.464 DEBUG :portfolio-in-compose-multiplatform:resolveDependenciesWasmJs DependencyFileImpl        Downloaded https://repo1.maven.org/maven2/org/jetbrains/androidx/lifecycle/lifecycle-runtime-wasm-js/2.9.6/lifecycle-runtime-wasm-js-2.9.6.module.sha512 for the dependency org.jetbrains.androidx.lifecycle:lifecycle-runtime-wasm-js:2.9.6
00:03.467 DEBUG :portfolio-in-compose-multiplatform:resolveDependenciesWasmJs DependencyFileImpl        Downloaded https://maven.google.com/androidx/navigationevent/navigationevent/1.0.2/navigationevent-1.0.2.module.sha512 for the dependency androidx.navigationevent:navigationevent:1.0.2
00:03.469 DEBUG :portfolio-in-compose-multiplatform:resolveDependenciesWasmJs DependencyFileImpl        Downloaded https://repo1.maven.org/maven2/org/jetbrains/compose/animation/animation-core-wasm-js/1.9.3/animation-core-wasm-js-1.9.3.module.sha512 for the dependency org.jetbrains.compose.animation:animation-core-wasm-js:1.9.3
00:03.477 DEBUG :portfolio-in-compose-multiplatform:resolveDependenciesWasmJs DependencyFileImpl        Downloaded https://repo1.maven.org/maven2/org/jetbrains/kotlinx/kotlinx-coroutines-core-wasm-js/1.8.0/kotlinx-coroutines-core-wasm-js-1.8.0.module for the dependency org.jetbrains.kotlinx:kotlinx-coroutines-core-wasm-js:1.8.0
00:03.477 DEBUG :portfolio-in-compose-multiplatform:resolveDependenciesWasmJs DependencyFileImpl        Downloaded https://repo1.maven.org/maven2/org/jetbrains/androidx/lifecycle/lifecycle-viewmodel-wasm-js/2.9.6/lifecycle-viewmodel-wasm-js-2.9.6.module for the dependency org.jetbrains.androidx.lifecycle:lifecycle-viewmodel-wasm-js:2.9.6
00:03.478 DEBUG :portfolio-in-compose-multiplatform:resolveDependenciesWasmJs DependencyFileImpl        Downloaded https://maven.google.com/androidx/annotation/annotation/1.9.1/annotation-1.9.1.module.sha512 for the dependency androidx.annotation:annotation:1.9.1
00:03.480 DEBUG :portfolio-in-compose-multiplatform:resolveDependenciesWasmJsTest DependencyFileImpl        Downloaded https://repo1.maven.org/maven2/org/jetbrains/compose/material/material-ripple-wasm-js/1.9.3/material-ripple-wasm-js-1.9.3.module for the dependency org.jetbrains.compose.material:material-ripple-wasm-js:1.9.3
00:03.484 DEBUG :portfolio-in-compose-multiplatform:resolveDependenciesWasmJs DependencyFileImpl        Downloaded https://repo1.maven.org/maven2/org/jetbrains/androidx/lifecycle/lifecycle-viewmodel-savedstate-wasm-js/2.9.6/lifecycle-viewmodel-savedstate-wasm-js-2.9.6.module for the dependency org.jetbrains.androidx.lifecycle:lifecycle-viewmodel-savedstate-wasm-js:2.9.6
00:03.495 DEBUG :portfolio-in-compose-multiplatform:resolveDependenciesWasmJs DependencyFileImpl        Downloaded https://repo1.maven.org/maven2/org/jetbrains/kotlinx/kotlinx-datetime/0.7.1/kotlinx-datetime-0.7.1.pom.sha1 for the dependency org.jetbrains.kotlinx:kotlinx-datetime:0.7.1
00:03.497 DEBUG :portfolio-in-compose-multiplatform:resolveDependenciesWasmJs DependencyFileImpl        Downloaded https://repo1.maven.org/maven2/org/jetbrains/compose/annotation-internal/annotation-wasm-js/1.10.3/annotation-wasm-js-1.10.3.module for the dependency org.jetbrains.compose.annotation-internal:annotation-wasm-js:1.10.3
00:03.498 DEBUG :portfolio-in-compose-multiplatform:resolveDependenciesWasmJs DependencyFileImpl        Downloaded https://repo1.maven.org/maven2/org/jetbrains/androidx/lifecycle/lifecycle-common-wasm-js/2.9.6/lifecycle-common-wasm-js-2.9.6.module for the dependency org.jetbrains.androidx.lifecycle:lifecycle-common-wasm-js:2.9.6
00:03.501 DEBUG :portfolio-in-compose-multiplatform:resolveDependenciesWasmJs DependencyFileImpl        Downloaded https://repo1.maven.org/maven2/org/jetbrains/kotlin/kotlin-stdlib-wasm-js/2.2.20/kotlin-stdlib-wasm-js-2.2.20.pom for the dependency org.jetbrains.kotlin:kotlin-stdlib-wasm-js:2.2.20
00:03.504 DEBUG :portfolio-in-compose-multiplatform:resolveDependenciesWasmJsTest DependencyFileImpl        Not found URL: https://maven.google.com/org/jetbrains/kotlin/kotlin-test/2.3.21/kotlin-test-2.3.21.module.sha512
00:03.509 DEBUG :portfolio-in-compose-multiplatform:resolveDependenciesWasmJs DependencyFileImpl        Downloaded https://repo1.maven.org/maven2/org/jetbrains/androidx/lifecycle/lifecycle-runtime-wasm-js/2.9.6/lifecycle-runtime-wasm-js-2.9.6.module for the dependency org.jetbrains.androidx.lifecycle:lifecycle-runtime-wasm-js:2.9.6
00:03.512 DEBUG :portfolio-in-compose-multiplatform:resolveDependenciesWasmJs DependencyFileImpl        Downloaded https://repo1.maven.org/maven2/org/jetbrains/compose/runtime/runtime-saveable-wasm-js/1.10.3/runtime-saveable-wasm-js-1.10.3.module for the dependency org.jetbrains.compose.runtime:runtime-saveable-wasm-js:1.10.3
00:03.521 DEBUG :portfolio-in-compose-multiplatform:resolveDependenciesWasmJs DependencyFileImpl        Downloaded https://maven.google.com/androidx/compose/runtime/runtime-retain/1.10.5/runtime-retain-1.10.5.module.sha512 for the dependency androidx.compose.runtime:runtime-retain:1.10.5
00:03.521 DEBUG :portfolio-in-compose-multiplatform:resolveDependenciesWasmJs DependencyFileImpl        Downloaded https://repo1.maven.org/maven2/org/jetbrains/compose/animation/animation-core-wasm-js/1.9.3/animation-core-wasm-js-1.9.3.module for the dependency org.jetbrains.compose.animation:animation-core-wasm-js:1.9.3
00:03.523 DEBUG :portfolio-in-compose-multiplatform:resolveDependenciesWasmJsTest DependencyFileImpl        Downloaded https://repo1.maven.org/maven2/org/jetbrains/compose/foundation/foundation-layout-wasm-js/1.9.3/foundation-layout-wasm-js-1.9.3.module.sha512 for the dependency org.jetbrains.compose.foundation:foundation-layout-wasm-js:1.9.3
00:03.546 DEBUG :portfolio-in-compose-multiplatform:resolveDependenciesWasmJs DependencyFileImpl        Downloaded https://maven.google.com/androidx/collection/collection/1.5.0/collection-1.5.0.module for the dependency androidx.collection:collection:1.5.0
00:03.548 DEBUG :portfolio-in-compose-multiplatform:resolveDependenciesWasmJsTest DependencyFileImpl        Not found URL: https://maven.google.com/org/jetbrains/kotlin/kotlin-test-annotations-common/2.3.21/kotlin-test-annotations-common-2.3.21.module.sha512
00:03.552 DEBUG :portfolio-in-compose-multiplatform:resolveDependenciesWasmJsTest DependencyFileImpl        Downloaded https://maven.google.com/androidx/graphics/graphics-shapes/1.1.0/graphics-shapes-1.1.0.module for the dependency androidx.graphics:graphics-shapes:1.1.0
00:03.554 DEBUG :portfolio-in-compose-multiplatform:resolveDependenciesWasmJs DependencyFileImpl        Downloaded https://repo1.maven.org/maven2/org/jetbrains/kotlinx/kotlinx-datetime/0.7.1/kotlinx-datetime-0.7.1.pom for the dependency org.jetbrains.kotlinx:kotlinx-datetime:0.7.1
00:03.579 DEBUG :portfolio-in-compose-multiplatform:resolveDependenciesWasmJs DependencyFileImpl        Downloaded https://maven.google.com/androidx/annotation/annotation/1.9.1/annotation-1.9.1.module for the dependency androidx.annotation:annotation:1.9.1
00:03.590 DEBUG :portfolio-in-compose-multiplatform:resolveDependenciesWasmJsTest DependencyFileImpl        Downloaded https://repo1.maven.org/maven2/org/jetbrains/compose/foundation/foundation-layout-wasm-js/1.9.3/foundation-layout-wasm-js-1.9.3.module for the dependency org.jetbrains.compose.foundation:foundation-layout-wasm-js:1.9.3
00:03.594 DEBUG :portfolio-in-compose-multiplatform:resolveDependenciesWasmJsTest DependencyFileImpl        Not found URL: https://repo1.maven.org/maven2/org/jetbrains/kotlin/kotlin-stdlib-wasm-js/2.2.20/kotlin-stdlib-wasm-js-2.2.20.module.sha512
00:03.606 DEBUG :portfolio-in-compose-multiplatform:resolveDependenciesWasmJs DependencyFileImpl        Not found URL: https://repo1.maven.org/maven2/androidx/graphics/graphics-shapes-wasm-js/1.1.0/graphics-shapes-wasm-js-1.1.0.pom.sha512
00:03.607 DEBUG :portfolio-in-compose-multiplatform:resolveDependenciesWasmJs DependencyFileImpl        Not found URL: https://repo1.maven.org/maven2/androidx/collection/collection-wasm-js/1.5.0/collection-wasm-js-1.5.0.pom.sha512
00:03.617 DEBUG :portfolio-in-compose-multiplatform:resolveDependenciesWasmJs DependencyFileImpl        Not found URL: https://repo1.maven.org/maven2/org/jetbrains/kotlinx/atomicfu-wasm-js/0.23.1/atomicfu-wasm-js-0.23.1.pom.sha512
00:03.624 DEBUG :portfolio-in-compose-multiplatform:resolveDependenciesWasmJsTest DependencyFileImpl        Not found URL: https://repo1.maven.org/maven2/androidx/annotation/annotation-wasm-js/1.9.1/annotation-wasm-js-1.9.1.pom.sha512
00:03.633 DEBUG :portfolio-in-compose-multiplatform:resolveDependenciesWasmJsTest DependencyFileImpl        Not found URL: https://repo1.maven.org/maven2/org/jetbrains/kotlin/kotlin-test/2.3.21/kotlin-test-2.3.21.module.sha256
00:03.642 DEBUG :portfolio-in-compose-multiplatform:resolveDependenciesWasmJsTest DependencyFileImpl        Not found URL: https://repo1.maven.org/maven2/org/jetbrains/kotlin/kotlin-test-annotations-common/2.3.21/kotlin-test-annotations-common-2.3.21.module.sha256
00:03.655 DEBUG :portfolio-in-compose-multiplatform:resolveDependenciesWasmJs DependencyFileImpl        Not found URL: https://repo1.maven.org/maven2/org/jetbrains/kotlinx/kotlinx-datetime/0.7.1/kotlinx-datetime-0.7.1.module.sha512
00:03.731 DEBUG :portfolio-in-compose-multiplatform:resolveDependenciesWasmJsTest DependencyFileImpl        Not found URL: https://maven.google.com/org/jetbrains/kotlin/kotlin-stdlib-wasm-js/2.2.20/kotlin-stdlib-wasm-js-2.2.20.module.sha512
00:03.746 DEBUG :portfolio-in-compose-multiplatform:resolveDependenciesWasmJs DependencyFileImpl        Downloaded https://maven.google.com/androidx/graphics/graphics-shapes-wasm-js/1.1.0/graphics-shapes-wasm-js-1.1.0.pom.sha512 for the dependency androidx.graphics:graphics-shapes-wasm-js:1.1.0
00:03.748 DEBUG :portfolio-in-compose-multiplatform:resolveDependenciesWasmJs DependencyFileImpl        Not found URL: https://maven.google.com/org/jetbrains/kotlinx/atomicfu-wasm-js/0.23.1/atomicfu-wasm-js-0.23.1.pom.sha512
00:03.752 DEBUG :portfolio-in-compose-multiplatform:resolveDependenciesWasmJs DependencyFileImpl        Downloaded https://maven.google.com/androidx/collection/collection-wasm-js/1.5.0/collection-wasm-js-1.5.0.pom.sha512 for the dependency androidx.collection:collection-wasm-js:1.5.0
00:03.757 DEBUG :portfolio-in-compose-multiplatform:resolveDependenciesWasmJsTest DependencyFileImpl        Not found URL: https://maven.google.com/org/jetbrains/kotlin/kotlin-test/2.3.21/kotlin-test-2.3.21.module.sha256
00:03.764 DEBUG :portfolio-in-compose-multiplatform:resolveDependenciesWasmJsTest DependencyFileImpl        Downloaded https://maven.google.com/androidx/annotation/annotation-wasm-js/1.9.1/annotation-wasm-js-1.9.1.pom.sha512 for the dependency androidx.annotation:annotation-wasm-js:1.9.1
00:03.769 DEBUG :portfolio-in-compose-multiplatform:resolveDependenciesWasmJsTest DependencyFileImpl        Not found URL: https://maven.google.com/org/jetbrains/kotlin/kotlin-test-annotations-common/2.3.21/kotlin-test-annotations-common-2.3.21.module.sha256
00:03.770 DEBUG :portfolio-in-compose-multiplatform:resolveDependenciesWasmJsTest DependencyFileImpl        Not found URL: https://repo1.maven.org/maven2/org/jetbrains/kotlin/kotlin-stdlib-wasm-js/2.2.20/kotlin-stdlib-wasm-js-2.2.20.module.sha256
00:03.772 DEBUG :portfolio-in-compose-multiplatform:resolveDependenciesWasmJsTest DependencyFileImpl        Downloaded https://repo1.maven.org/maven2/org/jetbrains/kotlin/kotlin-test/2.3.21/kotlin-test-2.3.21.module.sha1 for the dependency org.jetbrains.kotlin:kotlin-test:2.3.21
00:03.777 DEBUG :portfolio-in-compose-multiplatform:resolveDependenciesWasmJs DependencyFileImpl        Not found URL: https://maven.google.com/org/jetbrains/kotlinx/kotlinx-datetime/0.7.1/kotlinx-datetime-0.7.1.module.sha512
00:03.785 DEBUG :portfolio-in-compose-multiplatform:resolveDependenciesWasmJsTest DependencyFileImpl        Downloaded https://repo1.maven.org/maven2/org/jetbrains/kotlin/kotlin-test-annotations-common/2.3.21/kotlin-test-annotations-common-2.3.21.module.sha1 for the dependency org.jetbrains.kotlin:kotlin-test-annotations-common:2.3.21
00:03.790 DEBUG :portfolio-in-compose-multiplatform:resolveDependenciesWasmJsTest DependencyFileImpl        Downloaded https://repo1.maven.org/maven2/org/jetbrains/kotlin/kotlin-test/2.3.21/kotlin-test-2.3.21.module for the dependency org.jetbrains.kotlin:kotlin-test:2.3.21
00:03.802 DEBUG :portfolio-in-compose-multiplatform:resolveDependenciesWasmJsTest DependencyFileImpl        Downloaded https://repo1.maven.org/maven2/org/jetbrains/kotlin/kotlin-test-annotations-common/2.3.21/kotlin-test-annotations-common-2.3.21.module for the dependency org.jetbrains.kotlin:kotlin-test-annotations-common:2.3.21
00:03.847 DEBUG :portfolio-in-compose-multiplatform:resolveDependenciesWasmJs DependencyFileImpl        Not found URL: https://repo1.maven.org/maven2/org/jetbrains/kotlinx/atomicfu-wasm-js/0.23.1/atomicfu-wasm-js-0.23.1.pom.sha256
00:03.852 DEBUG :portfolio-in-compose-multiplatform:resolveDependenciesWasmJsTest DependencyFileImpl        Not found URL: https://repo1.maven.org/maven2/org/jetbrains/kotlin/kotlin-test-wasm-js/2.3.21/kotlin-test-wasm-js-2.3.21.pom.sha512
00:03.883 DEBUG :portfolio-in-compose-multiplatform:resolveDependenciesWasmJs DependencyFileImpl        Not found URL: https://repo1.maven.org/maven2/org/jetbrains/kotlinx/kotlinx-datetime/0.7.1/kotlinx-datetime-0.7.1.module.sha256
00:03.890 DEBUG :portfolio-in-compose-multiplatform:resolveDependenciesWasmJs DependencyFileImpl        Downloaded https://maven.google.com/androidx/graphics/graphics-shapes-wasm-js/1.1.0/graphics-shapes-wasm-js-1.1.0.pom for the dependency androidx.graphics:graphics-shapes-wasm-js:1.1.0
00:03.908 DEBUG :portfolio-in-compose-multiplatform:resolveDependenciesWasmJs DependencyFileImpl        Downloaded https://maven.google.com/androidx/collection/collection-wasm-js/1.5.0/collection-wasm-js-1.5.0.pom for the dependency androidx.collection:collection-wasm-js:1.5.0
00:03.909 DEBUG :portfolio-in-compose-multiplatform:resolveDependenciesWasmJsTest DependencyFileImpl        Downloaded https://maven.google.com/androidx/annotation/annotation-wasm-js/1.9.1/annotation-wasm-js-1.9.1.pom for the dependency androidx.annotation:annotation-wasm-js:1.9.1
00:03.912 DEBUG :portfolio-in-compose-multiplatform:resolveDependenciesWasmJsTest DependencyFileImpl        Not found URL: https://maven.google.com/org/jetbrains/kotlin/kotlin-stdlib-wasm-js/2.2.20/kotlin-stdlib-wasm-js-2.2.20.module.sha256
00:03.926 DEBUG :portfolio-in-compose-multiplatform:resolveDependenciesWasmJsTest DependencyFileImpl        Downloaded https://repo1.maven.org/maven2/org/jetbrains/kotlin/kotlin-stdlib-wasm-js/2.2.20/kotlin-stdlib-wasm-js-2.2.20.module.sha1 for the dependency org.jetbrains.kotlin:kotlin-stdlib-wasm-js:2.2.20
00:03.936 DEBUG :portfolio-in-compose-multiplatform:resolveDependenciesWasmJsTest DependencyFileImpl        Not found URL: https://repo1.maven.org/maven2/androidx/graphics/graphics-shapes-wasm-js/1.1.0/graphics-shapes-wasm-js-1.1.0.module.sha512
00:03.941 DEBUG :portfolio-in-compose-multiplatform:resolveDependenciesWasmJsTest DependencyFileImpl        Downloaded https://repo1.maven.org/maven2/org/jetbrains/kotlin/kotlin-stdlib-wasm-js/2.2.20/kotlin-stdlib-wasm-js-2.2.20.module for the dependency org.jetbrains.kotlin:kotlin-stdlib-wasm-js:2.2.20
00:03.964 DEBUG :portfolio-in-compose-multiplatform:resolveDependenciesWasmJsTest DependencyFileImpl        Not found URL: https://maven.google.com/org/jetbrains/kotlin/kotlin-test-wasm-js/2.3.21/kotlin-test-wasm-js-2.3.21.pom.sha512
00:03.985 DEBUG :portfolio-in-compose-multiplatform:resolveDependenciesWasmJs DependencyFileImpl        Not found URL: https://maven.google.com/org/jetbrains/kotlinx/atomicfu-wasm-js/0.23.1/atomicfu-wasm-js-0.23.1.pom.sha256
00:03.999 DEBUG :portfolio-in-compose-multiplatform:resolveDependenciesWasmJs DependencyFileImpl        Downloaded https://repo1.maven.org/maven2/org/jetbrains/kotlinx/atomicfu-wasm-js/0.23.1/atomicfu-wasm-js-0.23.1.pom.sha1 for the dependency org.jetbrains.kotlinx:atomicfu-wasm-js:0.23.1
00:04.007 DEBUG :portfolio-in-compose-multiplatform:resolveDependenciesWasmJsTest DependencyFileImpl        Not found URL: https://repo1.maven.org/maven2/org/jetbrains/kotlin/kotlin-test-wasm-js/2.3.21/kotlin-test-wasm-js-2.3.21.pom.sha256
00:04.013 DEBUG :portfolio-in-compose-multiplatform:resolveDependenciesWasmJs DependencyFileImpl        Downloaded https://repo1.maven.org/maven2/org/jetbrains/kotlinx/atomicfu-wasm-js/0.23.1/atomicfu-wasm-js-0.23.1.pom for the dependency org.jetbrains.kotlinx:atomicfu-wasm-js:0.23.1
00:04.019 DEBUG :portfolio-in-compose-multiplatform:resolveDependenciesWasmJs DependencyFileImpl        Not found URL: https://maven.google.com/org/jetbrains/kotlinx/kotlinx-datetime/0.7.1/kotlinx-datetime-0.7.1.module.sha256
00:04.034 DEBUG :portfolio-in-compose-multiplatform:resolveDependenciesWasmJs DependencyFileImpl        Downloaded https://repo1.maven.org/maven2/org/jetbrains/kotlinx/kotlinx-datetime/0.7.1/kotlinx-datetime-0.7.1.module.sha1 for the dependency org.jetbrains.kotlinx:kotlinx-datetime:0.7.1
00:04.050 DEBUG :portfolio-in-compose-multiplatform:resolveDependenciesWasmJs DependencyFileImpl        Downloaded https://repo1.maven.org/maven2/org/jetbrains/kotlinx/kotlinx-datetime/0.7.1/kotlinx-datetime-0.7.1.module for the dependency org.jetbrains.kotlinx:kotlinx-datetime:0.7.1
00:04.072 DEBUG :portfolio-in-compose-multiplatform:resolveDependenciesWasmJs DependencyFileImpl        Downloaded https://maven.google.com/androidx/collection/collection-wasm-js/1.5.0/collection-wasm-js-1.5.0.module.sha512 for the dependency androidx.collection:collection-wasm-js:1.5.0
00:04.073 DEBUG :portfolio-in-compose-multiplatform:resolveDependenciesWasmJs DependencyFileImpl        Not found URL: https://repo1.maven.org/maven2/org/jetbrains/kotlinx/atomicfu-wasm-js/0.23.1/atomicfu-wasm-js-0.23.1.module.sha512
00:04.081 DEBUG :portfolio-in-compose-multiplatform:resolveDependenciesWasmJsTest DependencyFileImpl        Downloaded https://maven.google.com/androidx/graphics/graphics-shapes-wasm-js/1.1.0/graphics-shapes-wasm-js-1.1.0.module.sha512 for the dependency androidx.graphics:graphics-shapes-wasm-js:1.1.0
00:04.096 DEBUG :portfolio-in-compose-multiplatform:resolveDependenciesWasmJsTest DependencyFileImpl        Downloaded https://maven.google.com/androidx/annotation/annotation-wasm-js/1.9.1/annotation-wasm-js-1.9.1.module.sha512 for the dependency androidx.annotation:annotation-wasm-js:1.9.1
00:04.103 DEBUG :portfolio-in-compose-multiplatform:resolveDependenciesWasmJs DependencyFileImpl        Not found URL: https://repo1.maven.org/maven2/org/jetbrains/kotlinx/kotlinx-datetime-wasm-js/0.7.1/kotlinx-datetime-wasm-js-0.7.1.pom.sha512
00:04.145 DEBUG :portfolio-in-compose-multiplatform:resolveDependenciesWasmJsTest DependencyFileImpl        Not found URL: https://maven.google.com/org/jetbrains/kotlin/kotlin-test-wasm-js/2.3.21/kotlin-test-wasm-js-2.3.21.pom.sha256
00:04.159 DEBUG :portfolio-in-compose-multiplatform:resolveDependenciesWasmJsTest DependencyFileImpl        Downloaded https://repo1.maven.org/maven2/org/jetbrains/kotlin/kotlin-test-wasm-js/2.3.21/kotlin-test-wasm-js-2.3.21.pom.sha1 for the dependency org.jetbrains.kotlin:kotlin-test-wasm-js:2.3.21
00:04.161 DEBUG :portfolio-in-compose-multiplatform:resolveDependenciesWasmJs DependencyFileImpl        Not found URL: https://maven.google.com/org/jetbrains/kotlinx/atomicfu-wasm-js/0.23.1/atomicfu-wasm-js-0.23.1.module.sha512
00:04.175 DEBUG :portfolio-in-compose-multiplatform:resolveDependenciesWasmJsTest DependencyFileImpl        Downloaded https://repo1.maven.org/maven2/org/jetbrains/kotlin/kotlin-test-wasm-js/2.3.21/kotlin-test-wasm-js-2.3.21.pom for the dependency org.jetbrains.kotlin:kotlin-test-wasm-js:2.3.21
00:04.184 DEBUG :portfolio-in-compose-multiplatform:resolveDependenciesWasmJs DependencyFileImpl        Downloaded https://maven.google.com/androidx/collection/collection-wasm-js/1.5.0/collection-wasm-js-1.5.0.module for the dependency androidx.collection:collection-wasm-js:1.5.0
00:04.192 DEBUG :portfolio-in-compose-multiplatform:resolveDependenciesWasmJsTest DependencyFileImpl        Downloaded https://maven.google.com/androidx/graphics/graphics-shapes-wasm-js/1.1.0/graphics-shapes-wasm-js-1.1.0.module for the dependency androidx.graphics:graphics-shapes-wasm-js:1.1.0
00:04.199 DEBUG :portfolio-in-compose-multiplatform:resolveDependenciesWasmJsTest DependencyFileImpl        Downloaded https://maven.google.com/androidx/annotation/annotation-wasm-js/1.9.1/annotation-wasm-js-1.9.1.module for the dependency androidx.annotation:annotation-wasm-js:1.9.1
00:04.216 DEBUG :portfolio-in-compose-multiplatform:resolveDependenciesWasmJsTest DependencyFileImpl        Not found URL: https://repo1.maven.org/maven2/org/jetbrains/kotlin/kotlin-test-wasm-js/2.3.21/kotlin-test-wasm-js-2.3.21.module.sha512
00:04.216 DEBUG :portfolio-in-compose-multiplatform:resolveDependenciesWasmJs DependencyFileImpl        Not found URL: https://maven.google.com/org/jetbrains/kotlinx/kotlinx-datetime-wasm-js/0.7.1/kotlinx-datetime-wasm-js-0.7.1.pom.sha512
00:04.256 DEBUG :portfolio-in-compose-multiplatform:resolveDependenciesWasmJs DependencyFileImpl        Not found URL: https://repo1.maven.org/maven2/org/jetbrains/kotlinx/kotlinx-datetime-wasm-js/0.7.1/kotlinx-datetime-wasm-js-0.7.1.pom.sha256
00:04.259 DEBUG :portfolio-in-compose-multiplatform:resolveDependenciesWasmJs DependencyFileImpl        Not found URL: https://repo1.maven.org/maven2/org/jetbrains/kotlinx/atomicfu-wasm-js/0.23.1/atomicfu-wasm-js-0.23.1.module.sha256
00:04.340 DEBUG :portfolio-in-compose-multiplatform:resolveDependenciesWasmJsTest DependencyFileImpl        Not found URL: https://maven.google.com/org/jetbrains/kotlin/kotlin-test-wasm-js/2.3.21/kotlin-test-wasm-js-2.3.21.module.sha512
00:04.370 DEBUG :portfolio-in-compose-multiplatform:resolveDependenciesWasmJs DependencyFileImpl        Not found URL: https://maven.google.com/org/jetbrains/kotlinx/kotlinx-datetime-wasm-js/0.7.1/kotlinx-datetime-wasm-js-0.7.1.pom.sha256
00:04.376 DEBUG :portfolio-in-compose-multiplatform:resolveDependenciesWasmJsTest DependencyFileImpl        Not found URL: https://repo1.maven.org/maven2/org/jetbrains/kotlin/kotlin-test-wasm-js/2.3.21/kotlin-test-wasm-js-2.3.21.module.sha256
00:04.385 DEBUG :portfolio-in-compose-multiplatform:resolveDependenciesWasmJs DependencyFileImpl        Downloaded https://repo1.maven.org/maven2/org/jetbrains/kotlinx/kotlinx-datetime-wasm-js/0.7.1/kotlinx-datetime-wasm-js-0.7.1.pom.sha1 for the dependency org.jetbrains.kotlinx:kotlinx-datetime-wasm-js:0.7.1
00:04.396 DEBUG :portfolio-in-compose-multiplatform:resolveDependenciesWasmJs DependencyFileImpl        Not found URL: https://maven.google.com/org/jetbrains/kotlinx/atomicfu-wasm-js/0.23.1/atomicfu-wasm-js-0.23.1.module.sha256
00:04.400 DEBUG :portfolio-in-compose-multiplatform:resolveDependenciesWasmJs DependencyFileImpl        Downloaded https://repo1.maven.org/maven2/org/jetbrains/kotlinx/kotlinx-datetime-wasm-js/0.7.1/kotlinx-datetime-wasm-js-0.7.1.pom for the dependency org.jetbrains.kotlinx:kotlinx-datetime-wasm-js:0.7.1
00:04.412 DEBUG :portfolio-in-compose-multiplatform:resolveDependenciesWasmJs DependencyFileImpl        Downloaded https://repo1.maven.org/maven2/org/jetbrains/kotlinx/atomicfu-wasm-js/0.23.1/atomicfu-wasm-js-0.23.1.module.sha1 for the dependency org.jetbrains.kotlinx:atomicfu-wasm-js:0.23.1
00:04.426 DEBUG :portfolio-in-compose-multiplatform:resolveDependenciesWasmJs DependencyFileImpl        Downloaded https://repo1.maven.org/maven2/org/jetbrains/kotlinx/atomicfu-wasm-js/0.23.1/atomicfu-wasm-js-0.23.1.module for the dependency org.jetbrains.kotlinx:atomicfu-wasm-js:0.23.1
00:04.437 DEBUG :portfolio-in-compose-multiplatform:resolveDependenciesWasmJs DependencyFileImpl        Not found URL: https://repo1.maven.org/maven2/org/jetbrains/kotlinx/kotlinx-datetime-wasm-js/0.7.1/kotlinx-datetime-wasm-js-0.7.1.module.sha512
00:04.479 DEBUG :portfolio-in-compose-multiplatform:resolveDependenciesWasmJsTest DependencyFileImpl        Not found URL: https://maven.google.com/org/jetbrains/kotlin/kotlin-test-wasm-js/2.3.21/kotlin-test-wasm-js-2.3.21.module.sha256
00:04.492 DEBUG :portfolio-in-compose-multiplatform:resolveDependenciesWasmJsTest DependencyFileImpl        Downloaded https://repo1.maven.org/maven2/org/jetbrains/kotlin/kotlin-test-wasm-js/2.3.21/kotlin-test-wasm-js-2.3.21.module.sha1 for the dependency org.jetbrains.kotlin:kotlin-test-wasm-js:2.3.21
00:04.505 DEBUG :portfolio-in-compose-multiplatform:resolveDependenciesWasmJsTest DependencyFileImpl        Downloaded https://repo1.maven.org/maven2/org/jetbrains/kotlin/kotlin-test-wasm-js/2.3.21/kotlin-test-wasm-js-2.3.21.module for the dependency org.jetbrains.kotlin:kotlin-test-wasm-js:2.3.21
00:04.506 DEBUG :portfolio-in-compose-multiplatform:resolveDependenciesWasmJs DependencyFileImpl        Not found URL: https://repo1.maven.org/maven2/org/jetbrains/kotlin/kotlin-stdlib-common/1.9.21/kotlin-stdlib-common-1.9.21.pom.sha512
00:04.519 DEBUG :portfolio-in-compose-multiplatform:resolveDependenciesWasmJs DependencyFileImpl        Not found URL: https://maven.google.com/org/jetbrains/kotlinx/kotlinx-datetime-wasm-js/0.7.1/kotlinx-datetime-wasm-js-0.7.1.module.sha512
00:04.556 DEBUG :portfolio-in-compose-multiplatform:resolveDependenciesWasmJs DependencyFileImpl        Not found URL: https://repo1.maven.org/maven2/org/jetbrains/kotlinx/kotlinx-datetime-wasm-js/0.7.1/kotlinx-datetime-wasm-js-0.7.1.module.sha256
00:04.593 DEBUG :portfolio-in-compose-multiplatform:resolveDependenciesWasmJs DependencyFileImpl        Not found URL: https://maven.google.com/org/jetbrains/kotlin/kotlin-stdlib-common/1.9.21/kotlin-stdlib-common-1.9.21.pom.sha512
00:04.656 DEBUG :portfolio-in-compose-multiplatform:resolveDependenciesWasmJs DependencyFileImpl        Not found URL: https://maven.google.com/org/jetbrains/kotlinx/kotlinx-datetime-wasm-js/0.7.1/kotlinx-datetime-wasm-js-0.7.1.module.sha256
00:04.671 DEBUG :portfolio-in-compose-multiplatform:resolveDependenciesWasmJs DependencyFileImpl        Downloaded https://repo1.maven.org/maven2/org/jetbrains/kotlinx/kotlinx-datetime-wasm-js/0.7.1/kotlinx-datetime-wasm-js-0.7.1.module.sha1 for the dependency org.jetbrains.kotlinx:kotlinx-datetime-wasm-js:0.7.1
00:04.683 DEBUG :portfolio-in-compose-multiplatform:resolveDependenciesWasmJs DependencyFileImpl        Not found URL: https://repo1.maven.org/maven2/org/jetbrains/kotlin/kotlin-stdlib-common/1.9.21/kotlin-stdlib-common-1.9.21.pom.sha256
00:04.685 DEBUG :portfolio-in-compose-multiplatform:resolveDependenciesWasmJs DependencyFileImpl        Downloaded https://repo1.maven.org/maven2/org/jetbrains/kotlinx/kotlinx-datetime-wasm-js/0.7.1/kotlinx-datetime-wasm-js-0.7.1.module for the dependency org.jetbrains.kotlinx:kotlinx-datetime-wasm-js:0.7.1
00:04.704 DEBUG :portfolio-in-compose-multiplatform:resolveDependenciesWasmJs DependencyFileImpl        Downloaded https://repo1.maven.org/maven2/org/jetbrains/kotlinx/kotlinx-serialization-core/1.6.2/kotlinx-serialization-core-1.6.2.pom.sha512 for the dependency org.jetbrains.kotlinx:kotlinx-serialization-core:1.6.2
00:04.718 DEBUG :portfolio-in-compose-multiplatform:resolveDependenciesWasmJs DependencyFileImpl        Downloaded https://repo1.maven.org/maven2/org/jetbrains/kotlinx/kotlinx-serialization-core/1.6.2/kotlinx-serialization-core-1.6.2.pom for the dependency org.jetbrains.kotlinx:kotlinx-serialization-core:1.6.2
00:04.735 DEBUG :portfolio-in-compose-multiplatform:resolveDependenciesWasmJs DependencyFileImpl        Downloaded https://repo1.maven.org/maven2/org/jetbrains/kotlinx/kotlinx-serialization-core/1.6.2/kotlinx-serialization-core-1.6.2.module.sha512 for the dependency org.jetbrains.kotlinx:kotlinx-serialization-core:1.6.2
00:04.751 DEBUG :portfolio-in-compose-multiplatform:resolveDependenciesWasmJs DependencyFileImpl        Downloaded https://repo1.maven.org/maven2/org/jetbrains/kotlinx/kotlinx-serialization-core/1.6.2/kotlinx-serialization-core-1.6.2.module for the dependency org.jetbrains.kotlinx:kotlinx-serialization-core:1.6.2
00:04.771 DEBUG :portfolio-in-compose-multiplatform:resolveDependenciesWasmJs DependencyFileImpl        Downloaded https://repo1.maven.org/maven2/org/jetbrains/kotlinx/kotlinx-serialization-core-wasm-js/1.6.2/kotlinx-serialization-core-wasm-js-1.6.2.pom.sha512 for the dependency org.jetbrains.kotlinx:kotlinx-serialization-core-wasm-js:1.6.2
00:04.771 DEBUG :portfolio-in-compose-multiplatform:resolveDependenciesWasmJs DependencyFileImpl        Not found URL: https://maven.google.com/org/jetbrains/kotlin/kotlin-stdlib-common/1.9.21/kotlin-stdlib-common-1.9.21.pom.sha256
00:04.786 DEBUG :portfolio-in-compose-multiplatform:resolveDependenciesWasmJs DependencyFileImpl        Downloaded https://repo1.maven.org/maven2/org/jetbrains/kotlin/kotlin-stdlib-common/1.9.21/kotlin-stdlib-common-1.9.21.pom.sha1 for the dependency org.jetbrains.kotlin:kotlin-stdlib-common:1.9.21
00:04.787 DEBUG :portfolio-in-compose-multiplatform:resolveDependenciesWasmJs DependencyFileImpl        Downloaded https://repo1.maven.org/maven2/org/jetbrains/kotlinx/kotlinx-serialization-core-wasm-js/1.6.2/kotlinx-serialization-core-wasm-js-1.6.2.pom for the dependency org.jetbrains.kotlinx:kotlinx-serialization-core-wasm-js:1.6.2
00:04.800 DEBUG :portfolio-in-compose-multiplatform:resolveDependenciesWasmJs DependencyFileImpl        Downloaded https://repo1.maven.org/maven2/org/jetbrains/kotlin/kotlin-stdlib-common/1.9.21/kotlin-stdlib-common-1.9.21.pom for the dependency org.jetbrains.kotlin:kotlin-stdlib-common:1.9.21
00:04.802 DEBUG :portfolio-in-compose-multiplatform:resolveDependenciesWasmJs DependencyFileImpl        Downloaded https://repo1.maven.org/maven2/org/jetbrains/kotlinx/kotlinx-serialization-core-wasm-js/1.6.2/kotlinx-serialization-core-wasm-js-1.6.2.module.sha512 for the dependency org.jetbrains.kotlinx:kotlinx-serialization-core-wasm-js:1.6.2
00:04.818 DEBUG :portfolio-in-compose-multiplatform:resolveDependenciesWasmJs DependencyFileImpl        Downloaded https://repo1.maven.org/maven2/org/jetbrains/kotlinx/kotlinx-serialization-core-wasm-js/1.6.2/kotlinx-serialization-core-wasm-js-1.6.2.module for the dependency org.jetbrains.kotlinx:kotlinx-serialization-core-wasm-js:1.6.2
00:04.906 DEBUG :portfolio-in-compose-multiplatform:resolveDependenciesWasmJs DependencyFileImpl        Not found URL: https://repo1.maven.org/maven2/org/jetbrains/kotlin/kotlin-stdlib-common/1.9.21/kotlin-stdlib-common-1.9.21.module.sha512
00:05.004 DEBUG :portfolio-in-compose-multiplatform:resolveDependenciesWasmJs DependencyFileImpl        Not found URL: https://maven.google.com/org/jetbrains/kotlin/kotlin-stdlib-common/1.9.21/kotlin-stdlib-common-1.9.21.module.sha512
00:05.086 DEBUG :portfolio-in-compose-multiplatform:resolveDependenciesWasmJs DependencyFileImpl        Not found URL: https://repo1.maven.org/maven2/org/jetbrains/kotlin/kotlin-stdlib-common/1.9.21/kotlin-stdlib-common-1.9.21.module.sha256
00:05.189 DEBUG :portfolio-in-compose-multiplatform:resolveDependenciesWasmJs DependencyFileImpl        Not found URL: https://maven.google.com/org/jetbrains/kotlin/kotlin-stdlib-common/1.9.21/kotlin-stdlib-common-1.9.21.module.sha256
00:05.205 DEBUG :portfolio-in-compose-multiplatform:resolveDependenciesWasmJs DependencyFileImpl        Downloaded https://repo1.maven.org/maven2/org/jetbrains/kotlin/kotlin-stdlib-common/1.9.21/kotlin-stdlib-common-1.9.21.module.sha1 for the dependency org.jetbrains.kotlin:kotlin-stdlib-common:1.9.21
00:05.247 DEBUG :portfolio-in-compose-multiplatform:resolveDependenciesWasmJs DependencyFileImpl        Downloaded https://repo1.maven.org/maven2/org/jetbrains/kotlin/kotlin-stdlib-common/1.9.21/kotlin-stdlib-common-1.9.21.module for the dependency org.jetbrains.kotlin:kotlin-stdlib-common:1.9.21
00:05.295 DEBUG :portfolio-in-compose-multiplatform:resolveDependenciesWasmJsTest DependencyFileImpl        Downloaded https://repo1.maven.org/maven2/org/jetbrains/compose/ui/ui-backhandler/1.10.3/ui-backhandler-1.10.3.pom.sha512 for the dependency org.jetbrains.compose.ui:ui-backhandler:1.10.3
00:05.296 DEBUG :portfolio-in-compose-multiplatform:resolveDependenciesWasmJsTest DependencyFileImpl        Downloaded https://repo1.maven.org/maven2/org/jetbrains/compose/animation/animation/1.10.3/animation-1.10.3.pom.sha512 for the dependency org.jetbrains.compose.animation:animation:1.10.3
00:05.301 DEBUG :portfolio-in-compose-multiplatform:resolveDependenciesWasmJsTest DependencyFileImpl        Downloaded https://repo1.maven.org/maven2/org/jetbrains/compose/ui/ui-graphics/1.10.3/ui-graphics-1.10.3.pom.sha512 for the dependency org.jetbrains.compose.ui:ui-graphics:1.10.3
00:05.311 DEBUG :portfolio-in-compose-multiplatform:resolveDependenciesWasmJsTest DependencyFileImpl        Downloaded https://repo1.maven.org/maven2/org/jetbrains/compose/ui/ui-util/1.10.3/ui-util-1.10.3.pom.sha512 for the dependency org.jetbrains.compose.ui:ui-util:1.10.3
00:05.311 DEBUG :portfolio-in-compose-multiplatform:resolveDependenciesWasmJsTest DependencyFileImpl        Downloaded https://repo1.maven.org/maven2/org/jetbrains/compose/ui/ui-text/1.10.3/ui-text-1.10.3.pom.sha512 for the dependency org.jetbrains.compose.ui:ui-text:1.10.3
00:05.312 DEBUG :portfolio-in-compose-multiplatform:resolveDependenciesWasmJsTest DependencyFileImpl        Not found URL: https://repo1.maven.org/maven2/org/jetbrains/kotlin/kotlin-stdlib/2.3.21/kotlin-stdlib-2.3.21.pom.sha512
00:05.313 DEBUG :portfolio-in-compose-multiplatform:resolveDependenciesWasmJsTest DependencyFileImpl        Not found URL: https://repo1.maven.org/maven2/org/jetbrains/kotlinx/atomicfu/0.23.2/atomicfu-0.23.2.pom.sha512
00:05.314 DEBUG :portfolio-in-compose-multiplatform:resolveDependenciesWasmJs DependencyFileImpl        Downloaded https://repo1.maven.org/maven2/org/jetbrains/compose/foundation/foundation-layout/1.10.3/foundation-layout-1.10.3.pom.sha512 for the dependency org.jetbrains.compose.foundation:foundation-layout:1.10.3
00:05.316 DEBUG :portfolio-in-compose-multiplatform:resolveDependenciesWasmJsTest DependencyFileImpl        Downloaded https://repo1.maven.org/maven2/org/jetbrains/compose/ui/ui-geometry/1.10.3/ui-geometry-1.10.3.module.sha512 for the dependency org.jetbrains.compose.ui:ui-geometry:1.10.3
00:05.317 DEBUG :portfolio-in-compose-multiplatform:resolveDependenciesWasmJsTest DependencyFileImpl        Downloaded https://repo1.maven.org/maven2/org/jetbrains/compose/ui/ui-backhandler/1.10.3/ui-backhandler-1.10.3.pom for the dependency org.jetbrains.compose.ui:ui-backhandler:1.10.3
00:05.324 DEBUG :portfolio-in-compose-multiplatform:resolveDependenciesWasmJsTest DependencyFileImpl        Not found URL: https://repo1.maven.org/maven2/androidx/lifecycle/lifecycle-viewmodel/2.9.4/lifecycle-viewmodel-2.9.4.pom.sha512
00:05.327 DEBUG :portfolio-in-compose-multiplatform:resolveDependenciesWasmJsTest DependencyFileImpl        Downloaded https://repo1.maven.org/maven2/org/jetbrains/androidx/savedstate/savedstate/1.3.6/savedstate-1.3.6.pom.sha512 for the dependency org.jetbrains.androidx.savedstate:savedstate:1.3.6
00:05.327 DEBUG :portfolio-in-compose-multiplatform:resolveDependenciesWasmJsTest DependencyFileImpl        Not found URL: https://repo1.maven.org/maven2/org/jetbrains/kotlinx/kotlinx-browser/0.5.0/kotlinx-browser-0.5.0.pom.sha512
00:05.330 DEBUG :portfolio-in-compose-multiplatform:resolveDependenciesWasmJsTest DependencyFileImpl        Not found URL: https://repo1.maven.org/maven2/androidx/lifecycle/lifecycle-runtime-compose/2.9.4/lifecycle-runtime-compose-2.9.4.pom.sha512
00:05.332 DEBUG :portfolio-in-compose-multiplatform:resolveDependenciesWasmJsTest DependencyFileImpl        Downloaded https://repo1.maven.org/maven2/org/jetbrains/compose/animation/animation/1.10.3/animation-1.10.3.pom for the dependency org.jetbrains.compose.animation:animation:1.10.3
00:05.342 DEBUG :portfolio-in-compose-multiplatform:resolveDependenciesWasmJsTest DependencyFileImpl        Downloaded https://repo1.maven.org/maven2/org/jetbrains/androidx/savedstate/savedstate-compose/1.3.6/savedstate-compose-1.3.6.pom.sha512 for the dependency org.jetbrains.androidx.savedstate:savedstate-compose:1.3.6
00:05.343 DEBUG :portfolio-in-compose-multiplatform:resolveDependenciesWasmJsTest DependencyFileImpl        Not found URL: https://repo1.maven.org/maven2/androidx/compose/runtime/runtime-retain/1.10.5/runtime-retain-1.10.5.module
00:05.345 DEBUG :portfolio-in-compose-multiplatform:resolveDependenciesWasmJsTest DependencyFileImpl        Downloaded https://repo1.maven.org/maven2/org/jetbrains/compose/ui/ui-text/1.10.3/ui-text-1.10.3.pom for the dependency org.jetbrains.compose.ui:ui-text:1.10.3
00:05.346 DEBUG :portfolio-in-compose-multiplatform:resolveDependenciesWasmJsTest DependencyFileImpl        Downloaded https://repo1.maven.org/maven2/org/jetbrains/compose/ui/ui-graphics/1.10.3/ui-graphics-1.10.3.pom for the dependency org.jetbrains.compose.ui:ui-graphics:1.10.3
00:05.357 DEBUG :portfolio-in-compose-multiplatform:resolveDependenciesWasmJsTest DependencyFileImpl        Downloaded https://repo1.maven.org/maven2/org/jetbrains/compose/ui/ui-util/1.10.3/ui-util-1.10.3.pom for the dependency org.jetbrains.compose.ui:ui-util:1.10.3
00:05.365 DEBUG :portfolio-in-compose-multiplatform:resolveDependenciesWasmJs DependencyFileImpl        Downloaded https://repo1.maven.org/maven2/org/jetbrains/compose/foundation/foundation-layout/1.10.3/foundation-layout-1.10.3.pom for the dependency org.jetbrains.compose.foundation:foundation-layout:1.10.3
00:05.369 DEBUG :portfolio-in-compose-multiplatform:resolveDependenciesWasmJsTest DependencyFileImpl        Downloaded https://maven.google.com/androidx/navigationevent/navigationevent/1.0.2/navigationevent-1.0.2.module for the dependency androidx.navigationevent:navigationevent:1.0.2
00:05.376 DEBUG :portfolio-in-compose-multiplatform:resolveDependenciesWasmJsTest DependencyFileImpl        Downloaded https://repo1.maven.org/maven2/org/jetbrains/compose/ui/ui-geometry/1.10.3/ui-geometry-1.10.3.module for the dependency org.jetbrains.compose.ui:ui-geometry:1.10.3
00:05.380 DEBUG :portfolio-in-compose-multiplatform:resolveDependenciesWasmJsTest DependencyFileImpl        Downloaded https://repo1.maven.org/maven2/org/jetbrains/compose/ui/ui-backhandler/1.10.3/ui-backhandler-1.10.3.module.sha512 for the dependency org.jetbrains.compose.ui:ui-backhandler:1.10.3
00:05.382 DEBUG :portfolio-in-compose-multiplatform:resolveDependenciesWasmJsTest DependencyFileImpl        Not found URL: https://repo1.maven.org/maven2/androidx/compose/runtime/runtime/1.10.5/runtime-1.10.5.pom.sha512
00:05.393 DEBUG :portfolio-in-compose-multiplatform:resolveDependenciesWasmJsTest DependencyFileImpl        Downloaded https://repo1.maven.org/maven2/org/jetbrains/androidx/savedstate/savedstate/1.3.6/savedstate-1.3.6.pom for the dependency org.jetbrains.androidx.savedstate:savedstate:1.3.6
00:05.401 DEBUG :portfolio-in-compose-multiplatform:resolveDependenciesWasmJsTest DependencyFileImpl        Not found URL: https://repo1.maven.org/maven2/androidx/compose/runtime/runtime-saveable/1.10.5/runtime-saveable-1.10.5.pom.sha512
00:05.402 DEBUG :portfolio-in-compose-multiplatform:resolveDependenciesWasmJsTest DependencyFileImpl        Not found URL: https://repo1.maven.org/maven2/androidx/lifecycle/lifecycle-viewmodel-savedstate/2.9.4/lifecycle-viewmodel-savedstate-2.9.4.pom.sha512
00:05.407 DEBUG :portfolio-in-compose-multiplatform:resolveDependenciesWasmJsTest DependencyFileImpl        Downloaded https://repo1.maven.org/maven2/org/jetbrains/compose/animation/animation/1.10.3/animation-1.10.3.module.sha512 for the dependency org.jetbrains.compose.animation:animation:1.10.3
00:05.411 DEBUG :portfolio-in-compose-multiplatform:resolveDependenciesWasmJsTest DependencyFileImpl        Not found URL: https://repo1.maven.org/maven2/androidx/lifecycle/lifecycle-common/2.9.4/lifecycle-common-2.9.4.pom.sha512
00:05.412 DEBUG :portfolio-in-compose-multiplatform:resolveDependenciesWasmJsTest DependencyFileImpl        Not found URL: https://repo1.maven.org/maven2/androidx/lifecycle/lifecycle-runtime/2.9.4/lifecycle-runtime-2.9.4.pom.sha512
00:05.415 DEBUG :portfolio-in-compose-multiplatform:resolveDependenciesWasmJsTest DependencyFileImpl        Downloaded https://repo1.maven.org/maven2/org/jetbrains/androidx/savedstate/savedstate-compose/1.3.6/savedstate-compose-1.3.6.pom for the dependency org.jetbrains.androidx.savedstate:savedstate-compose:1.3.6
00:05.420 DEBUG :portfolio-in-compose-multiplatform:resolveDependenciesWasmJsTest DependencyFileImpl        Downloaded https://repo1.maven.org/maven2/org/jetbrains/compose/ui/ui-graphics/1.10.3/ui-graphics-1.10.3.module.sha512 for the dependency org.jetbrains.compose.ui:ui-graphics:1.10.3
00:05.424 DEBUG :portfolio-in-compose-multiplatform:resolveDependenciesWasmJsTest DependencyFileImpl        Downloaded https://repo1.maven.org/maven2/org/jetbrains/compose/ui/ui-text/1.10.3/ui-text-1.10.3.module.sha512 for the dependency org.jetbrains.compose.ui:ui-text:1.10.3
00:05.425 DEBUG :portfolio-in-compose-multiplatform:resolveDependenciesWasmJsTest DependencyFileImpl        Downloaded https://repo1.maven.org/maven2/org/jetbrains/compose/ui/ui-util/1.10.3/ui-util-1.10.3.module.sha512 for the dependency org.jetbrains.compose.ui:ui-util:1.10.3
00:05.427 DEBUG :portfolio-in-compose-multiplatform:resolveDependenciesWasmJsTest DependencyFileImpl        Not found URL: https://maven.google.com/org/jetbrains/kotlinx/atomicfu/0.23.2/atomicfu-0.23.2.pom.sha512
00:05.429 DEBUG :portfolio-in-compose-multiplatform:resolveDependenciesWasmJsTest DependencyFileImpl        Not found URL: https://maven.google.com/org/jetbrains/kotlin/kotlin-stdlib/2.3.21/kotlin-stdlib-2.3.21.pom.sha512
00:05.429 DEBUG :portfolio-in-compose-multiplatform:resolveDependenciesWasmJs DependencyFileImpl        Downloaded https://repo1.maven.org/maven2/org/jetbrains/compose/foundation/foundation-layout/1.10.3/foundation-layout-1.10.3.module.sha512 for the dependency org.jetbrains.compose.foundation:foundation-layout:1.10.3
00:05.438 DEBUG :portfolio-in-compose-multiplatform:resolveDependenciesWasmJsTest DependencyFileImpl        Downloaded https://repo1.maven.org/maven2/org/jetbrains/compose/ui/ui-backhandler/1.10.3/ui-backhandler-1.10.3.module for the dependency org.jetbrains.compose.ui:ui-backhandler:1.10.3
00:05.442 DEBUG :portfolio-in-compose-multiplatform:resolveDependenciesWasmJsTest DependencyFileImpl        Downloaded https://repo1.maven.org/maven2/org/jetbrains/compose/ui/ui-geometry-wasm-js/1.10.3/ui-geometry-wasm-js-1.10.3.pom.sha512 for the dependency org.jetbrains.compose.ui:ui-geometry-wasm-js:1.10.3
00:05.445 DEBUG :portfolio-in-compose-multiplatform:resolveDependenciesWasmJsTest DependencyFileImpl        Downloaded https://repo1.maven.org/maven2/org/jetbrains/androidx/savedstate/savedstate/1.3.6/savedstate-1.3.6.module.sha512 for the dependency org.jetbrains.androidx.savedstate:savedstate:1.3.6
00:05.457 DEBUG :portfolio-in-compose-multiplatform:resolveDependenciesWasmJsTest DependencyFileImpl        Downloaded https://repo1.maven.org/maven2/org/jetbrains/compose/animation/animation/1.10.3/animation-1.10.3.module for the dependency org.jetbrains.compose.animation:animation:1.10.3
00:05.462 DEBUG :portfolio-in-compose-multiplatform:resolveDependenciesWasmJs DependencyFileImpl        Not found URL: https://repo1.maven.org/maven2/androidx/navigationevent/navigationevent-wasm-js/1.0.2/navigationevent-wasm-js-1.0.2.pom.sha512
00:05.475 DEBUG :portfolio-in-compose-multiplatform:resolveDependenciesWasmJsTest DependencyFileImpl        Downloaded https://repo1.maven.org/maven2/org/jetbrains/androidx/savedstate/savedstate-compose/1.3.6/savedstate-compose-1.3.6.module.sha512 for the dependency org.jetbrains.androidx.savedstate:savedstate-compose:1.3.6
00:05.478 DEBUG :portfolio-in-compose-multiplatform:resolveDependenciesWasmJsTest DependencyFileImpl        Downloaded https://maven.google.com/androidx/lifecycle/lifecycle-viewmodel/2.9.4/lifecycle-viewmodel-2.9.4.pom.sha512 for the dependency androidx.lifecycle:lifecycle-viewmodel:2.9.4
00:05.490 DEBUG :portfolio-in-compose-multiplatform:resolveDependenciesWasmJsTest DependencyFileImpl        Downloaded https://repo1.maven.org/maven2/org/jetbrains/compose/ui/ui-graphics/1.10.3/ui-graphics-1.10.3.module for the dependency org.jetbrains.compose.ui:ui-graphics:1.10.3
00:05.492 DEBUG :portfolio-in-compose-multiplatform:resolveDependenciesWasmJsTest DependencyFileImpl        Not found URL: https://maven.google.com/org/jetbrains/kotlinx/kotlinx-browser/0.5.0/kotlinx-browser-0.5.0.pom.sha512
00:05.495 DEBUG :portfolio-in-compose-multiplatform:resolveDependenciesWasmJsTest DependencyFileImpl        Downloaded https://maven.google.com/androidx/compose/runtime/runtime-retain/1.10.5/runtime-retain-1.10.5.module for the dependency androidx.compose.runtime:runtime-retain:1.10.5
00:05.496 DEBUG :portfolio-in-compose-multiplatform:resolveDependenciesWasmJsTest DependencyFileImpl        Downloaded https://repo1.maven.org/maven2/org/jetbrains/compose/ui/ui-text/1.10.3/ui-text-1.10.3.module for the dependency org.jetbrains.compose.ui:ui-text:1.10.3
00:05.509 DEBUG :portfolio-in-compose-multiplatform:resolveDependenciesWasmJsTest DependencyFileImpl        Not found URL: https://repo1.maven.org/maven2/org/jetbrains/kotlinx/atomicfu/0.23.2/atomicfu-0.23.2.pom.sha256
00:05.510 DEBUG :portfolio-in-compose-multiplatform:resolveDependenciesWasmJs DependencyFileImpl        Downloaded https://repo1.maven.org/maven2/org/jetbrains/compose/foundation/foundation-layout/1.10.3/foundation-layout-1.10.3.module for the dependency org.jetbrains.compose.foundation:foundation-layout:1.10.3
00:05.513 DEBUG :portfolio-in-compose-multiplatform:resolveDependenciesWasmJsTest DependencyFileImpl        Not found URL: https://repo1.maven.org/maven2/org/jetbrains/kotlin/kotlin-stdlib/2.3.21/kotlin-stdlib-2.3.21.pom.sha256
00:05.513 DEBUG :portfolio-in-compose-multiplatform:resolveDependenciesWasmJsTest DependencyFileImpl        Downloaded https://repo1.maven.org/maven2/org/jetbrains/compose/ui/ui-util/1.10.3/ui-util-1.10.3.module for the dependency org.jetbrains.compose.ui:ui-util:1.10.3
00:05.524 DEBUG :portfolio-in-compose-multiplatform:resolveDependenciesWasmJsTest DependencyFileImpl        Downloaded https://repo1.maven.org/maven2/org/jetbrains/androidx/savedstate/savedstate/1.3.6/savedstate-1.3.6.module for the dependency org.jetbrains.androidx.savedstate:savedstate:1.3.6
00:05.528 DEBUG :portfolio-in-compose-multiplatform:resolveDependenciesWasmJsTest DependencyFileImpl        Downloaded https://repo1.maven.org/maven2/org/jetbrains/compose/ui/ui-geometry-wasm-js/1.10.3/ui-geometry-wasm-js-1.10.3.pom for the dependency org.jetbrains.compose.ui:ui-geometry-wasm-js:1.10.3
00:05.530 DEBUG :portfolio-in-compose-multiplatform:resolveDependenciesWasmJsTest DependencyFileImpl        Downloaded https://repo1.maven.org/maven2/org/jetbrains/compose/animation/animation-wasm-js/1.10.3/animation-wasm-js-1.10.3.pom.sha512 for the dependency org.jetbrains.compose.animation:animation-wasm-js:1.10.3
00:05.540 DEBUG :portfolio-in-compose-multiplatform:resolveDependenciesWasmJsTest DependencyFileImpl        Downloaded https://repo1.maven.org/maven2/org/jetbrains/androidx/savedstate/savedstate-compose/1.3.6/savedstate-compose-1.3.6.module for the dependency org.jetbrains.androidx.savedstate:savedstate-compose:1.3.6
00:05.555 DEBUG :portfolio-in-compose-multiplatform:resolveDependenciesWasmJsTest DependencyFileImpl        Downloaded https://maven.google.com/androidx/compose/runtime/runtime/1.10.5/runtime-1.10.5.pom.sha512 for the dependency androidx.compose.runtime:runtime:1.10.5
00:05.556 DEBUG :portfolio-in-compose-multiplatform:resolveDependenciesWasmJsTest DependencyFileImpl        Downloaded https://repo1.maven.org/maven2/org/jetbrains/compose/ui/ui-graphics-wasm-js/1.10.3/ui-graphics-wasm-js-1.10.3.pom.sha512 for the dependency org.jetbrains.compose.ui:ui-graphics-wasm-js:1.10.3
00:05.568 DEBUG :portfolio-in-compose-multiplatform:resolveDependenciesWasmJsTest DependencyFileImpl        Not found URL: https://repo1.maven.org/maven2/org/jetbrains/kotlinx/kotlinx-browser/0.5.0/kotlinx-browser-0.5.0.pom.sha256
00:05.570 DEBUG :portfolio-in-compose-multiplatform:resolveDependenciesWasmJsTest DependencyFileImpl        Downloaded https://maven.google.com/androidx/lifecycle/lifecycle-viewmodel-savedstate/2.9.4/lifecycle-viewmodel-savedstate-2.9.4.pom.sha512 for the dependency androidx.lifecycle:lifecycle-viewmodel-savedstate:2.9.4
00:05.571 DEBUG :portfolio-in-compose-multiplatform:resolveDependenciesWasmJsTest DependencyFileImpl        Downloaded https://repo1.maven.org/maven2/org/jetbrains/compose/ui/ui-text-wasm-js/1.10.3/ui-text-wasm-js-1.10.3.pom.sha512 for the dependency org.jetbrains.compose.ui:ui-text-wasm-js:1.10.3
00:05.574 DEBUG :portfolio-in-compose-multiplatform:resolveDependenciesWasmJsTest DependencyFileImpl        Downloaded https://maven.google.com/androidx/lifecycle/lifecycle-viewmodel/2.9.4/lifecycle-viewmodel-2.9.4.pom for the dependency androidx.lifecycle:lifecycle-viewmodel:2.9.4
00:05.579 DEBUG :portfolio-in-compose-multiplatform:resolveDependenciesWasmJsTest DependencyFileImpl        Downloaded https://maven.google.com/androidx/lifecycle/lifecycle-runtime-compose/2.9.4/lifecycle-runtime-compose-2.9.4.pom.sha512 for the dependency androidx.lifecycle:lifecycle-runtime-compose:2.9.4
00:05.585 DEBUG :portfolio-in-compose-multiplatform:resolveDependenciesWasmJs DependencyFileImpl        Downloaded https://repo1.maven.org/maven2/org/jetbrains/compose/ui/ui-backhandler-wasm-js/1.10.3/ui-backhandler-wasm-js-1.10.3.pom.sha512 for the dependency org.jetbrains.compose.ui:ui-backhandler-wasm-js:1.10.3
00:05.588 DEBUG :portfolio-in-compose-multiplatform:resolveDependenciesWasmJsTest DependencyFileImpl        Downloaded https://maven.google.com/androidx/compose/runtime/runtime-saveable/1.10.5/runtime-saveable-1.10.5.pom.sha512 for the dependency androidx.compose.runtime:runtime-saveable:1.10.5
00:05.590 DEBUG :portfolio-in-compose-multiplatform:resolveDependenciesWasmJsTest DependencyFileImpl        Downloaded https://repo1.maven.org/maven2/org/jetbrains/compose/ui/ui-util-wasm-js/1.10.3/ui-util-wasm-js-1.10.3.pom.sha512 for the dependency org.jetbrains.compose.ui:ui-util-wasm-js:1.10.3
00:05.591 DEBUG :portfolio-in-compose-multiplatform:resolveDependenciesWasmJsTest DependencyFileImpl        Downloaded https://maven.google.com/androidx/lifecycle/lifecycle-runtime/2.9.4/lifecycle-runtime-2.9.4.pom.sha512 for the dependency androidx.lifecycle:lifecycle-runtime:2.9.4
00:05.593 DEBUG :portfolio-in-compose-multiplatform:resolveDependenciesWasmJs DependencyFileImpl        Downloaded https://repo1.maven.org/maven2/org/jetbrains/compose/foundation/foundation-layout-wasm-js/1.10.3/foundation-layout-wasm-js-1.10.3.pom.sha512 for the dependency org.jetbrains.compose.foundation:foundation-layout-wasm-js:1.10.3
00:05.597 DEBUG :portfolio-in-compose-multiplatform:resolveDependenciesWasmJsTest DependencyFileImpl        Downloaded https://maven.google.com/androidx/lifecycle/lifecycle-common/2.9.4/lifecycle-common-2.9.4.pom.sha512 for the dependency androidx.lifecycle:lifecycle-common:2.9.4
00:05.607 DEBUG :portfolio-in-compose-multiplatform:resolveDependenciesWasmJsTest DependencyFileImpl        Downloaded https://repo1.maven.org/maven2/org/jetbrains/compose/animation/animation-wasm-js/1.10.3/animation-wasm-js-1.10.3.pom for the dependency org.jetbrains.compose.animation:animation-wasm-js:1.10.3
00:05.611 DEBUG :portfolio-in-compose-multiplatform:resolveDependenciesWasmJsTest DependencyFileImpl        Downloaded https://repo1.maven.org/maven2/org/jetbrains/androidx/savedstate/savedstate-compose-wasm-js/1.3.6/savedstate-compose-wasm-js-1.3.6.pom.sha512 for the dependency org.jetbrains.androidx.savedstate:savedstate-compose-wasm-js:1.3.6
00:05.611 DEBUG :portfolio-in-compose-multiplatform:resolveDependenciesWasmJsTest DependencyFileImpl        Downloaded https://repo1.maven.org/maven2/org/jetbrains/compose/ui/ui-geometry-wasm-js/1.10.3/ui-geometry-wasm-js-1.10.3.module.sha512 for the dependency org.jetbrains.compose.ui:ui-geometry-wasm-js:1.10.3
00:05.612 DEBUG :portfolio-in-compose-multiplatform:resolveDependenciesWasmJsTest DependencyFileImpl        Downloaded https://repo1.maven.org/maven2/org/jetbrains/compose/ui/ui-graphics-wasm-js/1.10.3/ui-graphics-wasm-js-1.10.3.pom for the dependency org.jetbrains.compose.ui:ui-graphics-wasm-js:1.10.3
00:05.619 DEBUG :portfolio-in-compose-multiplatform:resolveDependenciesWasmJsTest DependencyFileImpl        Not found URL: https://repo1.maven.org/maven2/androidx/compose/runtime/runtime-retain-wasm-js/1.10.5/runtime-retain-wasm-js-1.10.5.pom.sha512
00:05.623 DEBUG :portfolio-in-compose-multiplatform:resolveDependenciesWasmJsTest DependencyFileImpl        Downloaded https://repo1.maven.org/maven2/org/jetbrains/compose/ui/ui-text-wasm-js/1.10.3/ui-text-wasm-js-1.10.3.pom for the dependency org.jetbrains.compose.ui:ui-text-wasm-js:1.10.3
00:05.632 DEBUG :portfolio-in-compose-multiplatform:resolveDependenciesWasmJs DependencyFileImpl        Downloaded https://repo1.maven.org/maven2/org/jetbrains/compose/ui/ui-backhandler-wasm-js/1.10.3/ui-backhandler-wasm-js-1.10.3.pom for the dependency org.jetbrains.compose.ui:ui-backhandler-wasm-js:1.10.3
00:05.639 DEBUG :portfolio-in-compose-multiplatform:resolveDependenciesWasmJs DependencyFileImpl        Downloaded https://maven.google.com/androidx/navigationevent/navigationevent-wasm-js/1.0.2/navigationevent-wasm-js-1.0.2.pom.sha512 for the dependency androidx.navigationevent:navigationevent-wasm-js:1.0.2
00:05.645 DEBUG :portfolio-in-compose-multiplatform:resolveDependenciesWasmJsTest DependencyFileImpl        Downloaded https://repo1.maven.org/maven2/org/jetbrains/compose/ui/ui-util-wasm-js/1.10.3/ui-util-wasm-js-1.10.3.pom for the dependency org.jetbrains.compose.ui:ui-util-wasm-js:1.10.3
00:05.647 DEBUG :portfolio-in-compose-multiplatform:resolveDependenciesWasmJsTest DependencyFileImpl        Not found URL: https://maven.google.com/org/jetbrains/kotlinx/atomicfu/0.23.2/atomicfu-0.23.2.pom.sha256
00:05.651 DEBUG :portfolio-in-compose-multiplatform:resolveDependenciesWasmJsTest DependencyFileImpl        Downloaded https://maven.google.com/androidx/lifecycle/lifecycle-viewmodel-savedstate/2.9.4/lifecycle-viewmodel-savedstate-2.9.4.pom for the dependency androidx.lifecycle:lifecycle-viewmodel-savedstate:2.9.4
00:05.656 DEBUG :portfolio-in-compose-multiplatform:resolveDependenciesWasmJsTest DependencyFileImpl        Downloaded https://maven.google.com/androidx/compose/runtime/runtime/1.10.5/runtime-1.10.5.pom for the dependency androidx.compose.runtime:runtime:1.10.5
00:05.658 DEBUG :portfolio-in-compose-multiplatform:resolveDependenciesWasmJsTest DependencyFileImpl        Downloaded https://maven.google.com/androidx/lifecycle/lifecycle-runtime-compose/2.9.4/lifecycle-runtime-compose-2.9.4.pom for the dependency androidx.lifecycle:lifecycle-runtime-compose:2.9.4
00:05.660 DEBUG :portfolio-in-compose-multiplatform:resolveDependenciesWasmJs DependencyFileImpl        Downloaded https://repo1.maven.org/maven2/org/jetbrains/compose/foundation/foundation-layout-wasm-js/1.10.3/foundation-layout-wasm-js-1.10.3.pom for the dependency org.jetbrains.compose.foundation:foundation-layout-wasm-js:1.10.3
00:05.664 DEBUG :portfolio-in-compose-multiplatform:resolveDependenciesWasmJsTest DependencyFileImpl        Downloaded https://repo1.maven.org/maven2/org/jetbrains/androidx/savedstate/savedstate-compose-wasm-js/1.3.6/savedstate-compose-wasm-js-1.3.6.pom for the dependency org.jetbrains.androidx.savedstate:savedstate-compose-wasm-js:1.3.6
00:05.669 DEBUG :portfolio-in-compose-multiplatform:resolveDependenciesWasmJsTest DependencyFileImpl        Downloaded https://repo1.maven.org/maven2/org/jetbrains/compose/ui/ui-geometry-wasm-js/1.10.3/ui-geometry-wasm-js-1.10.3.module for the dependency org.jetbrains.compose.ui:ui-geometry-wasm-js:1.10.3
00:05.673 DEBUG :portfolio-in-compose-multiplatform:resolveDependenciesWasmJsTest DependencyFileImpl        Downloaded https://repo1.maven.org/maven2/org/jetbrains/compose/ui/ui-graphics-wasm-js/1.10.3/ui-graphics-wasm-js-1.10.3.module.sha512 for the dependency org.jetbrains.compose.ui:ui-graphics-wasm-js:1.10.3
00:05.673 DEBUG :portfolio-in-compose-multiplatform:resolveDependenciesWasmJsTest DependencyFileImpl        Downloaded https://repo1.maven.org/maven2/org/jetbrains/compose/animation/animation-wasm-js/1.10.3/animation-wasm-js-1.10.3.module.sha512 for the dependency org.jetbrains.compose.animation:animation-wasm-js:1.10.3
00:05.674 DEBUG :portfolio-in-compose-multiplatform:resolveDependenciesWasmJsTest DependencyFileImpl        Not found URL: https://maven.google.com/org/jetbrains/kotlin/kotlin-stdlib/2.3.21/kotlin-stdlib-2.3.21.pom.sha256
00:05.683 DEBUG :portfolio-in-compose-multiplatform:resolveDependenciesWasmJsTest DependencyFileImpl        Downloaded https://repo1.maven.org/maven2/org/jetbrains/compose/ui/ui-text-wasm-js/1.10.3/ui-text-wasm-js-1.10.3.module.sha512 for the dependency org.jetbrains.compose.ui:ui-text-wasm-js:1.10.3
00:05.687 DEBUG :portfolio-in-compose-multiplatform:resolveDependenciesWasmJsTest DependencyFileImpl        Downloaded https://repo1.maven.org/maven2/org/jetbrains/compose/ui/ui-util-wasm-js/1.10.3/ui-util-wasm-js-1.10.3.module.sha512 for the dependency org.jetbrains.compose.ui:ui-util-wasm-js:1.10.3
00:05.690 DEBUG :portfolio-in-compose-multiplatform:resolveDependenciesWasmJs DependencyFileImpl        Downloaded https://repo1.maven.org/maven2/org/jetbrains/compose/ui/ui-backhandler-wasm-js/1.10.3/ui-backhandler-wasm-js-1.10.3.module.sha512 for the dependency org.jetbrains.compose.ui:ui-backhandler-wasm-js:1.10.3
00:05.695 DEBUG :portfolio-in-compose-multiplatform:resolveDependenciesWasmJsTest DependencyFileImpl        Downloaded https://repo1.maven.org/maven2/org/jetbrains/kotlinx/atomicfu/0.23.2/atomicfu-0.23.2.pom.sha1 for the dependency org.jetbrains.kotlinx:atomicfu:0.23.2
00:05.697 DEBUG :portfolio-in-compose-multiplatform:resolveDependenciesWasmJsTest DependencyFileImpl        Downloaded https://maven.google.com/androidx/lifecycle/lifecycle-runtime/2.9.4/lifecycle-runtime-2.9.4.pom for the dependency androidx.lifecycle:lifecycle-runtime:2.9.4
00:05.702 DEBUG :portfolio-in-compose-multiplatform:resolveDependenciesWasmJsTest DependencyFileImpl        Downloaded https://repo1.maven.org/maven2/org/jetbrains/androidx/savedstate/savedstate-wasm-js/1.3.6/savedstate-wasm-js-1.3.6.pom.sha512 for the dependency org.jetbrains.androidx.savedstate:savedstate-wasm-js:1.3.6
00:05.704 DEBUG :portfolio-in-compose-multiplatform:resolveDependenciesWasmJsTest DependencyFileImpl        Downloaded https://maven.google.com/androidx/compose/runtime/runtime-saveable/1.10.5/runtime-saveable-1.10.5.pom for the dependency androidx.compose.runtime:runtime-saveable:1.10.5
00:05.708 DEBUG :portfolio-in-compose-multiplatform:resolveDependenciesWasmJsTest DependencyFileImpl        Downloaded https://maven.google.com/androidx/lifecycle/lifecycle-common/2.9.4/lifecycle-common-2.9.4.pom for the dependency androidx.lifecycle:lifecycle-common:2.9.4
00:05.714 DEBUG :portfolio-in-compose-multiplatform:resolveDependenciesWasmJs DependencyFileImpl        Downloaded https://repo1.maven.org/maven2/org/jetbrains/compose/foundation/foundation-layout-wasm-js/1.10.3/foundation-layout-wasm-js-1.10.3.module.sha512 for the dependency org.jetbrains.compose.foundation:foundation-layout-wasm-js:1.10.3
00:05.716 DEBUG :portfolio-in-compose-multiplatform:resolveDependenciesWasmJsTest DependencyFileImpl        Downloaded https://repo1.maven.org/maven2/org/jetbrains/androidx/savedstate/savedstate-compose-wasm-js/1.3.6/savedstate-compose-wasm-js-1.3.6.module.sha512 for the dependency org.jetbrains.androidx.savedstate:savedstate-compose-wasm-js:1.3.6
00:05.720 DEBUG :portfolio-in-compose-multiplatform:resolveDependenciesWasmJsTest DependencyFileImpl        Downloaded https://maven.google.com/androidx/lifecycle/lifecycle-viewmodel/2.9.4/lifecycle-viewmodel-2.9.4.module.sha512 for the dependency androidx.lifecycle:lifecycle-viewmodel:2.9.4
00:05.721 DEBUG :portfolio-in-compose-multiplatform:resolveDependenciesWasmJsTest DependencyFileImpl        Downloaded https://repo1.maven.org/maven2/org/jetbrains/compose/animation/animation-wasm-js/1.10.3/animation-wasm-js-1.10.3.module for the dependency org.jetbrains.compose.animation:animation-wasm-js:1.10.3
00:05.722 DEBUG :portfolio-in-compose-multiplatform:resolveDependenciesWasmJsTest DependencyFileImpl        Not found URL: https://maven.google.com/org/jetbrains/kotlinx/kotlinx-browser/0.5.0/kotlinx-browser-0.5.0.pom.sha256
00:05.730 DEBUG :portfolio-in-compose-multiplatform:resolveDependenciesWasmJsTest DependencyFileImpl        Downloaded https://repo1.maven.org/maven2/org/jetbrains/kotlin/kotlin-stdlib/2.3.21/kotlin-stdlib-2.3.21.pom.sha1 for the dependency org.jetbrains.kotlin:kotlin-stdlib:2.3.21
00:05.732 DEBUG :portfolio-in-compose-multiplatform:resolveDependenciesWasmJsTest DependencyFileImpl        Downloaded https://repo1.maven.org/maven2/org/jetbrains/compose/ui/ui-graphics-wasm-js/1.10.3/ui-graphics-wasm-js-1.10.3.module for the dependency org.jetbrains.compose.ui:ui-graphics-wasm-js:1.10.3
00:05.735 DEBUG :portfolio-in-compose-multiplatform:resolveDependenciesWasmJsTest DependencyFileImpl        Downloaded https://repo1.maven.org/maven2/org/jetbrains/compose/ui/ui-text-wasm-js/1.10.3/ui-text-wasm-js-1.10.3.module for the dependency org.jetbrains.compose.ui:ui-text-wasm-js:1.10.3
00:05.739 DEBUG :portfolio-in-compose-multiplatform:resolveDependenciesWasmJsTest DependencyFileImpl        Downloaded https://repo1.maven.org/maven2/org/jetbrains/compose/ui/ui-util-wasm-js/1.10.3/ui-util-wasm-js-1.10.3.module for the dependency org.jetbrains.compose.ui:ui-util-wasm-js:1.10.3
00:05.741 DEBUG :portfolio-in-compose-multiplatform:resolveDependenciesWasmJs DependencyFileImpl        Downloaded https://repo1.maven.org/maven2/org/jetbrains/compose/ui/ui-backhandler-wasm-js/1.10.3/ui-backhandler-wasm-js-1.10.3.module for the dependency org.jetbrains.compose.ui:ui-backhandler-wasm-js:1.10.3
00:05.744 DEBUG :portfolio-in-compose-multiplatform:resolveDependenciesWasmJsTest DependencyFileImpl        Downloaded https://repo1.maven.org/maven2/org/jetbrains/kotlinx/atomicfu/0.23.2/atomicfu-0.23.2.pom for the dependency org.jetbrains.kotlinx:atomicfu:0.23.2
00:05.751 DEBUG :portfolio-in-compose-multiplatform:resolveDependenciesWasmJsTest DependencyFileImpl        Downloaded https://repo1.maven.org/maven2/org/jetbrains/androidx/savedstate/savedstate-wasm-js/1.3.6/savedstate-wasm-js-1.3.6.pom for the dependency org.jetbrains.androidx.savedstate:savedstate-wasm-js:1.3.6
00:05.758 DEBUG :portfolio-in-compose-multiplatform:resolveDependenciesWasmJs DependencyFileImpl        Downloaded https://repo1.maven.org/maven2/org/jetbrains/compose/foundation/foundation-layout-wasm-js/1.10.3/foundation-layout-wasm-js-1.10.3.module for the dependency org.jetbrains.compose.foundation:foundation-layout-wasm-js:1.10.3
00:05.764 DEBUG :portfolio-in-compose-multiplatform:resolveDependenciesWasmJsTest DependencyFileImpl        Downloaded https://repo1.maven.org/maven2/org/jetbrains/androidx/savedstate/savedstate-compose-wasm-js/1.3.6/savedstate-compose-wasm-js-1.3.6.module for the dependency org.jetbrains.androidx.savedstate:savedstate-compose-wasm-js:1.3.6
00:05.778 DEBUG :portfolio-in-compose-multiplatform:resolveDependenciesWasmJsTest DependencyFileImpl        Downloaded https://repo1.maven.org/maven2/org/jetbrains/kotlinx/kotlinx-browser/0.5.0/kotlinx-browser-0.5.0.pom.sha1 for the dependency org.jetbrains.kotlinx:kotlinx-browser:0.5.0
00:05.792 DEBUG :portfolio-in-compose-multiplatform:resolveDependenciesWasmJsTest DependencyFileImpl        Downloaded https://repo1.maven.org/maven2/org/jetbrains/kotlin/kotlin-stdlib/2.3.21/kotlin-stdlib-2.3.21.pom for the dependency org.jetbrains.kotlin:kotlin-stdlib:2.3.21
00:05.794 DEBUG :portfolio-in-compose-multiplatform:resolveDependenciesWasmJsTest DependencyFileImpl        Downloaded https://maven.google.com/androidx/compose/runtime/runtime-retain-wasm-js/1.10.5/runtime-retain-wasm-js-1.10.5.pom.sha512 for the dependency androidx.compose.runtime:runtime-retain-wasm-js:1.10.5
00:05.806 DEBUG :portfolio-in-compose-multiplatform:resolveDependenciesWasmJsTest DependencyFileImpl        Downloaded https://repo1.maven.org/maven2/org/jetbrains/skiko/skiko-wasm-js/0.9.37.4/skiko-wasm-js-0.9.37.4.module.sha512 for the dependency org.jetbrains.skiko:skiko-wasm-js:0.9.37.4
00:05.810 DEBUG :portfolio-in-compose-multiplatform:resolveDependenciesWasmJsTest DependencyFileImpl        Downloaded https://maven.google.com/androidx/lifecycle/lifecycle-viewmodel/2.9.4/lifecycle-viewmodel-2.9.4.module for the dependency androidx.lifecycle:lifecycle-viewmodel:2.9.4
00:05.820 DEBUG :portfolio-in-compose-multiplatform:resolveDependenciesWasmJs DependencyFileImpl        Downloaded https://maven.google.com/androidx/navigationevent/navigationevent-wasm-js/1.0.2/navigationevent-wasm-js-1.0.2.pom for the dependency androidx.navigationevent:navigationevent-wasm-js:1.0.2
00:05.823 DEBUG :portfolio-in-compose-multiplatform:resolveDependenciesWasmJsTest DependencyFileImpl        Downloaded https://repo1.maven.org/maven2/org/jetbrains/kotlinx/kotlinx-browser/0.5.0/kotlinx-browser-0.5.0.pom for the dependency org.jetbrains.kotlinx:kotlinx-browser:0.5.0
00:05.825 DEBUG :portfolio-in-compose-multiplatform:resolveDependenciesWasmJsTest DependencyFileImpl        Downloaded https://maven.google.com/androidx/lifecycle/lifecycle-viewmodel-savedstate/2.9.4/lifecycle-viewmodel-savedstate-2.9.4.module.sha512 for the dependency androidx.lifecycle:lifecycle-viewmodel-savedstate:2.9.4
00:05.839 DEBUG :portfolio-in-compose-multiplatform:resolveDependenciesWasmJsTest DependencyFileImpl        Downloaded https://repo1.maven.org/maven2/org/jetbrains/skiko/skiko-wasm-js/0.9.37.4/skiko-wasm-js-0.9.37.4.module for the dependency org.jetbrains.skiko:skiko-wasm-js:0.9.37.4
00:05.852 DEBUG :portfolio-in-compose-multiplatform:resolveDependenciesWasmJsTest DependencyFileImpl        Downloaded https://maven.google.com/androidx/compose/runtime/runtime/1.10.5/runtime-1.10.5.module.sha512 for the dependency androidx.compose.runtime:runtime:1.10.5
00:05.856 DEBUG :portfolio-in-compose-multiplatform:resolveDependenciesWasmJsTest DependencyFileImpl        Downloaded https://maven.google.com/androidx/lifecycle/lifecycle-runtime-compose/2.9.4/lifecycle-runtime-compose-2.9.4.module.sha512 for the dependency androidx.lifecycle:lifecycle-runtime-compose:2.9.4
00:05.859 DEBUG :portfolio-in-compose-multiplatform:resolveDependenciesWasmJsTest DependencyFileImpl        Downloaded https://maven.google.com/androidx/lifecycle/lifecycle-runtime/2.9.4/lifecycle-runtime-2.9.4.module.sha512 for the dependency androidx.lifecycle:lifecycle-runtime:2.9.4
00:05.862 DEBUG :portfolio-in-compose-multiplatform:resolveDependenciesWasmJsTest DependencyFileImpl        Downloaded https://maven.google.com/androidx/compose/runtime/runtime-saveable/1.10.5/runtime-saveable-1.10.5.module.sha512 for the dependency androidx.compose.runtime:runtime-saveable:1.10.5
00:05.868 DEBUG :portfolio-in-compose-multiplatform:resolveDependenciesWasmJsTest DependencyFileImpl        Downloaded https://maven.google.com/androidx/lifecycle/lifecycle-common/2.9.4/lifecycle-common-2.9.4.module.sha512 for the dependency androidx.lifecycle:lifecycle-common:2.9.4
00:05.874 DEBUG :portfolio-in-compose-multiplatform:resolveDependenciesWasmJsTest DependencyFileImpl        Not found URL: https://repo1.maven.org/maven2/org/jetbrains/kotlinx/atomicfu/0.23.2/atomicfu-0.23.2.module.sha512
00:05.878 DEBUG :portfolio-in-compose-multiplatform:resolveDependenciesWasmJsTest DependencyFileImpl        Not found URL: https://repo1.maven.org/maven2/androidx/lifecycle/lifecycle-viewmodel-wasm-js/2.9.4/lifecycle-viewmodel-wasm-js-2.9.4.pom.sha512
00:05.895 DEBUG :portfolio-in-compose-multiplatform:resolveDependenciesWasmJsTest DependencyFileImpl        Downloaded https://maven.google.com/androidx/lifecycle/lifecycle-viewmodel-savedstate/2.9.4/lifecycle-viewmodel-savedstate-2.9.4.module for the dependency androidx.lifecycle:lifecycle-viewmodel-savedstate:2.9.4
00:05.897 DEBUG :portfolio-in-compose-multiplatform:resolveDependenciesWasmJsTest DependencyFileImpl        Not found URL: https://repo1.maven.org/maven2/androidx/savedstate/savedstate-compose/1.3.3/savedstate-compose-1.3.3.pom.sha512
00:05.914 DEBUG :portfolio-in-compose-multiplatform:resolveDependenciesWasmJsTest DependencyFileImpl        Not found URL: https://repo1.maven.org/maven2/org/jetbrains/kotlinx/kotlinx-browser/0.5.0/kotlinx-browser-0.5.0.module.sha512
00:05.915 DEBUG :portfolio-in-compose-multiplatform:resolveDependenciesWasmJsTest DependencyFileImpl        Downloaded https://maven.google.com/androidx/lifecycle/lifecycle-runtime/2.9.4/lifecycle-runtime-2.9.4.module for the dependency androidx.lifecycle:lifecycle-runtime:2.9.4
00:05.926 DEBUG :portfolio-in-compose-multiplatform:resolveDependenciesWasmJsTest DependencyFileImpl        Downloaded https://maven.google.com/androidx/compose/runtime/runtime-retain-wasm-js/1.10.5/runtime-retain-wasm-js-1.10.5.pom for the dependency androidx.compose.runtime:runtime-retain-wasm-js:1.10.5
00:05.930 DEBUG :portfolio-in-compose-multiplatform:resolveDependenciesWasmJsTest DependencyFileImpl        Downloaded https://repo1.maven.org/maven2/org/jetbrains/androidx/savedstate/savedstate-wasm-js/1.3.6/savedstate-wasm-js-1.3.6.module.sha512 for the dependency org.jetbrains.androidx.savedstate:savedstate-wasm-js:1.3.6
00:05.933 DEBUG :portfolio-in-compose-multiplatform:resolveDependenciesWasmJsTest DependencyFileImpl        Downloaded https://maven.google.com/androidx/lifecycle/lifecycle-runtime-compose/2.9.4/lifecycle-runtime-compose-2.9.4.module for the dependency androidx.lifecycle:lifecycle-runtime-compose:2.9.4
00:05.938 DEBUG :portfolio-in-compose-multiplatform:resolveDependenciesWasmJsTest DependencyFileImpl        Downloaded https://maven.google.com/androidx/lifecycle/lifecycle-common/2.9.4/lifecycle-common-2.9.4.module for the dependency androidx.lifecycle:lifecycle-common:2.9.4
00:05.955 DEBUG :portfolio-in-compose-multiplatform:resolveDependenciesWasmJsTest DependencyFileImpl        Downloaded https://maven.google.com/androidx/compose/runtime/runtime/1.10.5/runtime-1.10.5.module for the dependency androidx.compose.runtime:runtime:1.10.5
00:05.968 DEBUG :portfolio-in-compose-multiplatform:resolveDependenciesWasmJsTest DependencyFileImpl        Downloaded https://repo1.maven.org/maven2/org/jetbrains/androidx/savedstate/savedstate-wasm-js/1.3.6/savedstate-wasm-js-1.3.6.module for the dependency org.jetbrains.androidx.savedstate:savedstate-wasm-js:1.3.6
00:05.970 DEBUG :portfolio-in-compose-multiplatform:resolveDependenciesWasmJs DependencyFileImpl        Not found URL: https://repo1.maven.org/maven2/androidx/lifecycle/lifecycle-viewmodel-savedstate-wasm-js/2.9.4/lifecycle-viewmodel-savedstate-wasm-js-2.9.4.pom.sha512
00:05.972 DEBUG :portfolio-in-compose-multiplatform:resolveDependenciesWasmJs DependencyFileImpl        Downloaded https://maven.google.com/androidx/navigationevent/navigationevent-wasm-js/1.0.2/navigationevent-wasm-js-1.0.2.module.sha512 for the dependency androidx.navigationevent:navigationevent-wasm-js:1.0.2
00:05.973 DEBUG :portfolio-in-compose-multiplatform:resolveDependenciesWasmJsTest DependencyFileImpl        Not found URL: https://repo1.maven.org/maven2/androidx/lifecycle/lifecycle-runtime-wasm-js/2.9.4/lifecycle-runtime-wasm-js-2.9.4.pom.sha512
00:06.007 DEBUG :portfolio-in-compose-multiplatform:resolveDependenciesWasmJsTest DependencyFileImpl        Not found URL: https://repo1.maven.org/maven2/androidx/lifecycle/lifecycle-common-wasm-js/2.9.4/lifecycle-common-wasm-js-2.9.4.pom.sha512
00:06.013 DEBUG :portfolio-in-compose-multiplatform:resolveDependenciesWasmJsTest DependencyFileImpl        Not found URL: https://repo1.maven.org/maven2/androidx/compose/runtime/runtime-wasm-js/1.10.5/runtime-wasm-js-1.10.5.pom.sha512
00:06.017 DEBUG :portfolio-in-compose-multiplatform:resolveDependenciesWasmJs DependencyFileImpl        Not found URL: https://repo1.maven.org/maven2/androidx/lifecycle/lifecycle-runtime-compose-wasm-js/2.9.4/lifecycle-runtime-compose-wasm-js-2.9.4.pom.sha512
00:06.024 DEBUG :portfolio-in-compose-multiplatform:resolveDependenciesWasmJsTest DependencyFileImpl        Downloaded https://maven.google.com/androidx/lifecycle/lifecycle-viewmodel-wasm-js/2.9.4/lifecycle-viewmodel-wasm-js-2.9.4.pom.sha512 for the dependency androidx.lifecycle:lifecycle-viewmodel-wasm-js:2.9.4
00:06.026 DEBUG :portfolio-in-compose-multiplatform:resolveDependenciesWasmJsTest DependencyFileImpl        Downloaded https://maven.google.com/androidx/compose/runtime/runtime-saveable/1.10.5/runtime-saveable-1.10.5.module for the dependency androidx.compose.runtime:runtime-saveable:1.10.5
00:06.031 DEBUG :portfolio-in-compose-multiplatform:resolveDependenciesWasmJsTest DependencyFileImpl        Downloaded https://maven.google.com/androidx/savedstate/savedstate-compose/1.3.3/savedstate-compose-1.3.3.pom.sha512 for the dependency androidx.savedstate:savedstate-compose:1.3.3
00:06.038 DEBUG :portfolio-in-compose-multiplatform:resolveDependenciesWasmJsTest DependencyFileImpl        Not found URL: https://maven.google.com/org/jetbrains/kotlinx/kotlinx-browser/0.5.0/kotlinx-browser-0.5.0.module.sha512
00:06.039 DEBUG :portfolio-in-compose-multiplatform:resolveDependenciesWasmJsTest DependencyFileImpl        Not found URL: https://maven.google.com/org/jetbrains/kotlinx/atomicfu/0.23.2/atomicfu-0.23.2.module.sha512
00:06.046 DEBUG :portfolio-in-compose-multiplatform:resolveDependenciesWasmJsTest DependencyFileImpl        Downloaded https://maven.google.com/androidx/compose/runtime/runtime-retain-wasm-js/1.10.5/runtime-retain-wasm-js-1.10.5.module.sha512 for the dependency androidx.compose.runtime:runtime-retain-wasm-js:1.10.5
00:06.070 DEBUG :portfolio-in-compose-multiplatform:resolveDependenciesWasmJs DependencyFileImpl        Downloaded https://maven.google.com/androidx/lifecycle/lifecycle-viewmodel-savedstate-wasm-js/2.9.4/lifecycle-viewmodel-savedstate-wasm-js-2.9.4.pom.sha512 for the dependency androidx.lifecycle:lifecycle-viewmodel-savedstate-wasm-js:2.9.4
00:06.077 DEBUG :portfolio-in-compose-multiplatform:resolveDependenciesWasmJs DependencyFileImpl        Not found URL: https://repo1.maven.org/maven2/androidx/compose/runtime/runtime-saveable-wasm-js/1.10.5/runtime-saveable-wasm-js-1.10.5.pom.sha512
00:06.090 DEBUG :portfolio-in-compose-multiplatform:resolveDependenciesWasmJsTest DependencyFileImpl        Downloaded https://maven.google.com/androidx/savedstate/savedstate-compose/1.3.3/savedstate-compose-1.3.3.pom for the dependency androidx.savedstate:savedstate-compose:1.3.3
00:06.102 DEBUG :portfolio-in-compose-multiplatform:resolveDependenciesWasmJs DependencyFileImpl        Downloaded https://maven.google.com/androidx/navigationevent/navigationevent-wasm-js/1.0.2/navigationevent-wasm-js-1.0.2.module for the dependency androidx.navigationevent:navigationevent-wasm-js:1.0.2
00:06.107 DEBUG :portfolio-in-compose-multiplatform:resolveDependenciesWasmJs DependencyFileImpl        Not found URL: https://repo1.maven.org/maven2/androidx/savedstate/savedstate/1.3.3/savedstate-1.3.3.pom.sha512
00:06.134 DEBUG :portfolio-in-compose-multiplatform:resolveDependenciesWasmJsTest DependencyFileImpl        Downloaded https://maven.google.com/androidx/lifecycle/lifecycle-runtime-wasm-js/2.9.4/lifecycle-runtime-wasm-js-2.9.4.pom.sha512 for the dependency androidx.lifecycle:lifecycle-runtime-wasm-js:2.9.4
00:06.135 DEBUG :portfolio-in-compose-multiplatform:resolveDependenciesWasmJsTest DependencyFileImpl        Downloaded https://maven.google.com/androidx/lifecycle/lifecycle-common-wasm-js/2.9.4/lifecycle-common-wasm-js-2.9.4.pom.sha512 for the dependency androidx.lifecycle:lifecycle-common-wasm-js:2.9.4
00:06.136 DEBUG :portfolio-in-compose-multiplatform:resolveDependenciesWasmJsTest DependencyFileImpl        Downloaded https://maven.google.com/androidx/compose/runtime/runtime-wasm-js/1.10.5/runtime-wasm-js-1.10.5.pom.sha512 for the dependency androidx.compose.runtime:runtime-wasm-js:1.10.5
00:06.137 DEBUG :portfolio-in-compose-multiplatform:resolveDependenciesWasmJs DependencyFileImpl        Downloaded https://maven.google.com/androidx/lifecycle/lifecycle-runtime-compose-wasm-js/2.9.4/lifecycle-runtime-compose-wasm-js-2.9.4.pom.sha512 for the dependency androidx.lifecycle:lifecycle-runtime-compose-wasm-js:2.9.4
00:06.141 DEBUG :portfolio-in-compose-multiplatform:resolveDependenciesWasmJsTest DependencyFileImpl        Downloaded https://maven.google.com/androidx/lifecycle/lifecycle-viewmodel-wasm-js/2.9.4/lifecycle-viewmodel-wasm-js-2.9.4.pom for the dependency androidx.lifecycle:lifecycle-viewmodel-wasm-js:2.9.4
00:06.171 DEBUG :portfolio-in-compose-multiplatform:resolveDependenciesWasmJsTest DependencyFileImpl        Not found URL: https://repo1.maven.org/maven2/org/jetbrains/kotlinx/atomicfu/0.23.2/atomicfu-0.23.2.module.sha256
00:06.176 DEBUG :portfolio-in-compose-multiplatform:resolveDependenciesWasmJsTest DependencyFileImpl        Not found URL: https://repo1.maven.org/maven2/androidx/compose/runtime/runtime-annotation/1.9.0/runtime-annotation-1.9.0.pom.sha512
00:06.282 DEBUG :portfolio-in-compose-multiplatform:resolveDependenciesWasmJs DependencyFileImpl        Downloaded https://maven.google.com/androidx/lifecycle/lifecycle-viewmodel-savedstate-wasm-js/2.9.4/lifecycle-viewmodel-savedstate-wasm-js-2.9.4.pom for the dependency androidx.lifecycle:lifecycle-viewmodel-savedstate-wasm-js:2.9.4
00:06.289 DEBUG :portfolio-in-compose-multiplatform:resolveDependenciesWasmJs DependencyFileImpl        Downloaded https://maven.google.com/androidx/compose/runtime/runtime-saveable-wasm-js/1.10.5/runtime-saveable-wasm-js-1.10.5.pom.sha512 for the dependency androidx.compose.runtime:runtime-saveable-wasm-js:1.10.5
00:06.294 DEBUG :portfolio-in-compose-multiplatform:resolveDependenciesWasmJsTest DependencyFileImpl        Downloaded https://maven.google.com/androidx/compose/runtime/runtime-retain-wasm-js/1.10.5/runtime-retain-wasm-js-1.10.5.module for the dependency androidx.compose.runtime:runtime-retain-wasm-js:1.10.5
00:06.313 DEBUG :portfolio-in-compose-multiplatform:resolveDependenciesWasmJsTest DependencyFileImpl        Downloaded https://maven.google.com/androidx/compose/runtime/runtime-wasm-js/1.10.5/runtime-wasm-js-1.10.5.pom for the dependency androidx.compose.runtime:runtime-wasm-js:1.10.5
00:06.326 DEBUG :portfolio-in-compose-multiplatform:resolveDependenciesWasmJsTest DependencyFileImpl        Downloaded https://maven.google.com/androidx/lifecycle/lifecycle-common-wasm-js/2.9.4/lifecycle-common-wasm-js-2.9.4.pom for the dependency androidx.lifecycle:lifecycle-common-wasm-js:2.9.4
00:06.349 DEBUG :portfolio-in-compose-multiplatform:resolveDependenciesWasmJsTest DependencyFileImpl        Downloaded https://maven.google.com/androidx/lifecycle/lifecycle-viewmodel-wasm-js/2.9.4/lifecycle-viewmodel-wasm-js-2.9.4.module.sha512 for the dependency androidx.lifecycle:lifecycle-viewmodel-wasm-js:2.9.4
00:06.358 DEBUG :portfolio-in-compose-multiplatform:resolveDependenciesWasmJsTest DependencyFileImpl        Downloaded https://maven.google.com/androidx/savedstate/savedstate-compose/1.3.3/savedstate-compose-1.3.3.module.sha512 for the dependency androidx.savedstate:savedstate-compose:1.3.3
00:06.360 DEBUG :portfolio-in-compose-multiplatform:resolveDependenciesWasmJsTest DependencyFileImpl        Downloaded https://maven.google.com/androidx/lifecycle/lifecycle-runtime-wasm-js/2.9.4/lifecycle-runtime-wasm-js-2.9.4.pom for the dependency androidx.lifecycle:lifecycle-runtime-wasm-js:2.9.4
00:06.391 DEBUG :portfolio-in-compose-multiplatform:resolveDependenciesWasmJs DependencyFileImpl        Downloaded https://maven.google.com/androidx/lifecycle/lifecycle-runtime-compose-wasm-js/2.9.4/lifecycle-runtime-compose-wasm-js-2.9.4.pom for the dependency androidx.lifecycle:lifecycle-runtime-compose-wasm-js:2.9.4
00:06.409 DEBUG :portfolio-in-compose-multiplatform:resolveDependenciesWasmJs DependencyFileImpl        Downloaded https://maven.google.com/androidx/savedstate/savedstate/1.3.3/savedstate-1.3.3.pom.sha512 for the dependency androidx.savedstate:savedstate:1.3.3
00:06.445 DEBUG :portfolio-in-compose-multiplatform:resolveDependenciesWasmJsTest DependencyFileImpl        Downloaded https://maven.google.com/androidx/savedstate/savedstate-compose/1.3.3/savedstate-compose-1.3.3.module for the dependency androidx.savedstate:savedstate-compose:1.3.3
00:06.452 DEBUG :portfolio-in-compose-multiplatform:resolveDependenciesWasmJs DependencyFileImpl        Downloaded https://maven.google.com/androidx/lifecycle/lifecycle-viewmodel-savedstate-wasm-js/2.9.4/lifecycle-viewmodel-savedstate-wasm-js-2.9.4.module.sha512 for the dependency androidx.lifecycle:lifecycle-viewmodel-savedstate-wasm-js:2.9.4
00:06.453 DEBUG :portfolio-in-compose-multiplatform:resolveDependenciesWasmJs DependencyFileImpl        Downloaded https://maven.google.com/androidx/savedstate/savedstate/1.3.3/savedstate-1.3.3.pom for the dependency androidx.savedstate:savedstate:1.3.3
00:06.453 DEBUG :portfolio-in-compose-multiplatform:resolveDependenciesWasmJs DependencyFileImpl        Downloaded https://maven.google.com/androidx/compose/runtime/runtime-saveable-wasm-js/1.10.5/runtime-saveable-wasm-js-1.10.5.pom for the dependency androidx.compose.runtime:runtime-saveable-wasm-js:1.10.5
00:06.459 DEBUG :portfolio-in-compose-multiplatform:resolveDependenciesWasmJsTest DependencyFileImpl        Downloaded https://maven.google.com/androidx/compose/runtime/runtime-wasm-js/1.10.5/runtime-wasm-js-1.10.5.module.sha512 for the dependency androidx.compose.runtime:runtime-wasm-js:1.10.5
00:06.470 DEBUG :portfolio-in-compose-multiplatform:resolveDependenciesWasmJsTest DependencyFileImpl        Downloaded https://maven.google.com/androidx/lifecycle/lifecycle-common-wasm-js/2.9.4/lifecycle-common-wasm-js-2.9.4.module.sha512 for the dependency androidx.lifecycle:lifecycle-common-wasm-js:2.9.4
00:06.483 DEBUG :portfolio-in-compose-multiplatform:resolveDependenciesWasmJsTest DependencyFileImpl        Downloaded https://maven.google.com/androidx/lifecycle/lifecycle-viewmodel-wasm-js/2.9.4/lifecycle-viewmodel-wasm-js-2.9.4.module for the dependency androidx.lifecycle:lifecycle-viewmodel-wasm-js:2.9.4
00:06.497 DEBUG :portfolio-in-compose-multiplatform:resolveDependenciesWasmJsTest DependencyFileImpl        Downloaded https://maven.google.com/androidx/lifecycle/lifecycle-runtime-wasm-js/2.9.4/lifecycle-runtime-wasm-js-2.9.4.module.sha512 for the dependency androidx.lifecycle:lifecycle-runtime-wasm-js:2.9.4
00:06.505 DEBUG :portfolio-in-compose-multiplatform:resolveDependenciesWasmJs DependencyFileImpl        Downloaded https://maven.google.com/androidx/lifecycle/lifecycle-runtime-compose-wasm-js/2.9.4/lifecycle-runtime-compose-wasm-js-2.9.4.module.sha512 for the dependency androidx.lifecycle:lifecycle-runtime-compose-wasm-js:2.9.4
00:06.536 DEBUG :portfolio-in-compose-multiplatform:resolveDependenciesWasmJsTest DependencyFileImpl        Not found URL: https://repo1.maven.org/maven2/androidx/compose/runtime/runtime-saveable-wasm-js/1.10.5/runtime-saveable-wasm-js-1.10.5.module.sha512
00:06.566 DEBUG :portfolio-in-compose-multiplatform:resolveDependenciesWasmJs DependencyFileImpl        Downloaded https://maven.google.com/androidx/lifecycle/lifecycle-viewmodel-savedstate-wasm-js/2.9.4/lifecycle-viewmodel-savedstate-wasm-js-2.9.4.module for the dependency androidx.lifecycle:lifecycle-viewmodel-savedstate-wasm-js:2.9.4
00:06.582 DEBUG :portfolio-in-compose-multiplatform:resolveDependenciesWasmJsTest DependencyFileImpl        Downloaded https://maven.google.com/androidx/lifecycle/lifecycle-common-wasm-js/2.9.4/lifecycle-common-wasm-js-2.9.4.module for the dependency androidx.lifecycle:lifecycle-common-wasm-js:2.9.4
00:06.589 DEBUG :portfolio-in-compose-multiplatform:resolveDependenciesWasmJsTest DependencyFileImpl        Downloaded https://maven.google.com/androidx/compose/runtime/runtime-wasm-js/1.10.5/runtime-wasm-js-1.10.5.module for the dependency androidx.compose.runtime:runtime-wasm-js:1.10.5
00:06.607 DEBUG :portfolio-in-compose-multiplatform:resolveDependenciesWasmJsTest DependencyFileImpl        Downloaded https://maven.google.com/androidx/lifecycle/lifecycle-runtime-wasm-js/2.9.4/lifecycle-runtime-wasm-js-2.9.4.module for the dependency androidx.lifecycle:lifecycle-runtime-wasm-js:2.9.4
00:06.619 DEBUG :portfolio-in-compose-multiplatform:resolveDependenciesWasmJs DependencyFileImpl        Downloaded https://maven.google.com/androidx/lifecycle/lifecycle-runtime-compose-wasm-js/2.9.4/lifecycle-runtime-compose-wasm-js-2.9.4.module for the dependency androidx.lifecycle:lifecycle-runtime-compose-wasm-js:2.9.4
00:06.636 DEBUG :portfolio-in-compose-multiplatform:resolveDependenciesWasmJsTest DependencyFileImpl        Not found URL: https://repo1.maven.org/maven2/androidx/savedstate/savedstate-compose-wasm-js/1.3.3/savedstate-compose-wasm-js-1.3.3.pom.sha512
00:06.643 DEBUG :portfolio-in-compose-multiplatform:resolveDependenciesWasmJsTest DependencyFileImpl        Downloaded https://maven.google.com/androidx/compose/runtime/runtime-saveable-wasm-js/1.10.5/runtime-saveable-wasm-js-1.10.5.module.sha512 for the dependency androidx.compose.runtime:runtime-saveable-wasm-js:1.10.5
00:06.748 DEBUG :portfolio-in-compose-multiplatform:resolveDependenciesWasmJsTest DependencyFileImpl        Downloaded https://maven.google.com/androidx/savedstate/savedstate-compose-wasm-js/1.3.3/savedstate-compose-wasm-js-1.3.3.pom.sha512 for the dependency androidx.savedstate:savedstate-compose-wasm-js:1.3.3
00:06.767 DEBUG :portfolio-in-compose-multiplatform:resolveDependenciesWasmJsTest DependencyFileImpl        Downloaded https://maven.google.com/androidx/compose/runtime/runtime-saveable-wasm-js/1.10.5/runtime-saveable-wasm-js-1.10.5.module for the dependency androidx.compose.runtime:runtime-saveable-wasm-js:1.10.5
00:06.810 DEBUG :portfolio-in-compose-multiplatform:resolveDependenciesWasmJs DependencyFileImpl        Not found URL: https://repo1.maven.org/maven2/org/jetbrains/kotlinx/kotlinx-browser/0.5.0/kotlinx-browser-0.5.0.module.sha512
00:06.811 DEBUG :portfolio-in-compose-multiplatform:resolveDependenciesWasmJs DependencyFileImpl        Downloaded https://repo1.maven.org/maven2/org/jetbrains/compose/animation/animation-core/1.10.3/animation-core-1.10.3.pom.sha512 for the dependency org.jetbrains.compose.animation:animation-core:1.10.3
00:06.811 DEBUG :portfolio-in-compose-multiplatform:resolveDependenciesWasmJs DependencyFileImpl        Not found URL: https://repo1.maven.org/maven2/org/jetbrains/kotlin/kotlin-stdlib/2.3.21/kotlin-stdlib-2.3.21.module.sha512
00:06.812 DEBUG :portfolio-in-compose-multiplatform:resolveDependenciesWasmJs DependencyFileImpl        Downloaded https://repo1.maven.org/maven2/org/jetbrains/kotlinx/kotlinx-serialization-core/1.7.3/kotlinx-serialization-core-1.7.3.pom.sha512 for the dependency org.jetbrains.kotlinx:kotlinx-serialization-core:1.7.3
00:06.813 DEBUG :portfolio-in-compose-multiplatform:resolveDependenciesWasmJs DependencyFileImpl        Downloaded https://repo1.maven.org/maven2/org/jetbrains/kotlinx/kotlinx-coroutines-core/1.9.0/kotlinx-coroutines-core-1.9.0.pom.sha512 for the dependency org.jetbrains.kotlinx:kotlinx-coroutines-core:1.9.0
00:06.826 DEBUG :portfolio-in-compose-multiplatform:resolveDependenciesWasmJs DependencyFileImpl        Downloaded https://repo1.maven.org/maven2/org/jetbrains/compose/animation/animation-core/1.10.3/animation-core-1.10.3.pom for the dependency org.jetbrains.compose.animation:animation-core:1.10.3
00:06.827 DEBUG :portfolio-in-compose-multiplatform:resolveDependenciesWasmJs DependencyFileImpl        Downloaded https://repo1.maven.org/maven2/org/jetbrains/kotlinx/kotlinx-serialization-core/1.7.3/kotlinx-serialization-core-1.7.3.pom for the dependency org.jetbrains.kotlinx:kotlinx-serialization-core:1.7.3
00:06.830 DEBUG :portfolio-in-compose-multiplatform:resolveDependenciesWasmJs DependencyFileImpl        Downloaded https://repo1.maven.org/maven2/org/jetbrains/kotlinx/kotlinx-coroutines-core/1.9.0/kotlinx-coroutines-core-1.9.0.pom for the dependency org.jetbrains.kotlinx:kotlinx-coroutines-core:1.9.0
00:06.837 DEBUG :portfolio-in-compose-multiplatform:resolveDependenciesWasmJs DependencyFileImpl        Not found URL: https://repo1.maven.org/maven2/androidx/savedstate/savedstate/1.3.3/savedstate-1.3.3.module.sha512
00:06.845 DEBUG :portfolio-in-compose-multiplatform:resolveDependenciesWasmJs DependencyFileImpl        Downloaded https://repo1.maven.org/maven2/org/jetbrains/kotlinx/kotlinx-serialization-core/1.7.3/kotlinx-serialization-core-1.7.3.module.sha512 for the dependency org.jetbrains.kotlinx:kotlinx-serialization-core:1.7.3
00:06.846 DEBUG :portfolio-in-compose-multiplatform:resolveDependenciesWasmJs DependencyFileImpl        Downloaded https://repo1.maven.org/maven2/org/jetbrains/kotlinx/kotlinx-coroutines-core/1.9.0/kotlinx-coroutines-core-1.9.0.module.sha512 for the dependency org.jetbrains.kotlinx:kotlinx-coroutines-core:1.9.0
00:06.850 DEBUG :portfolio-in-compose-multiplatform:resolveDependenciesWasmJs DependencyFileImpl        Downloaded https://repo1.maven.org/maven2/org/jetbrains/compose/animation/animation-core/1.10.3/animation-core-1.10.3.module.sha512 for the dependency org.jetbrains.compose.animation:animation-core:1.10.3
00:06.861 DEBUG :portfolio-in-compose-multiplatform:resolveDependenciesWasmJs DependencyFileImpl        Downloaded https://repo1.maven.org/maven2/org/jetbrains/kotlinx/kotlinx-serialization-core/1.7.3/kotlinx-serialization-core-1.7.3.module for the dependency org.jetbrains.kotlinx:kotlinx-serialization-core:1.7.3
00:06.865 DEBUG :portfolio-in-compose-multiplatform:resolveDependenciesWasmJs DependencyFileImpl        Downloaded https://repo1.maven.org/maven2/org/jetbrains/compose/animation/animation-core/1.10.3/animation-core-1.10.3.module for the dependency org.jetbrains.compose.animation:animation-core:1.10.3
00:06.866 DEBUG :portfolio-in-compose-multiplatform:resolveDependenciesWasmJs DependencyFileImpl        Downloaded https://repo1.maven.org/maven2/org/jetbrains/kotlinx/kotlinx-coroutines-core/1.9.0/kotlinx-coroutines-core-1.9.0.module for the dependency org.jetbrains.kotlinx:kotlinx-coroutines-core:1.9.0
00:06.882 DEBUG :portfolio-in-compose-multiplatform:resolveDependenciesWasmJs DependencyFileImpl        Downloaded https://repo1.maven.org/maven2/org/jetbrains/kotlinx/kotlinx-serialization-core-wasm-js/1.7.3/kotlinx-serialization-core-wasm-js-1.7.3.pom.sha512 for the dependency org.jetbrains.kotlinx:kotlinx-serialization-core-wasm-js:1.7.3
00:06.884 DEBUG :portfolio-in-compose-multiplatform:resolveDependenciesWasmJs DependencyFileImpl        Not found URL: https://repo1.maven.org/maven2/androidx/savedstate/savedstate-compose-wasm-js/1.3.3/savedstate-compose-wasm-js-1.3.3.pom
00:06.886 DEBUG :portfolio-in-compose-multiplatform:resolveDependenciesWasmJs DependencyFileImpl        Downloaded https://repo1.maven.org/maven2/org/jetbrains/kotlinx/kotlinx-coroutines-core-wasm-js/1.9.0/kotlinx-coroutines-core-wasm-js-1.9.0.pom.sha512 for the dependency org.jetbrains.kotlinx:kotlinx-coroutines-core-wasm-js:1.9.0
00:06.887 DEBUG :portfolio-in-compose-multiplatform:resolveDependenciesWasmJs DependencyFileImpl        Downloaded https://repo1.maven.org/maven2/org/jetbrains/compose/animation/animation-core-wasm-js/1.10.3/animation-core-wasm-js-1.10.3.pom.sha512 for the dependency org.jetbrains.compose.animation:animation-core-wasm-js:1.10.3
00:06.896 DEBUG :portfolio-in-compose-multiplatform:resolveDependenciesWasmJs DependencyFileImpl        Downloaded https://repo1.maven.org/maven2/org/jetbrains/kotlinx/kotlinx-serialization-core-wasm-js/1.7.3/kotlinx-serialization-core-wasm-js-1.7.3.pom for the dependency org.jetbrains.kotlinx:kotlinx-serialization-core-wasm-js:1.7.3
00:06.899 DEBUG :portfolio-in-compose-multiplatform:resolveDependenciesWasmJs DependencyFileImpl        Not found URL: https://repo1.maven.org/maven2/androidx/compose/runtime/runtime-annotation/1.10.5/runtime-annotation-1.10.5.pom.sha512
00:06.901 DEBUG :portfolio-in-compose-multiplatform:resolveDependenciesWasmJs DependencyFileImpl        Downloaded https://repo1.maven.org/maven2/org/jetbrains/kotlinx/kotlinx-coroutines-core-wasm-js/1.9.0/kotlinx-coroutines-core-wasm-js-1.9.0.pom for the dependency org.jetbrains.kotlinx:kotlinx-coroutines-core-wasm-js:1.9.0
00:06.902 DEBUG :portfolio-in-compose-multiplatform:resolveDependenciesWasmJs DependencyFileImpl        Downloaded https://repo1.maven.org/maven2/org/jetbrains/compose/animation/animation-core-wasm-js/1.10.3/animation-core-wasm-js-1.10.3.pom for the dependency org.jetbrains.compose.animation:animation-core-wasm-js:1.10.3
00:06.906 DEBUG :portfolio-in-compose-multiplatform:resolveDependenciesWasmJs DependencyFileImpl        Not found URL: https://maven.google.com/org/jetbrains/kotlinx/kotlinx-browser/0.5.0/kotlinx-browser-0.5.0.module.sha512
00:06.910 DEBUG :portfolio-in-compose-multiplatform:resolveDependenciesWasmJs DependencyFileImpl        Downloaded https://repo1.maven.org/maven2/org/jetbrains/kotlinx/kotlinx-serialization-core-wasm-js/1.7.3/kotlinx-serialization-core-wasm-js-1.7.3.module.sha512 for the dependency org.jetbrains.kotlinx:kotlinx-serialization-core-wasm-js:1.7.3
00:06.912 DEBUG :portfolio-in-compose-multiplatform:resolveDependenciesWasmJs DependencyFileImpl        Downloaded https://maven.google.com/androidx/savedstate/savedstate/1.3.3/savedstate-1.3.3.module.sha512 for the dependency androidx.savedstate:savedstate:1.3.3
00:06.916 DEBUG :portfolio-in-compose-multiplatform:resolveDependenciesWasmJs DependencyFileImpl        Not found URL: https://repo1.maven.org/maven2/org/jetbrains/kotlinx/atomicfu/0.27.0/atomicfu-0.27.0.pom.sha512
00:06.916 DEBUG :portfolio-in-compose-multiplatform:resolveDependenciesWasmJs DependencyFileImpl        Downloaded https://repo1.maven.org/maven2/org/jetbrains/kotlinx/kotlinx-coroutines-core-wasm-js/1.9.0/kotlinx-coroutines-core-wasm-js-1.9.0.module.sha512 for the dependency org.jetbrains.kotlinx:kotlinx-coroutines-core-wasm-js:1.9.0
00:06.917 DEBUG :portfolio-in-compose-multiplatform:resolveDependenciesWasmJs DependencyFileImpl        Downloaded https://repo1.maven.org/maven2/org/jetbrains/compose/animation/animation-core-wasm-js/1.10.3/animation-core-wasm-js-1.10.3.module.sha512 for the dependency org.jetbrains.compose.animation:animation-core-wasm-js:1.10.3
00:06.918 DEBUG :portfolio-in-compose-multiplatform:resolveDependenciesWasmJs DependencyFileImpl        Not found URL: https://repo1.maven.org/maven2/org/jetbrains/kotlinx/kotlinx-browser/0.5.0/kotlinx-browser-0.5.0.module.sha256
00:06.923 DEBUG :portfolio-in-compose-multiplatform:resolveDependenciesWasmJs DependencyFileImpl        Downloaded https://repo1.maven.org/maven2/org/jetbrains/kotlinx/kotlinx-serialization-core-wasm-js/1.7.3/kotlinx-serialization-core-wasm-js-1.7.3.module for the dependency org.jetbrains.kotlinx:kotlinx-serialization-core-wasm-js:1.7.3
00:06.931 DEBUG :portfolio-in-compose-multiplatform:resolveDependenciesWasmJs DependencyFileImpl        Downloaded https://repo1.maven.org/maven2/org/jetbrains/kotlinx/kotlinx-coroutines-core-wasm-js/1.9.0/kotlinx-coroutines-core-wasm-js-1.9.0.module for the dependency org.jetbrains.kotlinx:kotlinx-coroutines-core-wasm-js:1.9.0
00:06.932 DEBUG :portfolio-in-compose-multiplatform:resolveDependenciesWasmJs DependencyFileImpl        Downloaded https://repo1.maven.org/maven2/org/jetbrains/compose/animation/animation-core-wasm-js/1.10.3/animation-core-wasm-js-1.10.3.module for the dependency org.jetbrains.compose.animation:animation-core-wasm-js:1.10.3
00:06.947 DEBUG :portfolio-in-compose-multiplatform:resolveDependenciesWasmJs DependencyFileImpl        Downloaded https://maven.google.com/androidx/savedstate/savedstate/1.3.3/savedstate-1.3.3.module for the dependency androidx.savedstate:savedstate:1.3.3
00:06.973 DEBUG :portfolio-in-compose-multiplatform:resolveDependenciesWasmJs DependencyFileImpl        Downloaded https://maven.google.com/androidx/savedstate/savedstate-compose-wasm-js/1.3.3/savedstate-compose-wasm-js-1.3.3.pom for the dependency androidx.savedstate:savedstate-compose-wasm-js:1.3.3
00:06.991 DEBUG :portfolio-in-compose-multiplatform:resolveDependenciesWasmJsTest DependencyFileImpl        Not found URL: https://repo1.maven.org/maven2/androidx/savedstate/savedstate-wasm-js/1.3.3/savedstate-wasm-js-1.3.3.pom.sha512
00:07.011 DEBUG :portfolio-in-compose-multiplatform:resolveDependenciesWasmJs DependencyFileImpl        Downloaded https://maven.google.com/androidx/compose/runtime/runtime-annotation/1.10.5/runtime-annotation-1.10.5.pom.sha512 for the dependency androidx.compose.runtime:runtime-annotation:1.10.5
00:07.013 DEBUG :portfolio-in-compose-multiplatform:resolveDependenciesWasmJs DependencyFileImpl        Not found URL: https://maven.google.com/org/jetbrains/kotlinx/atomicfu/0.27.0/atomicfu-0.27.0.pom.sha512
00:07.023 DEBUG :portfolio-in-compose-multiplatform:resolveDependenciesWasmJs DependencyFileImpl        Not found URL: https://maven.google.com/org/jetbrains/kotlinx/kotlinx-browser/0.5.0/kotlinx-browser-0.5.0.module.sha256
00:07.038 DEBUG :portfolio-in-compose-multiplatform:resolveDependenciesWasmJs DependencyFileImpl        Downloaded https://repo1.maven.org/maven2/org/jetbrains/kotlinx/kotlinx-browser/0.5.0/kotlinx-browser-0.5.0.module.sha1 for the dependency org.jetbrains.kotlinx:kotlinx-browser:0.5.0
00:07.053 DEBUG :portfolio-in-compose-multiplatform:resolveDependenciesWasmJs DependencyFileImpl        Downloaded https://repo1.maven.org/maven2/org/jetbrains/kotlinx/kotlinx-browser/0.5.0/kotlinx-browser-0.5.0.module for the dependency org.jetbrains.kotlinx:kotlinx-browser:0.5.0
00:07.094 DEBUG :portfolio-in-compose-multiplatform:resolveDependenciesWasmJsTest DependencyFileImpl        Not found URL: https://repo1.maven.org/maven2/org/jetbrains/kotlinx/kotlinx-browser-wasm-js/0.5.0/kotlinx-browser-wasm-js-0.5.0.pom.sha512
00:07.112 DEBUG :portfolio-in-compose-multiplatform:resolveDependenciesWasmJs DependencyFileImpl        Downloaded https://maven.google.com/androidx/compose/runtime/runtime-annotation/1.10.5/runtime-annotation-1.10.5.pom for the dependency androidx.compose.runtime:runtime-annotation:1.10.5
00:07.118 DEBUG :portfolio-in-compose-multiplatform:resolveDependenciesWasmJs DependencyFileImpl        Not found URL: https://repo1.maven.org/maven2/org/jetbrains/kotlinx/atomicfu/0.27.0/atomicfu-0.27.0.pom.sha256
00:07.141 DEBUG :portfolio-in-compose-multiplatform:resolveDependenciesWasmJsTest DependencyFileImpl        Downloaded https://maven.google.com/androidx/savedstate/savedstate-wasm-js/1.3.3/savedstate-wasm-js-1.3.3.pom.sha512 for the dependency androidx.savedstate:savedstate-wasm-js:1.3.3
00:07.141 DEBUG :portfolio-in-compose-multiplatform:resolveDependenciesWasmJs DependencyFileImpl        Downloaded https://maven.google.com/androidx/savedstate/savedstate-compose-wasm-js/1.3.3/savedstate-compose-wasm-js-1.3.3.module.sha512 for the dependency androidx.savedstate:savedstate-compose-wasm-js:1.3.3
00:07.187 DEBUG :portfolio-in-compose-multiplatform:resolveDependenciesWasmJs DependencyFileImpl        Not found URL: https://repo1.maven.org/maven2/androidx/compose/runtime/runtime-annotation/1.10.5/runtime-annotation-1.10.5.module.sha512
00:07.227 DEBUG :portfolio-in-compose-multiplatform:resolveDependenciesWasmJsTest DependencyFileImpl        Not found URL: https://maven.google.com/org/jetbrains/kotlinx/kotlinx-browser-wasm-js/0.5.0/kotlinx-browser-wasm-js-0.5.0.pom.sha512
00:07.273 DEBUG :portfolio-in-compose-multiplatform:resolveDependenciesWasmJsTest DependencyFileImpl        Not found URL: https://repo1.maven.org/maven2/org/jetbrains/kotlinx/kotlinx-browser-wasm-js/0.5.0/kotlinx-browser-wasm-js-0.5.0.pom.sha256
00:07.275 DEBUG :portfolio-in-compose-multiplatform:resolveDependenciesWasmJs DependencyFileImpl        Not found URL: https://maven.google.com/org/jetbrains/kotlinx/atomicfu/0.27.0/atomicfu-0.27.0.pom.sha256
00:07.289 DEBUG :portfolio-in-compose-multiplatform:resolveDependenciesWasmJs DependencyFileImpl        Downloaded https://repo1.maven.org/maven2/org/jetbrains/kotlinx/atomicfu/0.27.0/atomicfu-0.27.0.pom.sha1 for the dependency org.jetbrains.kotlinx:atomicfu:0.27.0
00:07.304 DEBUG :portfolio-in-compose-multiplatform:resolveDependenciesWasmJs DependencyFileImpl        Downloaded https://repo1.maven.org/maven2/org/jetbrains/kotlinx/atomicfu/0.27.0/atomicfu-0.27.0.pom for the dependency org.jetbrains.kotlinx:atomicfu:0.27.0
00:07.308 DEBUG :portfolio-in-compose-multiplatform:resolveDependenciesWasmJs DependencyFileImpl        Downloaded https://maven.google.com/androidx/savedstate/savedstate-compose-wasm-js/1.3.3/savedstate-compose-wasm-js-1.3.3.module for the dependency androidx.savedstate:savedstate-compose-wasm-js:1.3.3
00:07.320 DEBUG :portfolio-in-compose-multiplatform:resolveDependenciesWasmJsTest DependencyFileImpl        Downloaded https://maven.google.com/androidx/savedstate/savedstate-wasm-js/1.3.3/savedstate-wasm-js-1.3.3.pom for the dependency androidx.savedstate:savedstate-wasm-js:1.3.3
00:07.354 DEBUG :portfolio-in-compose-multiplatform:resolveDependenciesWasmJs DependencyFileImpl        Downloaded https://maven.google.com/androidx/compose/runtime/runtime-annotation/1.10.5/runtime-annotation-1.10.5.module.sha512 for the dependency androidx.compose.runtime:runtime-annotation:1.10.5
00:07.388 DEBUG :portfolio-in-compose-multiplatform:resolveDependenciesWasmJs DependencyFileImpl        Not found URL: https://repo1.maven.org/maven2/org/jetbrains/kotlinx/atomicfu/0.27.0/atomicfu-0.27.0.module.sha512
00:07.439 DEBUG :portfolio-in-compose-multiplatform:resolveDependenciesWasmJsTest DependencyFileImpl        Not found URL: https://maven.google.com/org/jetbrains/kotlinx/kotlinx-browser-wasm-js/0.5.0/kotlinx-browser-wasm-js-0.5.0.pom.sha256
00:07.454 DEBUG :portfolio-in-compose-multiplatform:resolveDependenciesWasmJsTest DependencyFileImpl        Downloaded https://repo1.maven.org/maven2/org/jetbrains/kotlinx/kotlinx-browser-wasm-js/0.5.0/kotlinx-browser-wasm-js-0.5.0.pom.sha1 for the dependency org.jetbrains.kotlinx:kotlinx-browser-wasm-js:0.5.0
00:07.468 DEBUG :portfolio-in-compose-multiplatform:resolveDependenciesWasmJsTest DependencyFileImpl        Downloaded https://repo1.maven.org/maven2/org/jetbrains/kotlinx/kotlinx-browser-wasm-js/0.5.0/kotlinx-browser-wasm-js-0.5.0.pom for the dependency org.jetbrains.kotlinx:kotlinx-browser-wasm-js:0.5.0
00:07.485 DEBUG :portfolio-in-compose-multiplatform:resolveDependenciesWasmJsTest DependencyFileImpl        Downloaded https://maven.google.com/androidx/savedstate/savedstate-wasm-js/1.3.3/savedstate-wasm-js-1.3.3.module.sha512 for the dependency androidx.savedstate:savedstate-wasm-js:1.3.3
00:07.507 DEBUG :portfolio-in-compose-multiplatform:resolveDependenciesWasmJsTest DependencyFileImpl        Not found URL: https://repo1.maven.org/maven2/org/jetbrains/kotlinx/kotlinx-browser-wasm-js/0.5.0/kotlinx-browser-wasm-js-0.5.0.module.sha512
00:07.524 DEBUG :portfolio-in-compose-multiplatform:resolveDependenciesWasmJs DependencyFileImpl        Downloaded https://maven.google.com/androidx/compose/runtime/runtime-annotation/1.10.5/runtime-annotation-1.10.5.module for the dependency androidx.compose.runtime:runtime-annotation:1.10.5
00:07.557 DEBUG :portfolio-in-compose-multiplatform:resolveDependenciesWasmJs DependencyFileImpl        Not found URL: https://maven.google.com/org/jetbrains/kotlinx/atomicfu/0.27.0/atomicfu-0.27.0.module.sha512
00:07.565 DEBUG :portfolio-in-compose-multiplatform:resolveDependenciesWasmJs DependencyFileImpl        Not found URL: https://repo1.maven.org/maven2/androidx/compose/runtime/runtime-annotation-wasm-js/1.10.5/runtime-annotation-wasm-js-1.10.5.pom.sha512
00:07.656 DEBUG :portfolio-in-compose-multiplatform:resolveDependenciesWasmJsTest DependencyFileImpl        Not found URL: https://maven.google.com/org/jetbrains/kotlinx/kotlinx-browser-wasm-js/0.5.0/kotlinx-browser-wasm-js-0.5.0.module.sha512
00:07.671 DEBUG :portfolio-in-compose-multiplatform:resolveDependenciesWasmJs DependencyFileImpl        Not found URL: https://repo1.maven.org/maven2/org/jetbrains/kotlinx/atomicfu/0.27.0/atomicfu-0.27.0.module.sha256
00:07.688 DEBUG :portfolio-in-compose-multiplatform:resolveDependenciesWasmJsTest DependencyFileImpl        Downloaded https://maven.google.com/androidx/savedstate/savedstate-wasm-js/1.3.3/savedstate-wasm-js-1.3.3.module for the dependency androidx.savedstate:savedstate-wasm-js:1.3.3
00:07.698 DEBUG :portfolio-in-compose-multiplatform:resolveDependenciesWasmJsTest DependencyFileImpl        Not found URL: https://repo1.maven.org/maven2/org/jetbrains/kotlinx/kotlinx-browser-wasm-js/0.5.0/kotlinx-browser-wasm-js-0.5.0.module.sha256
00:07.734 DEBUG :portfolio-in-compose-multiplatform:resolveDependenciesWasmJs DependencyFileImpl        Downloaded https://maven.google.com/androidx/compose/runtime/runtime-annotation-wasm-js/1.10.5/runtime-annotation-wasm-js-1.10.5.pom.sha512 for the dependency androidx.compose.runtime:runtime-annotation-wasm-js:1.10.5
00:07.825 DEBUG :portfolio-in-compose-multiplatform:resolveDependenciesWasmJs DependencyFileImpl        Not found URL: https://maven.google.com/org/jetbrains/kotlinx/atomicfu/0.27.0/atomicfu-0.27.0.module.sha256
00:07.840 DEBUG :portfolio-in-compose-multiplatform:resolveDependenciesWasmJs DependencyFileImpl        Downloaded https://repo1.maven.org/maven2/org/jetbrains/kotlinx/atomicfu/0.27.0/atomicfu-0.27.0.module.sha1 for the dependency org.jetbrains.kotlinx:atomicfu:0.27.0
00:07.857 DEBUG :portfolio-in-compose-multiplatform:resolveDependenciesWasmJs DependencyFileImpl        Downloaded https://repo1.maven.org/maven2/org/jetbrains/kotlinx/atomicfu/0.27.0/atomicfu-0.27.0.module for the dependency org.jetbrains.kotlinx:atomicfu:0.27.0
00:07.869 DEBUG :portfolio-in-compose-multiplatform:resolveDependenciesWasmJsTest DependencyFileImpl        Not found URL: https://maven.google.com/org/jetbrains/kotlinx/kotlinx-browser-wasm-js/0.5.0/kotlinx-browser-wasm-js-0.5.0.module.sha256
00:07.886 DEBUG :portfolio-in-compose-multiplatform:resolveDependenciesWasmJsTest DependencyFileImpl        Downloaded https://repo1.maven.org/maven2/org/jetbrains/kotlinx/kotlinx-browser-wasm-js/0.5.0/kotlinx-browser-wasm-js-0.5.0.module.sha1 for the dependency org.jetbrains.kotlinx:kotlinx-browser-wasm-js:0.5.0
00:07.899 DEBUG :portfolio-in-compose-multiplatform:resolveDependenciesWasmJs DependencyFileImpl        Downloaded https://maven.google.com/androidx/compose/runtime/runtime-annotation-wasm-js/1.10.5/runtime-annotation-wasm-js-1.10.5.pom for the dependency androidx.compose.runtime:runtime-annotation-wasm-js:1.10.5
00:07.901 DEBUG :portfolio-in-compose-multiplatform:resolveDependenciesWasmJsTest DependencyFileImpl        Downloaded https://repo1.maven.org/maven2/org/jetbrains/kotlinx/kotlinx-browser-wasm-js/0.5.0/kotlinx-browser-wasm-js-0.5.0.module for the dependency org.jetbrains.kotlinx:kotlinx-browser-wasm-js:0.5.0
00:07.964 DEBUG :portfolio-in-compose-multiplatform:resolveDependenciesWasmJs DependencyFileImpl        Not found URL: https://repo1.maven.org/maven2/org/jetbrains/kotlinx/atomicfu-wasm-js/0.27.0/atomicfu-wasm-js-0.27.0.pom.sha512
00:08.073 DEBUG :portfolio-in-compose-multiplatform:resolveDependenciesWasmJs DependencyFileImpl        Downloaded https://maven.google.com/androidx/compose/runtime/runtime-annotation-wasm-js/1.10.5/runtime-annotation-wasm-js-1.10.5.module.sha512 for the dependency androidx.compose.runtime:runtime-annotation-wasm-js:1.10.5
00:08.115 DEBUG :portfolio-in-compose-multiplatform:resolveDependenciesWasmJs DependencyFileImpl        Not found URL: https://maven.google.com/org/jetbrains/kotlinx/atomicfu-wasm-js/0.27.0/atomicfu-wasm-js-0.27.0.pom.sha512
00:08.214 DEBUG :portfolio-in-compose-multiplatform:resolveDependenciesWasmJs DependencyFileImpl        Not found URL: https://repo1.maven.org/maven2/org/jetbrains/kotlinx/atomicfu-wasm-js/0.27.0/atomicfu-wasm-js-0.27.0.pom.sha256
00:08.245 DEBUG :portfolio-in-compose-multiplatform:resolveDependenciesWasmJs DependencyFileImpl        Downloaded https://maven.google.com/androidx/compose/runtime/runtime-annotation-wasm-js/1.10.5/runtime-annotation-wasm-js-1.10.5.module for the dependency androidx.compose.runtime:runtime-annotation-wasm-js:1.10.5
00:08.272 DEBUG :portfolio-in-compose-multiplatform:resolveDependenciesWasmJsTest DependencyFileImpl        Not found URL: https://repo1.maven.org/maven2/org/jetbrains/kotlin/kotlin-stdlib/2.3.21/kotlin-stdlib-2.3.21.module.sha512
00:08.394 DEBUG :portfolio-in-compose-multiplatform:resolveDependenciesWasmJsTest DependencyFileImpl        Not found URL: https://maven.google.com/org/jetbrains/kotlin/kotlin-stdlib/2.3.21/kotlin-stdlib-2.3.21.module.sha512
00:08.415 DEBUG :portfolio-in-compose-multiplatform:resolveDependenciesWasmJs DependencyFileImpl        Not found URL: https://maven.google.com/org/jetbrains/kotlinx/atomicfu-wasm-js/0.27.0/atomicfu-wasm-js-0.27.0.pom.sha256
00:08.430 DEBUG :portfolio-in-compose-multiplatform:resolveDependenciesWasmJs DependencyFileImpl        Downloaded https://repo1.maven.org/maven2/org/jetbrains/kotlinx/atomicfu-wasm-js/0.27.0/atomicfu-wasm-js-0.27.0.pom.sha1 for the dependency org.jetbrains.kotlinx:atomicfu-wasm-js:0.27.0
00:08.445 DEBUG :portfolio-in-compose-multiplatform:resolveDependenciesWasmJs DependencyFileImpl        Downloaded https://repo1.maven.org/maven2/org/jetbrains/kotlinx/atomicfu-wasm-js/0.27.0/atomicfu-wasm-js-0.27.0.pom for the dependency org.jetbrains.kotlinx:atomicfu-wasm-js:0.27.0
00:08.524 DEBUG :portfolio-in-compose-multiplatform:resolveDependenciesWasmJs DependencyFileImpl        Not found URL: https://repo1.maven.org/maven2/org/jetbrains/kotlinx/atomicfu-wasm-js/0.27.0/atomicfu-wasm-js-0.27.0.module.sha512
00:08.526 DEBUG :portfolio-in-compose-multiplatform:resolveDependenciesWasmJsTest DependencyFileImpl        Not found URL: https://repo1.maven.org/maven2/org/jetbrains/kotlin/kotlin-stdlib/2.3.21/kotlin-stdlib-2.3.21.module.sha256
00:08.690 DEBUG :portfolio-in-compose-multiplatform:resolveDependenciesWasmJs DependencyFileImpl        Not found URL: https://maven.google.com/org/jetbrains/kotlinx/atomicfu-wasm-js/0.27.0/atomicfu-wasm-js-0.27.0.module.sha512
00:08.706 DEBUG :portfolio-in-compose-multiplatform:resolveDependenciesWasmJsTest DependencyFileImpl        Not found URL: https://maven.google.com/org/jetbrains/kotlin/kotlin-stdlib/2.3.21/kotlin-stdlib-2.3.21.module.sha256
00:08.725 DEBUG :portfolio-in-compose-multiplatform:resolveDependenciesWasmJsTest DependencyFileImpl        Downloaded https://repo1.maven.org/maven2/org/jetbrains/kotlin/kotlin-stdlib/2.3.21/kotlin-stdlib-2.3.21.module.sha1 for the dependency org.jetbrains.kotlin:kotlin-stdlib:2.3.21
00:08.739 DEBUG :portfolio-in-compose-multiplatform:resolveDependenciesWasmJsTest DependencyFileImpl        Downloaded https://repo1.maven.org/maven2/org/jetbrains/kotlin/kotlin-stdlib/2.3.21/kotlin-stdlib-2.3.21.module for the dependency org.jetbrains.kotlin:kotlin-stdlib:2.3.21
00:08.780 DEBUG :portfolio-in-compose-multiplatform:resolveDependenciesWasmJs DependencyFileImpl        Not found URL: https://repo1.maven.org/maven2/org/jetbrains/kotlinx/atomicfu-wasm-js/0.27.0/atomicfu-wasm-js-0.27.0.module.sha256
00:08.948 DEBUG :portfolio-in-compose-multiplatform:resolveDependenciesWasmJs DependencyFileImpl        Not found URL: https://maven.google.com/org/jetbrains/kotlinx/atomicfu-wasm-js/0.27.0/atomicfu-wasm-js-0.27.0.module.sha256
00:08.961 DEBUG :portfolio-in-compose-multiplatform:resolveDependenciesWasmJs DependencyFileImpl        Downloaded https://repo1.maven.org/maven2/org/jetbrains/kotlinx/atomicfu-wasm-js/0.27.0/atomicfu-wasm-js-0.27.0.module.sha1 for the dependency org.jetbrains.kotlinx:atomicfu-wasm-js:0.27.0
00:08.976 DEBUG :portfolio-in-compose-multiplatform:resolveDependenciesWasmJs DependencyFileImpl        Downloaded https://repo1.maven.org/maven2/org/jetbrains/kotlinx/atomicfu-wasm-js/0.27.0/atomicfu-wasm-js-0.27.0.module for the dependency org.jetbrains.kotlinx:atomicfu-wasm-js:0.27.0
00:09.023 DEBUG :portfolio-in-compose-multiplatform:resolveDependenciesWasmJsTest DependencyFileImpl        Not found URL: https://repo1.maven.org/maven2/org/jetbrains/kotlin/kotlin-stdlib-wasm-js/2.3.21/kotlin-stdlib-wasm-js-2.3.21.pom.sha512
00:09.203 DEBUG :portfolio-in-compose-multiplatform:resolveDependenciesWasmJsTest DependencyFileImpl        Not found URL: https://maven.google.com/org/jetbrains/kotlin/kotlin-stdlib-wasm-js/2.3.21/kotlin-stdlib-wasm-js-2.3.21.pom.sha512
00:09.239 DEBUG :portfolio-in-compose-multiplatform:resolveDependenciesWasmJsTest DependencyFileImpl        Not found URL: https://repo1.maven.org/maven2/org/jetbrains/kotlin/kotlin-stdlib-wasm-js/2.3.21/kotlin-stdlib-wasm-js-2.3.21.pom.sha256
00:09.403 DEBUG :portfolio-in-compose-multiplatform:resolveDependenciesWasmJsTest DependencyFileImpl        Not found URL: https://maven.google.com/org/jetbrains/kotlin/kotlin-stdlib-wasm-js/2.3.21/kotlin-stdlib-wasm-js-2.3.21.pom.sha256
00:09.417 DEBUG :portfolio-in-compose-multiplatform:resolveDependenciesWasmJsTest DependencyFileImpl        Downloaded https://repo1.maven.org/maven2/org/jetbrains/kotlin/kotlin-stdlib-wasm-js/2.3.21/kotlin-stdlib-wasm-js-2.3.21.pom.sha1 for the dependency org.jetbrains.kotlin:kotlin-stdlib-wasm-js:2.3.21
00:09.432 DEBUG :portfolio-in-compose-multiplatform:resolveDependenciesWasmJsTest DependencyFileImpl        Downloaded https://repo1.maven.org/maven2/org/jetbrains/kotlin/kotlin-stdlib-wasm-js/2.3.21/kotlin-stdlib-wasm-js-2.3.21.pom for the dependency org.jetbrains.kotlin:kotlin-stdlib-wasm-js:2.3.21
00:09.473 DEBUG :portfolio-in-compose-multiplatform:resolveDependenciesWasmJsTest DependencyFileImpl        Not found URL: https://repo1.maven.org/maven2/org/jetbrains/kotlin/kotlin-stdlib-wasm-js/2.3.21/kotlin-stdlib-wasm-js-2.3.21.module.sha512
00:09.619 DEBUG :portfolio-in-compose-multiplatform:resolveDependenciesWasmJsTest DependencyFileImpl        Not found URL: https://maven.google.com/org/jetbrains/kotlin/kotlin-stdlib-wasm-js/2.3.21/kotlin-stdlib-wasm-js-2.3.21.module.sha512
00:09.655 DEBUG :portfolio-in-compose-multiplatform:resolveDependenciesWasmJsTest DependencyFileImpl        Not found URL: https://repo1.maven.org/maven2/org/jetbrains/kotlin/kotlin-stdlib-wasm-js/2.3.21/kotlin-stdlib-wasm-js-2.3.21.module.sha256
00:09.798 DEBUG :portfolio-in-compose-multiplatform:resolveDependenciesWasmJsTest DependencyFileImpl        Not found URL: https://maven.google.com/org/jetbrains/kotlin/kotlin-stdlib-wasm-js/2.3.21/kotlin-stdlib-wasm-js-2.3.21.module.sha256
00:09.811 DEBUG :portfolio-in-compose-multiplatform:resolveDependenciesWasmJsTest DependencyFileImpl        Downloaded https://repo1.maven.org/maven2/org/jetbrains/kotlin/kotlin-stdlib-wasm-js/2.3.21/kotlin-stdlib-wasm-js-2.3.21.module.sha1 for the dependency org.jetbrains.kotlin:kotlin-stdlib-wasm-js:2.3.21
00:09.826 DEBUG :portfolio-in-compose-multiplatform:resolveDependenciesWasmJsTest DependencyFileImpl        Downloaded https://repo1.maven.org/maven2/org/jetbrains/kotlin/kotlin-stdlib-wasm-js/2.3.21/kotlin-stdlib-wasm-js-2.3.21.module for the dependency org.jetbrains.kotlin:kotlin-stdlib-wasm-js:2.3.21
00:09.870 DEBUG :portfolio-in-compose-multiplatform:resolveDependenciesWasmJs DependencyFileImpl        Downloaded https://repo1.maven.org/maven2/org/jetbrains/compose/collection-internal/collection-wasm-js/1.10.3/collection-wasm-js-1.10.3.klib for the dependency org.jetbrains.compose.collection-internal:collection-wasm-js:1.10.3
00:09.889 DEBUG :portfolio-in-compose-multiplatform:resolveDependenciesWasmJs DependencyFileImpl        Downloaded https://repo1.maven.org/maven2/org/jetbrains/compose/runtime/runtime-wasm-js/1.10.3/runtime-wasm-js-1.10.3.klib for the dependency org.jetbrains.compose.runtime:runtime-wasm-js:1.10.3
00:09.889 DEBUG :portfolio-in-compose-multiplatform:resolveDependenciesWasmJs DependencyFileImpl        Downloaded https://repo1.maven.org/maven2/org/jetbrains/kotlinx/atomicfu-wasm-js/0.27.0/atomicfu-wasm-js-0.27.0.klib for the dependency org.jetbrains.kotlinx:atomicfu-wasm-js:0.27.0
00:09.889 DEBUG :portfolio-in-compose-multiplatform:resolveDependenciesWasmJs DependencyFileImpl        Downloaded https://repo1.maven.org/maven2/org/jetbrains/compose/annotation-internal/annotation-wasm-js/1.10.3/annotation-wasm-js-1.10.3.klib for the dependency org.jetbrains.compose.annotation-internal:annotation-wasm-js:1.10.3
00:09.930 DEBUG :portfolio-in-compose-multiplatform:resolveDependenciesWasmJs DependencyFileImpl        Downloaded https://repo1.maven.org/maven2/org/jetbrains/compose/material/material-ripple-wasm-js/1.9.3/material-ripple-wasm-js-1.9.3.klib for the dependency org.jetbrains.compose.material:material-ripple-wasm-js:1.9.3
00:09.940 DEBUG :portfolio-in-compose-multiplatform:resolveDependenciesWasmJs DependencyFileImpl        Downloaded https://repo1.maven.org/maven2/org/jetbrains/kotlinx/kotlinx-datetime-wasm-js/0.7.1/kotlinx-datetime-wasm-js-0.7.1.klib for the dependency org.jetbrains.kotlinx:kotlinx-datetime-wasm-js:0.7.1
00:09.942 DEBUG :portfolio-in-compose-multiplatform:resolveDependenciesWasmJs DependencyFileImpl        Not found URL: https://repo1.maven.org/maven2/androidx/compose/runtime/runtime-wasm-js/1.10.5/runtime-wasm-js-1.10.5.klib
00:09.969 DEBUG :portfolio-in-compose-multiplatform:resolveDependenciesWasmJs DependencyFileImpl        Downloaded https://maven.google.com/androidx/graphics/graphics-shapes-wasm-js/1.1.0/graphics-shapes-wasm-js-1.1.0.klib for the dependency androidx.graphics:graphics-shapes-wasm-js:1.1.0
00:09.981 DEBUG :portfolio-in-compose-multiplatform:resolveDependenciesWasmJs DependencyFileImpl        Downloaded https://repo1.maven.org/maven2/org/jetbrains/kotlinx/kotlinx-browser-wasm-js/0.5.0/kotlinx-browser-wasm-js-0.5.0.klib for the dependency org.jetbrains.kotlinx:kotlinx-browser-wasm-js:0.5.0
00:09.982 DEBUG :portfolio-in-compose-multiplatform:resolveDependenciesWasmJs DependencyFileImpl        Downloaded https://repo1.maven.org/maven2/org/jetbrains/androidx/lifecycle/lifecycle-common-wasm-js/2.9.6/lifecycle-common-wasm-js-2.9.6.klib for the dependency org.jetbrains.androidx.lifecycle:lifecycle-common-wasm-js:2.9.6
00:09.985 DEBUG :portfolio-in-compose-multiplatform:resolveDependenciesWasmJs DependencyFileImpl        Downloaded https://repo1.maven.org/maven2/org/jetbrains/compose/ui/ui-unit-wasm-js/1.10.3/ui-unit-wasm-js-1.10.3.klib for the dependency org.jetbrains.compose.ui:ui-unit-wasm-js:1.10.3
00:10.018 DEBUG :portfolio-in-compose-multiplatform:resolveDependenciesWasmJs DependencyFileImpl        Not found URL: https://repo1.maven.org/maven2/androidx/savedstate/savedstate-wasm-js/1.3.3/savedstate-wasm-js-1.3.3.klib
00:10.024 DEBUG :portfolio-in-compose-multiplatform:resolveDependenciesWasmJs DependencyFileImpl        Downloaded https://repo1.maven.org/maven2/org/jetbrains/compose/ui/ui-util-wasm-js/1.10.3/ui-util-wasm-js-1.10.3.klib for the dependency org.jetbrains.compose.ui:ui-util-wasm-js:1.10.3
00:10.028 DEBUG :portfolio-in-compose-multiplatform:resolveDependenciesWasmJs DependencyFileImpl        Downloaded https://repo1.maven.org/maven2/org/jetbrains/skiko/skiko-wasm-js/0.9.37.4/skiko-wasm-js-0.9.37.4.klib for the dependency org.jetbrains.skiko:skiko-wasm-js:0.9.37.4
00:10.038 DEBUG :portfolio-in-compose-multiplatform:resolveDependenciesWasmJs DependencyFileImpl        Downloaded https://repo1.maven.org/maven2/org/jetbrains/compose/ui/ui-text-wasm-js/1.10.3/ui-text-wasm-js-1.10.3.klib for the dependency org.jetbrains.compose.ui:ui-text-wasm-js:1.10.3
00:10.038 DEBUG :portfolio-in-compose-multiplatform:resolveDependenciesWasmJs DependencyFileImpl        Downloaded https://repo1.maven.org/maven2/org/jetbrains/compose/animation/animation-wasm-js/1.10.3/animation-wasm-js-1.10.3.klib for the dependency org.jetbrains.compose.animation:animation-wasm-js:1.10.3
00:10.082 DEBUG :portfolio-in-compose-multiplatform:resolveDependenciesWasmJs DependencyFileImpl        Not found URL: https://repo1.maven.org/maven2/androidx/compose/runtime/runtime-retain-wasm-js/1.10.5/runtime-retain-wasm-js-1.10.5.klib
00:10.086 DEBUG :portfolio-in-compose-multiplatform:resolveDependenciesWasmJs DependencyFileImpl        Downloaded https://repo1.maven.org/maven2/org/jetbrains/androidx/lifecycle/lifecycle-runtime-compose-wasm-js/2.9.6/lifecycle-runtime-compose-wasm-js-2.9.6.klib for the dependency org.jetbrains.androidx.lifecycle:lifecycle-runtime-compose-wasm-js:2.9.6
00:10.104 DEBUG :portfolio-in-compose-multiplatform:resolveDependenciesWasmJs DependencyFileImpl        Downloaded https://repo1.maven.org/maven2/org/jetbrains/compose/ui/ui-graphics-wasm-js/1.10.3/ui-graphics-wasm-js-1.10.3.klib for the dependency org.jetbrains.compose.ui:ui-graphics-wasm-js:1.10.3
00:10.119 DEBUG :portfolio-in-compose-multiplatform:resolveDependenciesWasmJs DependencyFileImpl        Downloaded https://repo1.maven.org/maven2/org/jetbrains/androidx/lifecycle/lifecycle-viewmodel-savedstate-wasm-js/2.9.6/lifecycle-viewmodel-savedstate-wasm-js-2.9.6.klib for the dependency org.jetbrains.androidx.lifecycle:lifecycle-viewmodel-savedstate-wasm-js:2.9.6
00:10.127 DEBUG :portfolio-in-compose-multiplatform:resolveDependenciesWasmJs DependencyFileImpl        Downloaded https://repo1.maven.org/maven2/org/jetbrains/compose/ui/ui-geometry-wasm-js/1.10.3/ui-geometry-wasm-js-1.10.3.klib for the dependency org.jetbrains.compose.ui:ui-geometry-wasm-js:1.10.3
00:10.134 DEBUG :portfolio-in-compose-multiplatform:resolveDependenciesWasmJs DependencyFileImpl        Downloaded https://repo1.maven.org/maven2/org/jetbrains/compose/ui/ui-wasm-js/1.10.3/ui-wasm-js-1.10.3.klib for the dependency org.jetbrains.compose.ui:ui-wasm-js:1.10.3
00:10.136 DEBUG :portfolio-in-compose-multiplatform:resolveDependenciesWasmJs DependencyFileImpl        Downloaded https://repo1.maven.org/maven2/org/jetbrains/androidx/lifecycle/lifecycle-runtime-wasm-js/2.9.6/lifecycle-runtime-wasm-js-2.9.6.klib for the dependency org.jetbrains.androidx.lifecycle:lifecycle-runtime-wasm-js:2.9.6
00:10.148 DEBUG :portfolio-in-compose-multiplatform:resolveDependenciesWasmJs DependencyFileImpl        Downloaded https://repo1.maven.org/maven2/org/jetbrains/compose/runtime/runtime-saveable-wasm-js/1.10.3/runtime-saveable-wasm-js-1.10.3.klib for the dependency org.jetbrains.compose.runtime:runtime-saveable-wasm-js:1.10.3
00:10.159 DEBUG :portfolio-in-compose-multiplatform:resolveDependenciesWasmJs DependencyFileImpl        Downloaded https://repo1.maven.org/maven2/org/jetbrains/androidx/lifecycle/lifecycle-viewmodel-wasm-js/2.9.6/lifecycle-viewmodel-wasm-js-2.9.6.klib for the dependency org.jetbrains.androidx.lifecycle:lifecycle-viewmodel-wasm-js:2.9.6
00:10.165 DEBUG :portfolio-in-compose-multiplatform:resolveDependenciesWasmJs DependencyFileImpl        Downloaded https://maven.google.com/androidx/annotation/annotation-wasm-js/1.9.1/annotation-wasm-js-1.9.1.klib for the dependency androidx.annotation:annotation-wasm-js:1.9.1
00:10.188 DEBUG :portfolio-in-compose-multiplatform:resolveDependenciesWasmJs DependencyFileImpl        Downloaded https://repo1.maven.org/maven2/org/jetbrains/kotlinx/kotlinx-serialization-core-wasm-js/1.7.3/kotlinx-serialization-core-wasm-js-1.7.3.klib for the dependency org.jetbrains.kotlinx:kotlinx-serialization-core-wasm-js:1.7.3
00:10.206 DEBUG :portfolio-in-compose-multiplatform:resolveDependenciesWasmJs DependencyFileImpl        Downloaded https://maven.google.com/androidx/navigationevent/navigationevent-wasm-js/1.0.2/navigationevent-wasm-js-1.0.2.klib for the dependency androidx.navigationevent:navigationevent-wasm-js:1.0.2
00:10.218 DEBUG :portfolio-in-compose-multiplatform:resolveDependenciesWasmJs DependencyFileImpl        Downloaded https://repo1.maven.org/maven2/org/jetbrains/compose/foundation/foundation-wasm-js/1.10.3/foundation-wasm-js-1.10.3.klib for the dependency org.jetbrains.compose.foundation:foundation-wasm-js:1.10.3
00:10.225 DEBUG :portfolio-in-compose-multiplatform:resolveDependenciesWasmJs DependencyFileImpl        Downloaded https://repo1.maven.org/maven2/org/jetbrains/androidx/savedstate/savedstate-compose-wasm-js/1.3.6/savedstate-compose-wasm-js-1.3.6.klib for the dependency org.jetbrains.androidx.savedstate:savedstate-compose-wasm-js:1.3.6
00:10.226 DEBUG :portfolio-in-compose-multiplatform:resolveDependenciesWasmJs DependencyFileImpl        Downloaded https://repo1.maven.org/maven2/org/jetbrains/compose/foundation/foundation-layout-wasm-js/1.10.3/foundation-layout-wasm-js-1.10.3.klib for the dependency org.jetbrains.compose.foundation:foundation-layout-wasm-js:1.10.3
00:10.227 DEBUG :portfolio-in-compose-multiplatform:resolveDependenciesWasmJs DependencyFileImpl        Downloaded https://repo1.maven.org/maven2/org/jetbrains/kotlinx/kotlinx-coroutines-core-wasm-js/1.9.0/kotlinx-coroutines-core-wasm-js-1.9.0.klib for the dependency org.jetbrains.kotlinx:kotlinx-coroutines-core-wasm-js:1.9.0
00:10.247 DEBUG :portfolio-in-compose-multiplatform:resolveDependenciesWasmJs DependencyFileImpl        Downloaded https://repo1.maven.org/maven2/org/jetbrains/compose/material3/material3-wasm-js/1.10.0-alpha05/material3-wasm-js-1.10.0-alpha05.klib for the dependency org.jetbrains.compose.material3:material3-wasm-js:1.10.0-alpha05
00:10.250 DEBUG :portfolio-in-compose-multiplatform:resolveDependenciesWasmJsTest DependencyFileImpl        Downloaded https://repo1.maven.org/maven2/org/jetbrains/kotlin/kotlin-test-wasm-js/2.3.21/kotlin-test-wasm-js-2.3.21.klib for the dependency org.jetbrains.kotlin:kotlin-test-wasm-js:2.3.21
00:10.250 DEBUG :portfolio-in-compose-multiplatform:resolveDependenciesWasmJs DependencyFileImpl        Downloaded https://repo1.maven.org/maven2/org/jetbrains/kotlin/kotlin-stdlib-wasm-js/2.3.21/kotlin-stdlib-wasm-js-2.3.21.klib for the dependency org.jetbrains.kotlin:kotlin-stdlib-wasm-js:2.3.21
00:10.251 DEBUG :portfolio-in-compose-multiplatform:resolveDependenciesWasmJs DependencyFileImpl        Downloaded https://repo1.maven.org/maven2/org/jetbrains/androidx/savedstate/savedstate-wasm-js/1.3.6/savedstate-wasm-js-1.3.6.klib for the dependency org.jetbrains.androidx.savedstate:savedstate-wasm-js:1.3.6
00:10.264 DEBUG :portfolio-in-compose-multiplatform:resolveDependenciesWasmJs DependencyFileImpl        Downloaded https://repo1.maven.org/maven2/org/jetbrains/compose/components/components-resources-wasmJs/1.10.3/components-resources-wasmJs-1.10.3.klib.sha512 for the dependency org.jetbrains.compose.components:components-resources-wasmJs:1.10.3
00:10.267 DEBUG :portfolio-in-compose-multiplatform:resolveDependenciesWasmJs DependencyFileImpl        Downloaded https://repo1.maven.org/maven2/org/jetbrains/compose/ui/ui-backhandler-wasm-js/1.10.3/ui-backhandler-wasm-js-1.10.3.klib for the dependency org.jetbrains.compose.ui:ui-backhandler-wasm-js:1.10.3
00:10.271 DEBUG :portfolio-in-compose-multiplatform:resolveDependenciesWasmJs DependencyFileImpl        Downloaded https://repo1.maven.org/maven2/org/jetbrains/skiko/skiko-js-wasm-runtime/0.9.37.4/skiko-js-wasm-runtime-0.9.37.4.jar.sha512 for the dependency org.jetbrains.skiko:skiko-js-wasm-runtime:0.9.37.4
00:10.283 DEBUG :portfolio-in-compose-multiplatform:resolveDependenciesWasmJs DependencyFileImpl        Downloaded https://maven.google.com/androidx/lifecycle/lifecycle-runtime-wasm-js/2.9.4/lifecycle-runtime-wasm-js-2.9.4.klib for the dependency androidx.lifecycle:lifecycle-runtime-wasm-js:2.9.4
00:10.286 DEBUG :portfolio-in-compose-multiplatform:resolveDependenciesWasmJs DependencyFileImpl        Downloaded https://maven.google.com/androidx/collection/collection-wasm-js/1.5.0/collection-wasm-js-1.5.0.klib for the dependency androidx.collection:collection-wasm-js:1.5.0
00:10.300 DEBUG :portfolio-in-compose-multiplatform:resolveDependenciesWasmJs DependencyFileImpl        Downloaded https://maven.google.com/androidx/lifecycle/lifecycle-viewmodel-savedstate-wasm-js/2.9.4/lifecycle-viewmodel-savedstate-wasm-js-2.9.4.klib for the dependency androidx.lifecycle:lifecycle-viewmodel-savedstate-wasm-js:2.9.4
00:10.302 DEBUG :portfolio-in-compose-multiplatform:resolveDependenciesWasmJs DependencyFileImpl        Downloaded https://repo1.maven.org/maven2/org/jetbrains/compose/components/components-resources-wasmJs/1.10.3/components-resources-wasmJs-1.10.3.klib for the dependency org.jetbrains.compose.components:components-resources-wasmJs:1.10.3
00:10.322 DEBUG :portfolio-in-compose-multiplatform:resolveDependenciesWasmJs DependencyFileImpl        Not found URL: https://repo1.maven.org/maven2/androidx/lifecycle/lifecycle-common-wasm-js/2.9.4/lifecycle-common-wasm-js-2.9.4.klib
00:10.325 DEBUG :portfolio-in-compose-multiplatform:resolveDependenciesWasmJs DependencyFileImpl        Downloaded https://repo1.maven.org/maven2/org/jetbrains/compose/animation/animation-core-wasm-js/1.10.3/animation-core-wasm-js-1.10.3.klib for the dependency org.jetbrains.compose.animation:animation-core-wasm-js:1.10.3
00:10.345 DEBUG :portfolio-in-compose-multiplatform:resolveDependenciesWasmJs DependencyFileImpl        Downloaded https://maven.google.com/androidx/lifecycle/lifecycle-viewmodel-wasm-js/2.9.4/lifecycle-viewmodel-wasm-js-2.9.4.klib for the dependency androidx.lifecycle:lifecycle-viewmodel-wasm-js:2.9.4
00:10.347 DEBUG :portfolio-in-compose-multiplatform:resolveDependenciesWasmJs DependencyFileImpl        Downloaded https://repo1.maven.org/maven2/org/jetbrains/skiko/skiko-js-wasm-runtime/0.9.37.4/skiko-js-wasm-runtime-0.9.37.4.jar for the dependency org.jetbrains.skiko:skiko-js-wasm-runtime:0.9.37.4
00:10.357 DEBUG :portfolio-in-compose-multiplatform:resolveDependenciesWasmJs DependencyFileImpl        Downloaded https://maven.google.com/androidx/compose/runtime/runtime-annotation-wasm-js/1.10.5/runtime-annotation-wasm-js-1.10.5.klib for the dependency androidx.compose.runtime:runtime-annotation-wasm-js:1.10.5
00:10.371 DEBUG :portfolio-in-compose-multiplatform:resolveDependenciesWasmJs DependencyFileImpl        Downloaded https://maven.google.com/androidx/lifecycle/lifecycle-runtime-compose-wasm-js/2.9.4/lifecycle-runtime-compose-wasm-js-2.9.4.klib for the dependency androidx.lifecycle:lifecycle-runtime-compose-wasm-js:2.9.4
00:10.372 DEBUG :portfolio-in-compose-multiplatform:resolveDependenciesWasmJs DependencyFileImpl        Downloaded https://maven.google.com/androidx/compose/runtime/runtime-retain-wasm-js/1.10.5/runtime-retain-wasm-js-1.10.5.klib for the dependency androidx.compose.runtime:runtime-retain-wasm-js:1.10.5
00:10.415 DEBUG :portfolio-in-compose-multiplatform:resolveDependenciesWasmJs DependencyFileImpl        Downloaded https://maven.google.com/androidx/lifecycle/lifecycle-common-wasm-js/2.9.4/lifecycle-common-wasm-js-2.9.4.klib for the dependency androidx.lifecycle:lifecycle-common-wasm-js:2.9.4
00:10.422 DEBUG :portfolio-in-compose-multiplatform:resolveDependenciesWasmJs DependencyFileImpl        Downloaded https://maven.google.com/androidx/savedstate/savedstate-wasm-js/1.3.3/savedstate-wasm-js-1.3.3.klib for the dependency androidx.savedstate:savedstate-wasm-js:1.3.3
00:10.429 DEBUG :portfolio-in-compose-multiplatform:resolveDependenciesWasmJs DependencyFileImpl        Downloaded https://maven.google.com/androidx/savedstate/savedstate-compose-wasm-js/1.3.3/savedstate-compose-wasm-js-1.3.3.klib for the dependency androidx.savedstate:savedstate-compose-wasm-js:1.3.3
00:10.484 DEBUG :portfolio-in-compose-multiplatform:resolveDependenciesWasmJs DependencyFileImpl        Downloaded https://maven.google.com/androidx/compose/runtime/runtime-saveable-wasm-js/1.10.5/runtime-saveable-wasm-js-1.10.5.klib for the dependency androidx.compose.runtime:runtime-saveable-wasm-js:1.10.5
00:10.493 DEBUG :portfolio-in-compose-multiplatform:resolveDependenciesWasmJs DependencyFileImpl        Downloaded https://maven.google.com/androidx/compose/runtime/runtime-wasm-js/1.10.5/runtime-wasm-js-1.10.5.klib for the dependency androidx.compose.runtime:runtime-wasm-js:1.10.5
00:10.750 DEBUG :portfolio-in-compose-multiplatform:resolveDependenciesWasmJs IncrementalCache          [inc] '/home/runner/work/portfolio-in-compose-multiplatform/portfolio-in-compose-multiplatform,leaf platforms,false,ResolutionConfigPlain(scope=COMPILE, platforms=[JVM], repositories=[https://repo1.maven.org/maven2]),false,true,NETWORK' changes: '/home/runner/.cache/JetBrains/Kotlin/.m2.cache/org/jetbrains/compose/runtime/runtime-wasm-js/1.10.3/runtime-wasm-js-1.10.3.klib' CREATED, '/home/runner/.cache/JetBrains/Kotlin/.m2.cache/org/jetbrains/compose/foundation/foundation-wasm-js/1.10.3/foundation-wasm-js-1.10.3.klib' CREATED, '/home/runner/.cache/JetBrains/Kotlin/.m2.cache/org/jetbrains/compose/material3/material3-wasm-js/1.10.0-alpha05/material3-wasm-js-1.10.0-alpha05.klib' CREATED, '/home/runner/.cache/JetBrains/Kotlin/.m2.cache/org/jetbrains/compose/ui/ui-wasm-js/1.10.3/ui-wasm-js-1.10.3.klib' CREATED, '/home/runner/.cache/JetBrains/Kotlin/.m2.cache/org/jetbrains/compose/components/components-resources-wasmJs/1.10.3/components-resources-wasmJs-1.10.3.klib' CREATED, '/home/runner/.cache/JetBrains/Kotlin/.m2.cache/org/jetbrains/kotlin/kotlin-stdlib-wasm-js/2.3.21/kotlin-stdlib-wasm-js-2.3.21.klib' CREATED, '/home/runner/.cache/JetBrains/Kotlin/.m2.cache/org/jetbrains/skiko/skiko-js-wasm-runtime/0.9.37.4/skiko-js-wasm-runtime-0.9.37.4.jar' CREATED, '/home/runner/.cache/JetBrains/Kotlin/.m2.cache/org/jetbrains/skiko/skiko-wasm-js/0.9.37.4/skiko-wasm-js-0.9.37.4.klib' CREATED, '/home/runner/.cache/JetBrains/Kotlin/.m2.cache/androidx/compose/runtime/runtime-wasm-js/1.10.5/runtime-wasm-js-1.10.5.klib' CREATED, '/home/runner/.cache/JetBrains/Kotlin/.m2.cache/org/jetbrains/compose/animation/animation-wasm-js/1.10.3/animation-wasm-js-1.10.3.klib' CREATED, '/home/runner/.cache/JetBrains/Kotlin/.m2.cache/androidx/graphics/graphics-shapes-wasm-js/1.1.0/graphics-shapes-wasm-js-1.1.0.klib' CREATED, '/home/runner/.cache/JetBrains/Kotlin/.m2.cache/org/jetbrains/compose/material/material-ripple-wasm-js/1.9.3/material-ripple-wasm-js-1.9.3.klib' CREATED, '/home/runner/.cache/JetBrains/Kotlin/.m2.cache/org/jetbrains/compose/ui/ui-graphics-wasm-js/1.10.3/ui-graphics-wasm-js-1.10.3.klib' CREATED, '/home/runner/.cache/JetBrains/Kotlin/.m2.cache/org/jetbrains/compose/ui/ui-text-wasm-js/1.10.3/ui-text-wasm-js-1.10.3.klib' CREATED, '/home/runner/.cache/JetBrains/Kotlin/.m2.cache/androidx/compose/runtime/runtime-retain-wasm-js/1.10.5/runtime-retain-wasm-js-1.10.5.klib' CREATED, '/home/runner/.cache/JetBrains/Kotlin/.m2.cache/org/jetbrains/androidx/lifecycle/lifecycle-common-wasm-js/2.9.6/lifecycle-common-wasm-js-2.9.6.klib' CREATED, '/home/runner/.cache/JetBrains/Kotlin/.m2.cache/org/jetbrains/compose/runtime/runtime-saveable-wasm-js/1.10.3/runtime-saveable-wasm-js-1.10.3.klib' CREATED, '/home/runner/.cache/JetBrains/Kotlin/.m2.cache/org/jetbrains/compose/ui/ui-geometry-wasm-js/1.10.3/ui-geometry-wasm-js-1.10.3.klib' CREATED, '/home/runner/.cache/JetBrains/Kotlin/.m2.cache/org/jetbrains/compose/ui/ui-unit-wasm-js/1.10.3/ui-unit-wasm-js-1.10.3.klib' CREATED, '/home/runner/.cache/JetBrains/Kotlin/.m2.cache/org/jetbrains/compose/ui/ui-util-wasm-js/1.10.3/ui-util-wasm-js-1.10.3.klib' CREATED, '/home/runner/.cache/JetBrains/Kotlin/.m2.cache/org/jetbrains/kotlinx/kotlinx-browser-wasm-js/0.5.0/kotlinx-browser-wasm-js-0.5.0.klib' CREATED, '/home/runner/.cache/JetBrains/Kotlin/.m2.cache/org/jetbrains/compose/annotation-internal/annotation-wasm-js/1.10.3/annotation-wasm-js-1.10.3.klib' CREATED, '/home/runner/.cache/JetBrains/Kotlin/.m2.cache/org/jetbrains/compose/collection-internal/collection-wasm-js/1.10.3/collection-wasm-js-1.10.3.klib' CREATED, '/home/runner/.cache/JetBrains/Kotlin/.m2.cache/org/jetbrains/compose/foundation/foundation-layout-wasm-js/1.10.3/foundation-layout-wasm-js-1.10.3.klib' CREATED, '/home/runner/.cache/JetBrains/Kotlin/.m2.cache/org/jetbrains/kotlinx/atomicfu-wasm-js/0.27.0/atomicfu-wasm-js-0.27.0.klib' CREATED, '/home/runner/.cache/JetBrains/Kotlin/.m2.cache/androidx/annotation/annotation-wasm-js/1.9.1/annotation-wasm-js-1.9.1.klib' CREATED, '/home/runner/.cache/JetBrains/Kotlin/.m2.cache/androidx/collection/collection-wasm-js/1.5.0/collection-wasm-js-1.5.0.klib' CREATED, '/home/runner/.cache/JetBrains/Kotlin/.m2.cache/org/jetbrains/compose/animation/animation-core-wasm-js/1.10.3/animation-core-wasm-js-1.10.3.klib' CREATED, '/home/runner/.cache/JetBrains/Kotlin/.m2.cache/org/jetbrains/compose/ui/ui-backhandler-wasm-js/1.10.3/ui-backhandler-wasm-js-1.10.3.klib' CREATED, '/home/runner/.cache/JetBrains/Kotlin/.m2.cache/org/jetbrains/kotlinx/kotlinx-datetime-wasm-js/0.7.1/kotlinx-datetime-wasm-js-0.7.1.klib' CREATED, '/home/runner/.cache/JetBrains/Kotlin/.m2.cache/androidx/navigationevent/navigationevent-wasm-js/1.0.2/navigationevent-wasm-js-1.0.2.klib' CREATED, '/home/runner/.cache/JetBrains/Kotlin/.m2.cache/org/jetbrains/androidx/lifecycle/lifecycle-runtime-wasm-js/2.9.6/lifecycle-runtime-wasm-js-2.9.6.klib' CREATED, '/home/runner/.cache/JetBrains/Kotlin/.m2.cache/org/jetbrains/androidx/lifecycle/lifecycle-runtime-compose-wasm-js/2.9.6/lifecycle-runtime-compose-wasm-js-2.9.6.klib' CREATED, '/home/runner/.cache/JetBrains/Kotlin/.m2.cache/org/jetbrains/androidx/lifecycle/lifecycle-viewmodel-wasm-js/2.9.6/lifecycle-viewmodel-wasm-js-2.9.6.klib' CREATED, '/home/runner/.cache/JetBrains/Kotlin/.m2.cache/org/jetbrains/androidx/lifecycle/lifecycle-viewmodel-savedstate-wasm-js/2.9.6/lifecycle-viewmodel-savedstate-wasm-js-2.9.6.klib' CREATED, '/home/runner/.cache/JetBrains/Kotlin/.m2.cache/org/jetbrains/kotlinx/kotlinx-coroutines-core-wasm-js/1.9.0/kotlinx-coroutines-core-wasm-js-1.9.0.klib' CREATED, '/home/runner/.cache/JetBrains/Kotlin/.m2.cache/androidx/compose/runtime/runtime-annotation-wasm-js/1.10.5/runtime-annotation-wasm-js-1.10.5.klib' CREATED, '/home/runner/.cache/JetBrains/Kotlin/.m2.cache/androidx/lifecycle/lifecycle-common-wasm-js/2.9.4/lifecycle-common-wasm-js-2.9.4.klib' CREATED, '/home/runner/.cache/JetBrains/Kotlin/.m2.cache/androidx/compose/runtime/runtime-saveable-wasm-js/1.10.5/runtime-saveable-wasm-js-1.10.5.klib' CREATED, '/home/runner/.cache/JetBrains/Kotlin/.m2.cache/org/jetbrains/androidx/savedstate/savedstate-compose-wasm-js/1.3.6/savedstate-compose-wasm-js-1.3.6.klib' CREATED, '/home/runner/.cache/JetBrains/Kotlin/.m2.cache/org/jetbrains/kotlinx/kotlinx-serialization-core-wasm-js/1.7.3/kotlinx-serialization-core-wasm-js-1.7.3.klib' CREATED, '/home/runner/.cache/JetBrains/Kotlin/.m2.cache/androidx/lifecycle/lifecycle-runtime-wasm-js/2.9.4/lifecycle-runtime-wasm-js-2.9.4.klib' CREATED, '/home/runner/.cache/JetBrains/Kotlin/.m2.cache/androidx/lifecycle/lifecycle-runtime-compose-wasm-js/2.9.4/lifecycle-runtime-compose-wasm-js-2.9.4.klib' CREATED, '/home/runner/.cache/JetBrains/Kotlin/.m2.cache/androidx/lifecycle/lifecycle-viewmodel-wasm-js/2.9.4/lifecycle-viewmodel-wasm-js-2.9.4.klib' CREATED, '/home/runner/.cache/JetBrains/Kotlin/.m2.cache/androidx/lifecycle/lifecycle-viewmodel-savedstate-wasm-js/2.9.4/lifecycle-viewmodel-savedstate-wasm-js-2.9.4.klib' CREATED, '/home/runner/.cache/JetBrains/Kotlin/.m2.cache/org/jetbrains/androidx/savedstate/savedstate-wasm-js/1.3.6/savedstate-wasm-js-1.3.6.klib' CREATED, '/home/runner/.cache/JetBrains/Kotlin/.m2.cache/androidx/savedstate/savedstate-compose-wasm-js/1.3.3/savedstate-compose-wasm-js-1.3.3.klib' CREATED, '/home/runner/.cache/JetBrains/Kotlin/.m2.cache/androidx/savedstate/savedstate-wasm-js/1.3.3/savedstate-wasm-js-1.3.3.klib' CREATED
00:10.750 DEBUG :portfolio-in-compose-multiplatform:resolveDependenciesWasmJsTest IncrementalCache          [inc] '/home/runner/work/portfolio-in-compose-multiplatform/portfolio-in-compose-multiplatform,leaf platforms,true,ResolutionConfigPlain(scope=COMPILE, platforms=[JVM], repositories=[https://repo1.maven.org/maven2]),false,true,NETWORK' changes: '/home/runner/.cache/JetBrains/Kotlin/.m2.cache/org/jetbrains/compose/runtime/runtime-wasm-js/1.10.3/runtime-wasm-js-1.10.3.klib' CREATED, '/home/runner/.cache/JetBrains/Kotlin/.m2.cache/org/jetbrains/compose/foundation/foundation-wasm-js/1.10.3/foundation-wasm-js-1.10.3.klib' CREATED, '/home/runner/.cache/JetBrains/Kotlin/.m2.cache/org/jetbrains/compose/material3/material3-wasm-js/1.10.0-alpha05/material3-wasm-js-1.10.0-alpha05.klib' CREATED, '/home/runner/.cache/JetBrains/Kotlin/.m2.cache/org/jetbrains/compose/ui/ui-wasm-js/1.10.3/ui-wasm-js-1.10.3.klib' CREATED, '/home/runner/.cache/JetBrains/Kotlin/.m2.cache/org/jetbrains/compose/components/components-resources-wasmJs/1.10.3/components-resources-wasmJs-1.10.3.klib' CREATED, '/home/runner/.cache/JetBrains/Kotlin/.m2.cache/org/jetbrains/kotlin/kotlin-stdlib-wasm-js/2.3.21/kotlin-stdlib-wasm-js-2.3.21.klib' CREATED, '/home/runner/.cache/JetBrains/Kotlin/.m2.cache/org/jetbrains/kotlin/kotlin-test-wasm-js/2.3.21/kotlin-test-wasm-js-2.3.21.klib' CREATED, '/home/runner/.cache/JetBrains/Kotlin/.m2.cache/org/jetbrains/skiko/skiko-js-wasm-runtime/0.9.37.4/skiko-js-wasm-runtime-0.9.37.4.jar' CREATED, '/home/runner/.cache/JetBrains/Kotlin/.m2.cache/org/jetbrains/skiko/skiko-wasm-js/0.9.37.4/skiko-wasm-js-0.9.37.4.klib' CREATED, '/home/runner/.cache/JetBrains/Kotlin/.m2.cache/androidx/compose/runtime/runtime-wasm-js/1.10.5/runtime-wasm-js-1.10.5.klib' CREATED, '/home/runner/.cache/JetBrains/Kotlin/.m2.cache/org/jetbrains/compose/animation/animation-wasm-js/1.10.3/animation-wasm-js-1.10.3.klib' CREATED, '/home/runner/.cache/JetBrains/Kotlin/.m2.cache/androidx/graphics/graphics-shapes-wasm-js/1.1.0/graphics-shapes-wasm-js-1.1.0.klib' CREATED, '/home/runner/.cache/JetBrains/Kotlin/.m2.cache/org/jetbrains/compose/material/material-ripple-wasm-js/1.9.3/material-ripple-wasm-js-1.9.3.klib' CREATED, '/home/runner/.cache/JetBrains/Kotlin/.m2.cache/org/jetbrains/compose/ui/ui-graphics-wasm-js/1.10.3/ui-graphics-wasm-js-1.10.3.klib' CREATED, '/home/runner/.cache/JetBrains/Kotlin/.m2.cache/org/jetbrains/compose/ui/ui-text-wasm-js/1.10.3/ui-text-wasm-js-1.10.3.klib' CREATED, '/home/runner/.cache/JetBrains/Kotlin/.m2.cache/androidx/compose/runtime/runtime-retain-wasm-js/1.10.5/runtime-retain-wasm-js-1.10.5.klib' CREATED, '/home/runner/.cache/JetBrains/Kotlin/.m2.cache/org/jetbrains/androidx/lifecycle/lifecycle-common-wasm-js/2.9.6/lifecycle-common-wasm-js-2.9.6.klib' CREATED, '/home/runner/.cache/JetBrains/Kotlin/.m2.cache/org/jetbrains/compose/runtime/runtime-saveable-wasm-js/1.10.3/runtime-saveable-wasm-js-1.10.3.klib' CREATED, '/home/runner/.cache/JetBrains/Kotlin/.m2.cache/org/jetbrains/compose/ui/ui-geometry-wasm-js/1.10.3/ui-geometry-wasm-js-1.10.3.klib' CREATED, '/home/runner/.cache/JetBrains/Kotlin/.m2.cache/org/jetbrains/compose/ui/ui-unit-wasm-js/1.10.3/ui-unit-wasm-js-1.10.3.klib' CREATED, '/home/runner/.cache/JetBrains/Kotlin/.m2.cache/org/jetbrains/compose/ui/ui-util-wasm-js/1.10.3/ui-util-wasm-js-1.10.3.klib' CREATED, '/home/runner/.cache/JetBrains/Kotlin/.m2.cache/org/jetbrains/kotlinx/kotlinx-browser-wasm-js/0.5.0/kotlinx-browser-wasm-js-0.5.0.klib' CREATED, '/home/runner/.cache/JetBrains/Kotlin/.m2.cache/org/jetbrains/compose/annotation-internal/annotation-wasm-js/1.10.3/annotation-wasm-js-1.10.3.klib' CREATED, '/home/runner/.cache/JetBrains/Kotlin/.m2.cache/org/jetbrains/compose/collection-internal/collection-wasm-js/1.10.3/collection-wasm-js-1.10.3.klib' CREATED, '/home/runner/.cache/JetBrains/Kotlin/.m2.cache/org/jetbrains/compose/foundation/foundation-layout-wasm-js/1.10.3/foundation-layout-wasm-js-1.10.3.klib' CREATED, '/home/runner/.cache/JetBrains/Kotlin/.m2.cache/org/jetbrains/kotlinx/atomicfu-wasm-js/0.27.0/atomicfu-wasm-js-0.27.0.klib' CREATED, '/home/runner/.cache/JetBrains/Kotlin/.m2.cache/androidx/annotation/annotation-wasm-js/1.9.1/annotation-wasm-js-1.9.1.klib' CREATED, '/home/runner/.cache/JetBrains/Kotlin/.m2.cache/androidx/collection/collection-wasm-js/1.5.0/collection-wasm-js-1.5.0.klib' CREATED, '/home/runner/.cache/JetBrains/Kotlin/.m2.cache/org/jetbrains/compose/animation/animation-core-wasm-js/1.10.3/animation-core-wasm-js-1.10.3.klib' CREATED, '/home/runner/.cache/JetBrains/Kotlin/.m2.cache/org/jetbrains/compose/ui/ui-backhandler-wasm-js/1.10.3/ui-backhandler-wasm-js-1.10.3.klib' CREATED, '/home/runner/.cache/JetBrains/Kotlin/.m2.cache/org/jetbrains/kotlinx/kotlinx-datetime-wasm-js/0.7.1/kotlinx-datetime-wasm-js-0.7.1.klib' CREATED, '/home/runner/.cache/JetBrains/Kotlin/.m2.cache/androidx/navigationevent/navigationevent-wasm-js/1.0.2/navigationevent-wasm-js-1.0.2.klib' CREATED, '/home/runner/.cache/JetBrains/Kotlin/.m2.cache/org/jetbrains/androidx/lifecycle/lifecycle-runtime-wasm-js/2.9.6/lifecycle-runtime-wasm-js-2.9.6.klib' CREATED, '/home/runner/.cache/JetBrains/Kotlin/.m2.cache/org/jetbrains/androidx/lifecycle/lifecycle-runtime-compose-wasm-js/2.9.6/lifecycle-runtime-compose-wasm-js-2.9.6.klib' CREATED, '/home/runner/.cache/JetBrains/Kotlin/.m2.cache/org/jetbrains/androidx/lifecycle/lifecycle-viewmodel-wasm-js/2.9.6/lifecycle-viewmodel-wasm-js-2.9.6.klib' CREATED, '/home/runner/.cache/JetBrains/Kotlin/.m2.cache/org/jetbrains/androidx/lifecycle/lifecycle-viewmodel-savedstate-wasm-js/2.9.6/lifecycle-viewmodel-savedstate-wasm-js-2.9.6.klib' CREATED, '/home/runner/.cache/JetBrains/Kotlin/.m2.cache/org/jetbrains/kotlinx/kotlinx-coroutines-core-wasm-js/1.9.0/kotlinx-coroutines-core-wasm-js-1.9.0.klib' CREATED, '/home/runner/.cache/JetBrains/Kotlin/.m2.cache/androidx/compose/runtime/runtime-annotation-wasm-js/1.10.5/runtime-annotation-wasm-js-1.10.5.klib' CREATED, '/home/runner/.cache/JetBrains/Kotlin/.m2.cache/androidx/lifecycle/lifecycle-common-wasm-js/2.9.4/lifecycle-common-wasm-js-2.9.4.klib' CREATED, '/home/runner/.cache/JetBrains/Kotlin/.m2.cache/androidx/compose/runtime/runtime-saveable-wasm-js/1.10.5/runtime-saveable-wasm-js-1.10.5.klib' CREATED, '/home/runner/.cache/JetBrains/Kotlin/.m2.cache/org/jetbrains/androidx/savedstate/savedstate-compose-wasm-js/1.3.6/savedstate-compose-wasm-js-1.3.6.klib' CREATED, '/home/runner/.cache/JetBrains/Kotlin/.m2.cache/org/jetbrains/kotlinx/kotlinx-serialization-core-wasm-js/1.7.3/kotlinx-serialization-core-wasm-js-1.7.3.klib' CREATED, '/home/runner/.cache/JetBrains/Kotlin/.m2.cache/androidx/lifecycle/lifecycle-runtime-wasm-js/2.9.4/lifecycle-runtime-wasm-js-2.9.4.klib' CREATED, '/home/runner/.cache/JetBrains/Kotlin/.m2.cache/androidx/lifecycle/lifecycle-runtime-compose-wasm-js/2.9.4/lifecycle-runtime-compose-wasm-js-2.9.4.klib' CREATED, '/home/runner/.cache/JetBrains/Kotlin/.m2.cache/androidx/lifecycle/lifecycle-viewmodel-wasm-js/2.9.4/lifecycle-viewmodel-wasm-js-2.9.4.klib' CREATED, '/home/runner/.cache/JetBrains/Kotlin/.m2.cache/androidx/lifecycle/lifecycle-viewmodel-savedstate-wasm-js/2.9.4/lifecycle-viewmodel-savedstate-wasm-js-2.9.4.klib' CREATED, '/home/runner/.cache/JetBrains/Kotlin/.m2.cache/org/jetbrains/androidx/savedstate/savedstate-wasm-js/1.3.6/savedstate-wasm-js-1.3.6.klib' CREATED, '/home/runner/.cache/JetBrains/Kotlin/.m2.cache/androidx/savedstate/savedstate-compose-wasm-js/1.3.3/savedstate-compose-wasm-js-1.3.3.klib' CREATED, '/home/runner/.cache/JetBrains/Kotlin/.m2.cache/androidx/savedstate/savedstate-wasm-js/1.3.3/savedstate-wasm-js-1.3.3.klib' CREATED
00:10.773 DEBUG :portfolio-in-compose-multiplatform:resolveDependenciesWasmJsTest IncrementalCache          [inc] 'portfolio-in-compose-multiplatform:wasmJs:test' changes: '/home/runner/.cache/JetBrains/Kotlin/.m2.cache/androidx/annotation/annotation-wasm-js/1.9.1/annotation-wasm-js-1.9.1.klib' CREATED, '/home/runner/.cache/JetBrains/Kotlin/.m2.cache/androidx/collection/collection-wasm-js/1.5.0/collection-wasm-js-1.5.0.klib' CREATED, '/home/runner/.cache/JetBrains/Kotlin/.m2.cache/androidx/compose/runtime/runtime-annotation-wasm-js/1.10.5/runtime-annotation-wasm-js-1.10.5.klib' CREATED, '/home/runner/.cache/JetBrains/Kotlin/.m2.cache/androidx/compose/runtime/runtime-retain-wasm-js/1.10.5/runtime-retain-wasm-js-1.10.5.klib' CREATED, '/home/runner/.cache/JetBrains/Kotlin/.m2.cache/androidx/compose/runtime/runtime-saveable-wasm-js/1.10.5/runtime-saveable-wasm-js-1.10.5.klib' CREATED, '/home/runner/.cache/JetBrains/Kotlin/.m2.cache/androidx/compose/runtime/runtime-wasm-js/1.10.5/runtime-wasm-js-1.10.5.klib' CREATED, '/home/runner/.cache/JetBrains/Kotlin/.m2.cache/androidx/graphics/graphics-shapes-wasm-js/1.1.0/graphics-shapes-wasm-js-1.1.0.klib' CREATED, '/home/runner/.cache/JetBrains/Kotlin/.m2.cache/androidx/lifecycle/lifecycle-common-wasm-js/2.9.4/lifecycle-common-wasm-js-2.9.4.klib' CREATED, '/home/runner/.cache/JetBrains/Kotlin/.m2.cache/androidx/lifecycle/lifecycle-runtime-compose-wasm-js/2.9.4/lifecycle-runtime-compose-wasm-js-2.9.4.klib' CREATED, '/home/runner/.cache/JetBrains/Kotlin/.m2.cache/androidx/lifecycle/lifecycle-runtime-wasm-js/2.9.4/lifecycle-runtime-wasm-js-2.9.4.klib' CREATED, '/home/runner/.cache/JetBrains/Kotlin/.m2.cache/androidx/lifecycle/lifecycle-viewmodel-savedstate-wasm-js/2.9.4/lifecycle-viewmodel-savedstate-wasm-js-2.9.4.klib' CREATED, '/home/runner/.cache/JetBrains/Kotlin/.m2.cache/androidx/lifecycle/lifecycle-viewmodel-wasm-js/2.9.4/lifecycle-viewmodel-wasm-js-2.9.4.klib' CREATED, '/home/runner/.cache/JetBrains/Kotlin/.m2.cache/androidx/navigationevent/navigationevent-wasm-js/1.0.2/navigationevent-wasm-js-1.0.2.klib' CREATED, '/home/runner/.cache/JetBrains/Kotlin/.m2.cache/androidx/savedstate/savedstate-compose-wasm-js/1.3.3/savedstate-compose-wasm-js-1.3.3.klib' CREATED, '/home/runner/.cache/JetBrains/Kotlin/.m2.cache/androidx/savedstate/savedstate-wasm-js/1.3.3/savedstate-wasm-js-1.3.3.klib' CREATED, '/home/runner/.cache/JetBrains/Kotlin/.m2.cache/org/jetbrains/androidx/lifecycle/lifecycle-common-wasm-js/2.9.6/lifecycle-common-wasm-js-2.9.6.klib' CREATED, '/home/runner/.cache/JetBrains/Kotlin/.m2.cache/org/jetbrains/androidx/lifecycle/lifecycle-runtime-compose-wasm-js/2.9.6/lifecycle-runtime-compose-wasm-js-2.9.6.klib' CREATED, '/home/runner/.cache/JetBrains/Kotlin/.m2.cache/org/jetbrains/androidx/lifecycle/lifecycle-runtime-wasm-js/2.9.6/lifecycle-runtime-wasm-js-2.9.6.klib' CREATED, '/home/runner/.cache/JetBrains/Kotlin/.m2.cache/org/jetbrains/androidx/lifecycle/lifecycle-viewmodel-savedstate-wasm-js/2.9.6/lifecycle-viewmodel-savedstate-wasm-js-2.9.6.klib' CREATED, '/home/runner/.cache/JetBrains/Kotlin/.m2.cache/org/jetbrains/androidx/lifecycle/lifecycle-viewmodel-wasm-js/2.9.6/lifecycle-viewmodel-wasm-js-2.9.6.klib' CREATED, '/home/runner/.cache/JetBrains/Kotlin/.m2.cache/org/jetbrains/androidx/savedstate/savedstate-compose-wasm-js/1.3.6/savedstate-compose-wasm-js-1.3.6.klib' CREATED, '/home/runner/.cache/JetBrains/Kotlin/.m2.cache/org/jetbrains/androidx/savedstate/savedstate-wasm-js/1.3.6/savedstate-wasm-js-1.3.6.klib' CREATED, '/home/runner/.cache/JetBrains/Kotlin/.m2.cache/org/jetbrains/compose/animation/animation-core-wasm-js/1.10.3/animation-core-wasm-js-1.10.3.klib' CREATED, '/home/runner/.cache/JetBrains/Kotlin/.m2.cache/org/jetbrains/compose/animation/animation-wasm-js/1.10.3/animation-wasm-js-1.10.3.klib' CREATED, '/home/runner/.cache/JetBrains/Kotlin/.m2.cache/org/jetbrains/compose/annotation-internal/annotation-wasm-js/1.10.3/annotation-wasm-js-1.10.3.klib' CREATED, '/home/runner/.cache/JetBrains/Kotlin/.m2.cache/org/jetbrains/compose/collection-internal/collection-wasm-js/1.10.3/collection-wasm-js-1.10.3.klib' CREATED, '/home/runner/.cache/JetBrains/Kotlin/.m2.cache/org/jetbrains/compose/components/components-resources-wasmJs/1.10.3/components-resources-wasmJs-1.10.3.klib' CREATED, '/home/runner/.cache/JetBrains/Kotlin/.m2.cache/org/jetbrains/compose/foundation/foundation-layout-wasm-js/1.10.3/foundation-layout-wasm-js-1.10.3.klib' CREATED, '/home/runner/.cache/JetBrains/Kotlin/.m2.cache/org/jetbrains/compose/foundation/foundation-wasm-js/1.10.3/foundation-wasm-js-1.10.3.klib' CREATED, '/home/runner/.cache/JetBrains/Kotlin/.m2.cache/org/jetbrains/compose/material/material-ripple-wasm-js/1.9.3/material-ripple-wasm-js-1.9.3.klib' CREATED, '/home/runner/.cache/JetBrains/Kotlin/.m2.cache/org/jetbrains/compose/material3/material3-wasm-js/1.10.0-alpha05/material3-wasm-js-1.10.0-alpha05.klib' CREATED, '/home/runner/.cache/JetBrains/Kotlin/.m2.cache/org/jetbrains/compose/runtime/runtime-saveable-wasm-js/1.10.3/runtime-saveable-wasm-js-1.10.3.klib' CREATED, '/home/runner/.cache/JetBrains/Kotlin/.m2.cache/org/jetbrains/compose/runtime/runtime-wasm-js/1.10.3/runtime-wasm-js-1.10.3.klib' CREATED, '/home/runner/.cache/JetBrains/Kotlin/.m2.cache/org/jetbrains/compose/ui/ui-backhandler-wasm-js/1.10.3/ui-backhandler-wasm-js-1.10.3.klib' CREATED, '/home/runner/.cache/JetBrains/Kotlin/.m2.cache/org/jetbrains/compose/ui/ui-geometry-wasm-js/1.10.3/ui-geometry-wasm-js-1.10.3.klib' CREATED, '/home/runner/.cache/JetBrains/Kotlin/.m2.cache/org/jetbrains/compose/ui/ui-graphics-wasm-js/1.10.3/ui-graphics-wasm-js-1.10.3.klib' CREATED, '/home/runner/.cache/JetBrains/Kotlin/.m2.cache/org/jetbrains/compose/ui/ui-text-wasm-js/1.10.3/ui-text-wasm-js-1.10.3.klib' CREATED, '/home/runner/.cache/JetBrains/Kotlin/.m2.cache/org/jetbrains/compose/ui/ui-unit-wasm-js/1.10.3/ui-unit-wasm-js-1.10.3.klib' CREATED, '/home/runner/.cache/JetBrains/Kotlin/.m2.cache/org/jetbrains/compose/ui/ui-util-wasm-js/1.10.3/ui-util-wasm-js-1.10.3.klib' CREATED, '/home/runner/.cache/JetBrains/Kotlin/.m2.cache/org/jetbrains/compose/ui/ui-wasm-js/1.10.3/ui-wasm-js-1.10.3.klib' CREATED, '/home/runner/.cache/JetBrains/Kotlin/.m2.cache/org/jetbrains/kotlin/kotlin-stdlib-wasm-js/2.3.21/kotlin-stdlib-wasm-js-2.3.21.klib' CREATED, '/home/runner/.cache/JetBrains/Kotlin/.m2.cache/org/jetbrains/kotlin/kotlin-test-wasm-js/2.3.21/kotlin-test-wasm-js-2.3.21.klib' CREATED, '/home/runner/.cache/JetBrains/Kotlin/.m2.cache/org/jetbrains/kotlinx/atomicfu-wasm-js/0.27.0/atomicfu-wasm-js-0.27.0.klib' CREATED, '/home/runner/.cache/JetBrains/Kotlin/.m2.cache/org/jetbrains/kotlinx/kotlinx-browser-wasm-js/0.5.0/kotlinx-browser-wasm-js-0.5.0.klib' CREATED, '/home/runner/.cache/JetBrains/Kotlin/.m2.cache/org/jetbrains/kotlinx/kotlinx-coroutines-core-wasm-js/1.9.0/kotlinx-coroutines-core-wasm-js-1.9.0.klib' CREATED, '/home/runner/.cache/JetBrains/Kotlin/.m2.cache/org/jetbrains/kotlinx/kotlinx-datetime-wasm-js/0.7.1/kotlinx-datetime-wasm-js-0.7.1.klib' CREATED, '/home/runner/.cache/JetBrains/Kotlin/.m2.cache/org/jetbrains/kotlinx/kotlinx-serialization-core-wasm-js/1.7.3/kotlinx-serialization-core-wasm-js-1.7.3.klib' CREATED, '/home/runner/.cache/JetBrains/Kotlin/.m2.cache/org/jetbrains/skiko/skiko-js-wasm-runtime/0.9.37.4/skiko-js-wasm-runtime-0.9.37.4.jar' CREATED, '/home/runner/.cache/JetBrains/Kotlin/.m2.cache/org/jetbrains/skiko/skiko-wasm-js/0.9.37.4/skiko-wasm-js-0.9.37.4.klib' CREATED
00:10.777 DEBUG :portfolio-in-compose-multiplatform:resolveDependenciesWasmJsTest ResolveExternalDependenciesTask$Companion resolve dependencies portfolio-in-compose-multiplatform -- commonTest wasmJsTest webTest -- org.jetbrains.compose.components:components-resources:1.10.3 org.jetbrains.compose.foundation:foundation:1.10.3 org.jetbrains.compose.material3:material3:1.10.0-alpha05 org.jetbrains.compose.runtime:runtime:1.10.3 org.jetbrains.compose.ui:ui:1.10.3 org.jetbrains.kotlin:kotlin-stdlib:2.3.21 org.jetbrains.kotlin:kotlin-test-annotations-common:2.3.21 org.jetbrains.kotlin:kotlin-test:2.3.21 -- resolvePlatform=WASM_JS nativeTarget=null
wasmTarget=js
https://repo1.maven.org/maven2 https://maven.google.com resolved to:
  .m2.cache/org/jetbrains/compose/runtime/runtime-wasm-js/1.10.3/runtime-wasm-js-1.10.3.klib
  .m2.cache/org/jetbrains/compose/foundation/foundation-wasm-js/1.10.3/foundation-wasm-js-1.10.3.klib
  .m2.cache/org/jetbrains/compose/material3/material3-wasm-js/1.10.0-alpha05/material3-wasm-js-1.10.0-alpha05.klib
  .m2.cache/org/jetbrains/compose/ui/ui-wasm-js/1.10.3/ui-wasm-js-1.10.3.klib
  .m2.cache/org/jetbrains/compose/components/components-resources-wasmJs/1.10.3/components-resources-wasmJs-1.10.3.klib
  .m2.cache/org/jetbrains/kotlin/kotlin-stdlib-wasm-js/2.3.21/kotlin-stdlib-wasm-js-2.3.21.klib
  .m2.cache/org/jetbrains/kotlin/kotlin-test-wasm-js/2.3.21/kotlin-test-wasm-js-2.3.21.klib
  .m2.cache/androidx/compose/runtime/runtime-wasm-js/1.10.5/runtime-wasm-js-1.10.5.klib
  .m2.cache/org/jetbrains/compose/animation/animation-wasm-js/1.10.3/animation-wasm-js-1.10.3.klib
  .m2.cache/org/jetbrains/skiko/skiko-wasm-js/0.9.37.4/skiko-wasm-js-0.9.37.4.klib
  .m2.cache/androidx/graphics/graphics-shapes-wasm-js/1.1.0/graphics-shapes-wasm-js-1.1.0.klib
  .m2.cache/org/jetbrains/compose/material/material-ripple-wasm-js/1.9.3/material-ripple-wasm-js-1.9.3.klib
  .m2.cache/org/jetbrains/compose/ui/ui-graphics-wasm-js/1.10.3/ui-graphics-wasm-js-1.10.3.klib
  .m2.cache/org/jetbrains/compose/ui/ui-text-wasm-js/1.10.3/ui-text-wasm-js-1.10.3.klib
  .m2.cache/androidx/compose/runtime/runtime-retain-wasm-js/1.10.5/runtime-retain-wasm-js-1.10.5.klib
  .m2.cache/org/jetbrains/androidx/lifecycle/lifecycle-common-wasm-js/2.9.6/lifecycle-common-wasm-js-2.9.6.klib
  .m2.cache/org/jetbrains/compose/runtime/runtime-saveable-wasm-js/1.10.3/runtime-saveable-wasm-js-1.10.3.klib
  .m2.cache/org/jetbrains/compose/ui/ui-geometry-wasm-js/1.10.3/ui-geometry-wasm-js-1.10.3.klib
  .m2.cache/org/jetbrains/compose/ui/ui-unit-wasm-js/1.10.3/ui-unit-wasm-js-1.10.3.klib
  .m2.cache/org/jetbrains/compose/ui/ui-util-wasm-js/1.10.3/ui-util-wasm-js-1.10.3.klib
  .m2.cache/org/jetbrains/kotlinx/kotlinx-browser-wasm-js/0.5.0/kotlinx-browser-wasm-js-0.5.0.klib
  .m2.cache/androidx/compose/runtime/runtime-annotation-wasm-js/1.10.5/runtime-annotation-wasm-js-1.10.5.klib
  .m2.cache/org/jetbrains/kotlinx/kotlinx-coroutines-core-wasm-js/1.9.0/kotlinx-coroutines-core-wasm-js-1.9.0.klib
  .m2.cache/org/jetbrains/compose/animation/animation-core-wasm-js/1.10.3/animation-core-wasm-js-1.10.3.klib
  .m2.cache/org/jetbrains/compose/foundation/foundation-layout-wasm-js/1.10.3/foundation-layout-wasm-js-1.10.3.klib
  .m2.cache/androidx/lifecycle/lifecycle-common-wasm-js/2.9.4/lifecycle-common-wasm-js-2.9.4.klib
  .m2.cache/androidx/compose/runtime/runtime-saveable-wasm-js/1.10.5/runtime-saveable-wasm-js-1.10.5.klib
  .m2.cache/org/jetbrains/androidx/savedstate/savedstate-compose-wasm-js/1.3.6/savedstate-compose-wasm-js-1.3.6.klib
  .m2.cache/org/jetbrains/kotlinx/atomicfu-wasm-js/0.27.0/atomicfu-wasm-js-0.27.0.klib
  .m2.cache/androidx/annotation/annotation-wasm-js/1.9.1/annotation-wasm-js-1.9.1.klib
  .m2.cache/androidx/savedstate/savedstate-compose-wasm-js/1.3.3/savedstate-compose-wasm-js-1.3.3.klib
  .m2.cache/org/jetbrains/androidx/savedstate/savedstate-wasm-js/1.3.6/savedstate-wasm-js-1.3.6.klib
  .m2.cache/androidx/savedstate/savedstate-wasm-js/1.3.3/savedstate-wasm-js-1.3.3.klib
  .m2.cache/org/jetbrains/kotlinx/kotlinx-serialization-core-wasm-js/1.7.3/kotlinx-serialization-core-wasm-js-1.7.3.klib
00:10.778 DEBUG :portfolio-in-compose-multiplatform:resolveDependenciesWasmJs IncrementalCache          [inc] 'portfolio-in-compose-multiplatform:wasmJs:main' changes: '/home/runner/.cache/JetBrains/Kotlin/.m2.cache/androidx/annotation/annotation-wasm-js/1.9.1/annotation-wasm-js-1.9.1.klib' CREATED, '/home/runner/.cache/JetBrains/Kotlin/.m2.cache/androidx/collection/collection-wasm-js/1.5.0/collection-wasm-js-1.5.0.klib' CREATED, '/home/runner/.cache/JetBrains/Kotlin/.m2.cache/androidx/compose/runtime/runtime-annotation-wasm-js/1.10.5/runtime-annotation-wasm-js-1.10.5.klib' CREATED, '/home/runner/.cache/JetBrains/Kotlin/.m2.cache/androidx/compose/runtime/runtime-retain-wasm-js/1.10.5/runtime-retain-wasm-js-1.10.5.klib' CREATED, '/home/runner/.cache/JetBrains/Kotlin/.m2.cache/androidx/compose/runtime/runtime-saveable-wasm-js/1.10.5/runtime-saveable-wasm-js-1.10.5.klib' CREATED, '/home/runner/.cache/JetBrains/Kotlin/.m2.cache/androidx/compose/runtime/runtime-wasm-js/1.10.5/runtime-wasm-js-1.10.5.klib' CREATED, '/home/runner/.cache/JetBrains/Kotlin/.m2.cache/androidx/graphics/graphics-shapes-wasm-js/1.1.0/graphics-shapes-wasm-js-1.1.0.klib' CREATED, '/home/runner/.cache/JetBrains/Kotlin/.m2.cache/androidx/lifecycle/lifecycle-common-wasm-js/2.9.4/lifecycle-common-wasm-js-2.9.4.klib' CREATED, '/home/runner/.cache/JetBrains/Kotlin/.m2.cache/androidx/lifecycle/lifecycle-runtime-compose-wasm-js/2.9.4/lifecycle-runtime-compose-wasm-js-2.9.4.klib' CREATED, '/home/runner/.cache/JetBrains/Kotlin/.m2.cache/androidx/lifecycle/lifecycle-runtime-wasm-js/2.9.4/lifecycle-runtime-wasm-js-2.9.4.klib' CREATED, '/home/runner/.cache/JetBrains/Kotlin/.m2.cache/androidx/lifecycle/lifecycle-viewmodel-savedstate-wasm-js/2.9.4/lifecycle-viewmodel-savedstate-wasm-js-2.9.4.klib' CREATED, '/home/runner/.cache/JetBrains/Kotlin/.m2.cache/androidx/lifecycle/lifecycle-viewmodel-wasm-js/2.9.4/lifecycle-viewmodel-wasm-js-2.9.4.klib' CREATED, '/home/runner/.cache/JetBrains/Kotlin/.m2.cache/androidx/navigationevent/navigationevent-wasm-js/1.0.2/navigationevent-wasm-js-1.0.2.klib' CREATED, '/home/runner/.cache/JetBrains/Kotlin/.m2.cache/androidx/savedstate/savedstate-compose-wasm-js/1.3.3/savedstate-compose-wasm-js-1.3.3.klib' CREATED, '/home/runner/.cache/JetBrains/Kotlin/.m2.cache/androidx/savedstate/savedstate-wasm-js/1.3.3/savedstate-wasm-js-1.3.3.klib' CREATED, '/home/runner/.cache/JetBrains/Kotlin/.m2.cache/org/jetbrains/androidx/lifecycle/lifecycle-common-wasm-js/2.9.6/lifecycle-common-wasm-js-2.9.6.klib' CREATED, '/home/runner/.cache/JetBrains/Kotlin/.m2.cache/org/jetbrains/androidx/lifecycle/lifecycle-runtime-compose-wasm-js/2.9.6/lifecycle-runtime-compose-wasm-js-2.9.6.klib' CREATED, '/home/runner/.cache/JetBrains/Kotlin/.m2.cache/org/jetbrains/androidx/lifecycle/lifecycle-runtime-wasm-js/2.9.6/lifecycle-runtime-wasm-js-2.9.6.klib' CREATED, '/home/runner/.cache/JetBrains/Kotlin/.m2.cache/org/jetbrains/androidx/lifecycle/lifecycle-viewmodel-savedstate-wasm-js/2.9.6/lifecycle-viewmodel-savedstate-wasm-js-2.9.6.klib' CREATED, '/home/runner/.cache/JetBrains/Kotlin/.m2.cache/org/jetbrains/androidx/lifecycle/lifecycle-viewmodel-wasm-js/2.9.6/lifecycle-viewmodel-wasm-js-2.9.6.klib' CREATED, '/home/runner/.cache/JetBrains/Kotlin/.m2.cache/org/jetbrains/androidx/savedstate/savedstate-compose-wasm-js/1.3.6/savedstate-compose-wasm-js-1.3.6.klib' CREATED, '/home/runner/.cache/JetBrains/Kotlin/.m2.cache/org/jetbrains/androidx/savedstate/savedstate-wasm-js/1.3.6/savedstate-wasm-js-1.3.6.klib' CREATED, '/home/runner/.cache/JetBrains/Kotlin/.m2.cache/org/jetbrains/compose/animation/animation-core-wasm-js/1.10.3/animation-core-wasm-js-1.10.3.klib' CREATED, '/home/runner/.cache/JetBrains/Kotlin/.m2.cache/org/jetbrains/compose/animation/animation-wasm-js/1.10.3/animation-wasm-js-1.10.3.klib' CREATED, '/home/runner/.cache/JetBrains/Kotlin/.m2.cache/org/jetbrains/compose/annotation-internal/annotation-wasm-js/1.10.3/annotation-wasm-js-1.10.3.klib' CREATED, '/home/runner/.cache/JetBrains/Kotlin/.m2.cache/org/jetbrains/compose/collection-internal/collection-wasm-js/1.10.3/collection-wasm-js-1.10.3.klib' CREATED, '/home/runner/.cache/JetBrains/Kotlin/.m2.cache/org/jetbrains/compose/components/components-resources-wasmJs/1.10.3/components-resources-wasmJs-1.10.3.klib' CREATED, '/home/runner/.cache/JetBrains/Kotlin/.m2.cache/org/jetbrains/compose/foundation/foundation-layout-wasm-js/1.10.3/foundation-layout-wasm-js-1.10.3.klib' CREATED, '/home/runner/.cache/JetBrains/Kotlin/.m2.cache/org/jetbrains/compose/foundation/foundation-wasm-js/1.10.3/foundation-wasm-js-1.10.3.klib' CREATED, '/home/runner/.cache/JetBrains/Kotlin/.m2.cache/org/jetbrains/compose/material/material-ripple-wasm-js/1.9.3/material-ripple-wasm-js-1.9.3.klib' CREATED, '/home/runner/.cache/JetBrains/Kotlin/.m2.cache/org/jetbrains/compose/material3/material3-wasm-js/1.10.0-alpha05/material3-wasm-js-1.10.0-alpha05.klib' CREATED, '/home/runner/.cache/JetBrains/Kotlin/.m2.cache/org/jetbrains/compose/runtime/runtime-saveable-wasm-js/1.10.3/runtime-saveable-wasm-js-1.10.3.klib' CREATED, '/home/runner/.cache/JetBrains/Kotlin/.m2.cache/org/jetbrains/compose/runtime/runtime-wasm-js/1.10.3/runtime-wasm-js-1.10.3.klib' CREATED, '/home/runner/.cache/JetBrains/Kotlin/.m2.cache/org/jetbrains/compose/ui/ui-backhandler-wasm-js/1.10.3/ui-backhandler-wasm-js-1.10.3.klib' CREATED, '/home/runner/.cache/JetBrains/Kotlin/.m2.cache/org/jetbrains/compose/ui/ui-geometry-wasm-js/1.10.3/ui-geometry-wasm-js-1.10.3.klib' CREATED, '/home/runner/.cache/JetBrains/Kotlin/.m2.cache/org/jetbrains/compose/ui/ui-graphics-wasm-js/1.10.3/ui-graphics-wasm-js-1.10.3.klib' CREATED, '/home/runner/.cache/JetBrains/Kotlin/.m2.cache/org/jetbrains/compose/ui/ui-text-wasm-js/1.10.3/ui-text-wasm-js-1.10.3.klib' CREATED, '/home/runner/.cache/JetBrains/Kotlin/.m2.cache/org/jetbrains/compose/ui/ui-unit-wasm-js/1.10.3/ui-unit-wasm-js-1.10.3.klib' CREATED, '/home/runner/.cache/JetBrains/Kotlin/.m2.cache/org/jetbrains/compose/ui/ui-util-wasm-js/1.10.3/ui-util-wasm-js-1.10.3.klib' CREATED, '/home/runner/.cache/JetBrains/Kotlin/.m2.cache/org/jetbrains/compose/ui/ui-wasm-js/1.10.3/ui-wasm-js-1.10.3.klib' CREATED, '/home/runner/.cache/JetBrains/Kotlin/.m2.cache/org/jetbrains/kotlin/kotlin-stdlib-wasm-js/2.3.21/kotlin-stdlib-wasm-js-2.3.21.klib' CREATED, '/home/runner/.cache/JetBrains/Kotlin/.m2.cache/org/jetbrains/kotlinx/atomicfu-wasm-js/0.27.0/atomicfu-wasm-js-0.27.0.klib' CREATED, '/home/runner/.cache/JetBrains/Kotlin/.m2.cache/org/jetbrains/kotlinx/kotlinx-browser-wasm-js/0.5.0/kotlinx-browser-wasm-js-0.5.0.klib' CREATED, '/home/runner/.cache/JetBrains/Kotlin/.m2.cache/org/jetbrains/kotlinx/kotlinx-coroutines-core-wasm-js/1.9.0/kotlinx-coroutines-core-wasm-js-1.9.0.klib' CREATED, '/home/runner/.cache/JetBrains/Kotlin/.m2.cache/org/jetbrains/kotlinx/kotlinx-datetime-wasm-js/0.7.1/kotlinx-datetime-wasm-js-0.7.1.klib' CREATED, '/home/runner/.cache/JetBrains/Kotlin/.m2.cache/org/jetbrains/kotlinx/kotlinx-serialization-core-wasm-js/1.7.3/kotlinx-serialization-core-wasm-js-1.7.3.klib' CREATED, '/home/runner/.cache/JetBrains/Kotlin/.m2.cache/org/jetbrains/skiko/skiko-js-wasm-runtime/0.9.37.4/skiko-js-wasm-runtime-0.9.37.4.jar' CREATED, '/home/runner/.cache/JetBrains/Kotlin/.m2.cache/org/jetbrains/skiko/skiko-wasm-js/0.9.37.4/skiko-wasm-js-0.9.37.4.klib' CREATED
00:10.779 DEBUG :portfolio-in-compose-multiplatform:resolveDependenciesWasmJs ResolveExternalDependenciesTask$Companion resolve dependencies portfolio-in-compose-multiplatform -- common wasmJs web -- org.jetbrains.compose.components:components-resources:1.10.3 org.jetbrains.compose.foundation:foundation:1.10.3 org.jetbrains.compose.material3:material3:1.10.0-alpha05 org.jetbrains.compose.runtime:runtime:1.10.3 org.jetbrains.compose.ui:ui:1.10.3 org.jetbrains.kotlin:kotlin-stdlib:2.3.21 -- resolvePlatform=WASM_JS nativeTarget=null
wasmTarget=js
https://repo1.maven.org/maven2 https://maven.google.com resolved to:
  .m2.cache/org/jetbrains/compose/runtime/runtime-wasm-js/1.10.3/runtime-wasm-js-1.10.3.klib
  .m2.cache/org/jetbrains/compose/foundation/foundation-wasm-js/1.10.3/foundation-wasm-js-1.10.3.klib
  .m2.cache/org/jetbrains/compose/material3/material3-wasm-js/1.10.0-alpha05/material3-wasm-js-1.10.0-alpha05.klib
  .m2.cache/org/jetbrains/compose/ui/ui-wasm-js/1.10.3/ui-wasm-js-1.10.3.klib
  .m2.cache/org/jetbrains/compose/components/components-resources-wasmJs/1.10.3/components-resources-wasmJs-1.10.3.klib
  .m2.cache/org/jetbrains/kotlin/kotlin-stdlib-wasm-js/2.3.21/kotlin-stdlib-wasm-js-2.3.21.klib
  .m2.cache/androidx/compose/runtime/runtime-wasm-js/1.10.5/runtime-wasm-js-1.10.5.klib
  .m2.cache/org/jetbrains/compose/animation/animation-wasm-js/1.10.3/animation-wasm-js-1.10.3.klib
  .m2.cache/org/jetbrains/skiko/skiko-wasm-js/0.9.37.4/skiko-wasm-js-0.9.37.4.klib
  .m2.cache/androidx/graphics/graphics-shapes-wasm-js/1.1.0/graphics-shapes-wasm-js-1.1.0.klib
  .m2.cache/org/jetbrains/compose/material/material-ripple-wasm-js/1.9.3/material-ripple-wasm-js-1.9.3.klib
  .m2.cache/org/jetbrains/compose/ui/ui-graphics-wasm-js/1.10.3/ui-graphics-wasm-js-1.10.3.klib
  .m2.cache/org/jetbrains/compose/ui/ui-text-wasm-js/1.10.3/ui-text-wasm-js-1.10.3.klib
  .m2.cache/androidx/compose/runtime/runtime-retain-wasm-js/1.10.5/runtime-retain-wasm-js-1.10.5.klib
  .m2.cache/org/jetbrains/androidx/lifecycle/lifecycle-common-wasm-js/2.9.6/lifecycle-common-wasm-js-2.9.6.klib
  .m2.cache/org/jetbrains/compose/runtime/runtime-saveable-wasm-js/1.10.3/runtime-saveable-wasm-js-1.10.3.klib
  .m2.cache/org/jetbrains/compose/ui/ui-geometry-wasm-js/1.10.3/ui-geometry-wasm-js-1.10.3.klib
  .m2.cache/org/jetbrains/compose/ui/ui-unit-wasm-js/1.10.3/ui-unit-wasm-js-1.10.3.klib
  .m2.cache/org/jetbrains/compose/ui/ui-util-wasm-js/1.10.3/ui-util-wasm-js-1.10.3.klib
  .m2.cache/org/jetbrains/kotlinx/kotlinx-browser-wasm-js/0.5.0/kotlinx-browser-wasm-js-0.5.0.klib
  .m2.cache/androidx/compose/runtime/runtime-annotation-wasm-js/1.10.5/runtime-annotation-wasm-js-1.10.5.klib
  .m2.cache/org/jetbrains/kotlinx/kotlinx-coroutines-core-wasm-js/1.9.0/kotlinx-coroutines-core-wasm-js-1.9.0.klib
  .m2.cache/org/jetbrains/compose/animation/animation-core-wasm-js/1.10.3/animation-core-wasm-js-1.10.3.klib
  .m2.cache/org/jetbrains/compose/foundation/foundation-layout-wasm-js/1.10.3/foundation-layout-wasm-js-1.10.3.klib
  .m2.cache/androidx/lifecycle/lifecycle-common-wasm-js/2.9.4/lifecycle-common-wasm-js-2.9.4.klib
  .m2.cache/androidx/compose/runtime/runtime-saveable-wasm-js/1.10.5/runtime-saveable-wasm-js-1.10.5.klib
  .m2.cache/org/jetbrains/androidx/savedstate/savedstate-compose-wasm-js/1.3.6/savedstate-compose-wasm-js-1.3.6.klib
  .m2.cache/org/jetbrains/kotlinx/atomicfu-wasm-js/0.27.0/atomicfu-wasm-js-0.27.0.klib
  .m2.cache/androidx/annotation/annotation-wasm-js/1.9.1/annotation-wasm-js-1.9.1.klib
  .m2.cache/androidx/savedstate/savedstate-compose-wasm-js/1.3.3/savedstate-compose-wasm-js-1.3.3.klib
  .m2.cache/org/jetbrains/androidx/savedstate/savedstate-wasm-js/1.3.6/savedstate-wasm-js-1.3.6.klib
  .m2.cache/androidx/savedstate/savedstate-wasm-js/1.3.3/savedstate-wasm-js-1.3.3.klib
  .m2.cache/org/jetbrains/kotlinx/kotlinx-serialization-core-wasm-js/1.7.3/kotlinx-serialization-core-wasm-js-1.7.3.klib
00:10.781 DEBUG :portfolio-in-compose-multiplatform:compileWasmJs WebCompileKlibTask        WASM_JS compile portfolio-in-compose-multiplatform -- collected external dependencies

00:10.784 DEBUG :portfolio-in-compose-multiplatform:npmInstallWasmJs StateKt                   [inc] state file is missing or empty at '/home/runner/work/portfolio-in-compose-multiplatform/portfolio-in-compose-multiplatform/build/incremental.state/_portfolio-in-compose-multiplatform_npmInstallWasm-49daf76378' -> cache miss
00:10.784 DEBUG :portfolio-in-compose-multiplatform:npmInstallWasmJs IncrementalCache          [inc] building ':portfolio-in-compose-multiplatform:npmInstallWasmJs-extract-npm-dependencies'
00:10.806 DEBUG :portfolio-in-compose-multiplatform:npmInstallWasmJs StateKt                   [inc] state file is missing or empty at '/home/runner/work/portfolio-in-compose-multiplatform/portfolio-in-compose-multiplatform/build/incremental.state/_portfolio-in-compose-multiplatform_npmInstallWasm-b1ec640ab8' -> cache miss
00:10.806 DEBUG :portfolio-in-compose-multiplatform:npmInstallWasmJs IncrementalCache          [inc] building ':portfolio-in-compose-multiplatform:npmInstallWasmJs-install-npm-dependencies'
00:10.808 DEBUG :portfolio-in-compose-multiplatform:npmInstallWasmJs NpmInstallTask            Generated package.json with 1 npm dependencies at /home/runner/work/portfolio-in-compose-multiplatform/portfolio-in-compose-multiplatform/build/tasks/_portfolio-in-compose-multiplatform_npmInstallWasmJs/package.json
00:10.814 DEBUG :portfolio-in-compose-multiplatform:compileWasmJs JdkProvider               `JAVA_HOME` was found but doesn't match the JDK selection criteria: major version mismatch: expected 21 but got 17. The Kotlin Toolchain will provision a suitable JDK instead.
00:10.820 DEBUG :portfolio-in-compose-multiplatform:compileWasmJs StateKt                   [inc] state file is missing or empty at '/home/runner/work/portfolio-in-compose-multiplatform/portfolio-in-compose-multiplatform/build/incremental.state/jdk-provisioning___majorVersion__21_-bb08ac7436' -> cache miss
00:10.820 DEBUG :portfolio-in-compose-multiplatform:compileWasmJs IncrementalCache          [inc] building 'jdk-provisioning_{"majorVersion":21}'
00:10.824 DEBUG :portfolio-in-compose-multiplatform:compileWasmJs StateKt                   [inc] state file is missing or empty at '/home/runner/work/portfolio-in-compose-multiplatform/portfolio-in-compose-multiplatform/build/incremental.state/jdk-list-download-9a11f15790' -> cache miss
00:10.824 DEBUG :portfolio-in-compose-multiplatform:compileWasmJs IncrementalCache          [inc] building 'jdk-list-download'
00:11.153 INFO  :portfolio-in-compose-multiplatform:npmInstallWasmJs Downloader                Downloading https://github.com/pnpm/pnpm/releases/download/v11.9.0/pnpm-linux-x64.tar.gz to /home/runner/.cache/JetBrains/Kotlin/download.cache/d30df19002-pnpm-linux-x64.tar.gz
00:11.554 DEBUG :portfolio-in-compose-multiplatform:compileWasmJs IncrementalCache          [inc] 'jdk-list-download' changes: 
00:11.558 INFO  :portfolio-in-compose-multiplatform:compileWasmJs Downloader                Downloading https://github.com/adoptium/temurin21-binaries/releases/download/jdk-21.0.12%2B8/OpenJDK21U-jdk_x64_linux_hotspot_21.0.12_8.tar.gz to /home/runner/.cache/JetBrains/Kotlin/download.cache/f6ae9b8207-OpenJDK21U-jdk_x64_linux_hotspot_21.0.12_8.tar.gz
00:12.375 DEBUG :portfolio-in-compose-multiplatform:npmInstallWasmJs ExtractKt                 Extracting /home/runner/.cache/JetBrains/Kotlin/download.cache/d30df19002-pnpm-linux-x64.tar.gz to /home/runner/.cache/JetBrains/Kotlin/extract.cache/d30df19002-pnpm-linux-x64.tar.gz.d90c13.d
00:13.600 DEBUG :portfolio-in-compose-multiplatform:npmInstallWasmJs ProcessRunner             [cmd] /home/runner/.cache/JetBrains/Kotlin/extract.cache/d30df19002-pnpm-linux-x64.tar.gz.d90c13.d/pnpm config set --location=project updateNotifier false
00:14.294 DEBUG :portfolio-in-compose-multiplatform:compileWasmJs ExtractKt                 Extracting /home/runner/.cache/JetBrains/Kotlin/download.cache/f6ae9b8207-OpenJDK21U-jdk_x64_linux_hotspot_21.0.12_8.tar.gz to /home/runner/.cache/JetBrains/Kotlin/extract.cache/f6ae9b8207-OpenJDK21U-jdk_x64_linux_hotspot_21.0.12_8.tar.gz.4ffc7e.d
00:14.501 DEBUG :portfolio-in-compose-multiplatform:npmInstallWasmJs ProcessRunner             [cmd] /home/runner/.cache/JetBrains/Kotlin/extract.cache/d30df19002-pnpm-linux-x64.tar.gz.d90c13.d/pnpm install
00:15.243 INFO  :portfolio-in-compose-multiplatform:npmInstallWasmJs LoggingProcessOutputListener Progress: resolved 1, reused 0, downloaded 0, added 0
00:15.259 INFO  :portfolio-in-compose-multiplatform:npmInstallWasmJs LoggingProcessOutputListener Packages: +1
00:15.259 INFO  :portfolio-in-compose-multiplatform:npmInstallWasmJs LoggingProcessOutputListener +
00:15.373 INFO  :portfolio-in-compose-multiplatform:npmInstallWasmJs LoggingProcessOutputListener Progress: resolved 1, reused 0, downloaded 1, added 1, done
00:15.405 INFO  :portfolio-in-compose-multiplatform:npmInstallWasmJs LoggingProcessOutputListener 
00:15.406 INFO  :portfolio-in-compose-multiplatform:npmInstallWasmJs LoggingProcessOutputListener dependencies:
00:15.406 INFO  :portfolio-in-compose-multiplatform:npmInstallWasmJs LoggingProcessOutputListener + @js-joda/core 3.2.0 (6.1.0 is available)
00:15.406 INFO  :portfolio-in-compose-multiplatform:npmInstallWasmJs LoggingProcessOutputListener 
00:15.423 INFO  :portfolio-in-compose-multiplatform:npmInstallWasmJs LoggingProcessOutputListener Done in 352ms using pnpm v11.9.0
00:15.459 INFO  :portfolio-in-compose-multiplatform:npmInstallWasmJs NpmInstallTask            pnpm install completed successfully
00:15.469 DEBUG :portfolio-in-compose-multiplatform:npmInstallWasmJs IncrementalCache          [inc] ':portfolio-in-compose-multiplatform:npmInstallWasmJs-install-npm-dependencies' changes: '/home/runner/work/portfolio-in-compose-multiplatform/portfolio-in-compose-multiplatform/build/tasks/_portfolio-in-compose-multiplatform_npmInstallWasmJs/node_modules/.package-map.json' CREATED, '/home/runner/work/portfolio-in-compose-multiplatform/portfolio-in-compose-multiplatform/build/tasks/_portfolio-in-compose-multiplatform_npmInstallWasmJs/node_modules/@js-joda/core' CREATED, '/home/runner/work/portfolio-in-compose-multiplatform/portfolio-in-compose-multiplatform/build/tasks/_portfolio-in-compose-multiplatform_npmInstallWasmJs/node_modules/.pnpm-workspace-state-v1.json' CREATED, '/home/runner/work/portfolio-in-compose-multiplatform/portfolio-in-compose-multiplatform/build/tasks/_portfolio-in-compose-multiplatform_npmInstallWasmJs/node_modules/.modules.yaml' CREATED, '/home/runner/work/portfolio-in-compose-multiplatform/portfolio-in-compose-multiplatform/build/tasks/_portfolio-in-compose-multiplatform_npmInstallWasmJs/node_modules/.pnpm/@js-joda+core@3.2.0/node_modules/@js-joda/core/CHANGELOG.md' CREATED, '/home/runner/work/portfolio-in-compose-multiplatform/portfolio-in-compose-multiplatform/build/tasks/_portfolio-in-compose-multiplatform_npmInstallWasmJs/node_modules/.pnpm/@js-joda+core@3.2.0/node_modules/@js-joda/core/bower.json' CREATED, '/home/runner/work/portfolio-in-compose-multiplatform/portfolio-in-compose-multiplatform/build/tasks/_portfolio-in-compose-multiplatform_npmInstallWasmJs/node_modules/.pnpm/@js-joda+core@3.2.0/node_modules/@js-joda/core/package.json' CREATED, '/home/runner/work/portfolio-in-compose-multiplatform/portfolio-in-compose-multiplatform/build/tasks/_portfolio-in-compose-multiplatform_npmInstallWasmJs/node_modules/.pnpm/@js-joda+core@3.2.0/node_modules/@js-joda/core/src/MonthDay.js' CREATED, '/home/runner/work/portfolio-in-compose-multiplatform/portfolio-in-compose-multiplatform/build/tasks/_portfolio-in-compose-multiplatform_npmInstallWasmJs/node_modules/.pnpm/@js-joda+core@3.2.0/node_modules/@js-joda/core/src/Clock.js' CREATED, '/home/runner/work/portfolio-in-compose-multiplatform/portfolio-in-compose-multiplatform/build/tasks/_portfolio-in-compose-multiplatform_npmInstallWasmJs/node_modules/.pnpm/@js-joda+core@3.2.0/node_modules/@js-joda/core/src/LocalDateTime.js' CREATED, '/home/runner/work/portfolio-in-compose-multiplatform/portfolio-in-compose-multiplatform/build/tasks/_portfolio-in-compose-multiplatform_npmInstallWasmJs/node_modules/.pnpm/@js-joda+core@3.2.0/node_modules/@js-joda/core/src/LocalDate.js' CREATED, '/home/runner/work/portfolio-in-compose-multiplatform/portfolio-in-compose-multiplatform/build/tasks/_portfolio-in-compose-multiplatform_npmInstallWasmJs/node_modules/.pnpm/@js-joda+core@3.2.0/node_modules/@js-joda/core/src/assert.js' CREATED, '/home/runner/work/portfolio-in-compose-multiplatform/portfolio-in-compose-multiplatform/build/tasks/_portfolio-in-compose-multiplatform_npmInstallWasmJs/node_modules/.pnpm/@js-joda+core@3.2.0/node_modules/@js-joda/core/src/Year.js' CREATED, '/home/runner/work/portfolio-in-compose-multiplatform/portfolio-in-compose-multiplatform/build/tasks/_portfolio-in-compose-multiplatform_npmInstallWasmJs/node_modules/.pnpm/@js-joda+core@3.2.0/node_modules/@js-joda/core/src/zone/ZoneOffsetTransition.js' CREATED, '/home/runner/work/portfolio-in-compose-multiplatform/portfolio-in-compose-multiplatform/build/tasks/_portfolio-in-compose-multiplatform_npmInstallWasmJs/node_modules/.pnpm/@js-joda+core@3.2.0/node_modules/@js-joda/core/src/zone/ZoneRules.js' CREATED, '/home/runner/work/portfolio-in-compose-multiplatform/portfolio-in-compose-multiplatform/build/tasks/_portfolio-in-compose-multiplatform_npmInstallWasmJs/node_modules/.pnpm/@js-joda+core@3.2.0/node_modules/@js-joda/core/src/zone/SystemDefaultZoneId.js' CREATED, '/home/runner/work/portfolio-in-compose-multiplatform/portfolio-in-compose-multiplatform/build/tasks/_portfolio-in-compose-multiplatform_npmInstallWasmJs/node_modules/.pnpm/@js-joda+core@3.2.0/node_modules/@js-joda/core/src/zone/SystemDefaultZoneRules.js' CREATED, '/home/runner/work/portfolio-in-compose-multiplatform/portfolio-in-compose-multiplatform/build/tasks/_portfolio-in-compose-multiplatform_npmInstallWasmJs/node_modules/.pnpm/@js-joda+core@3.2.0/node_modules/@js-joda/core/src/zone/ZoneRulesProvider.js' CREATED, '/home/runner/work/portfolio-in-compose-multiplatform/portfolio-in-compose-multiplatform/build/tasks/_portfolio-in-compose-multiplatform_npmInstallWasmJs/node_modules/.pnpm/@js-joda+core@3.2.0/node_modules/@js-joda/core/src/Enum.js' CREATED, '/home/runner/work/portfolio-in-compose-multiplatform/portfolio-in-compose-multiplatform/build/tasks/_portfolio-in-compose-multiplatform_npmInstallWasmJs/node_modules/.pnpm/@js-joda+core@3.2.0/node_modules/@js-joda/core/src/temporal/TemporalAdjusters.js' CREATED, '/home/runner/work/portfolio-in-compose-multiplatform/portfolio-in-compose-multiplatform/build/tasks/_portfolio-in-compose-multiplatform_npmInstallWasmJs/node_modules/.pnpm/@js-joda+core@3.2.0/node_modules/@js-joda/core/src/temporal/TemporalQuery.js' CREATED, '/home/runner/work/portfolio-in-compose-multiplatform/portfolio-in-compose-multiplatform/build/tasks/_portfolio-in-compose-multiplatform_npmInstallWasmJs/node_modules/.pnpm/@js-joda+core@3.2.0/node_modules/@js-joda/core/src/temporal/TemporalAdjuster.js' CREATED, '/home/runner/work/portfolio-in-compose-multiplatform/portfolio-in-compose-multiplatform/build/tasks/_portfolio-in-compose-multiplatform_npmInstallWasmJs/node_modules/.pnpm/@js-joda+core@3.2.0/node_modules/@js-joda/core/src/temporal/TemporalQueries.js' CREATED, '/home/runner/work/portfolio-in-compose-multiplatform/portfolio-in-compose-multiplatform/build/tasks/_portfolio-in-compose-multiplatform_npmInstallWasmJs/node_modules/.pnpm/@js-joda+core@3.2.0/node_modules/@js-joda/core/src/temporal/TemporalField.js' CREATED, '/home/runner/work/portfolio-in-compose-multiplatform/portfolio-in-compose-multiplatform/build/tasks/_portfolio-in-compose-multiplatform_npmInstallWasmJs/node_modules/.pnpm/@js-joda+core@3.2.0/node_modules/@js-joda/core/src/temporal/IsoFields.js' CREATED, '/home/runner/work/portfolio-in-compose-multiplatform/portfolio-in-compose-multiplatform/build/tasks/_portfolio-in-compose-multiplatform_npmInstallWasmJs/node_modules/.pnpm/@js-joda+core@3.2.0/node_modules/@js-joda/core/src/temporal/ChronoUnit.js' CREATED, '/home/runner/work/portfolio-in-compose-multiplatform/portfolio-in-compose-multiplatform/build/tasks/_portfolio-in-compose-multiplatform_npmInstallWasmJs/node_modules/.pnpm/@js-joda+core@3.2.0/node_modules/@js-joda/core/src/temporal/ValueRange.js' CREATED, '/home/runner/work/portfolio-in-compose-multiplatform/portfolio-in-compose-multiplatform/build/tasks/_portfolio-in-compose-multiplatform_npmInstallWasmJs/node_modules/.pnpm/@js-joda+core@3.2.0/node_modules/@js-joda/core/src/temporal/Temporal.js' CREATED, '/home/runner/work/portfolio-in-compose-multiplatform/portfolio-in-compose-multiplatform/build/tasks/_portfolio-in-compose-multiplatform_npmInstallWasmJs/node_modules/.pnpm/@js-joda+core@3.2.0/node_modules/@js-joda/core/src/temporal/ChronoField.js' CREATED, '/home/runner/work/portfolio-in-compose-multiplatform/portfolio-in-compose-multiplatform/build/tasks/_portfolio-in-compose-multiplatform_npmInstallWasmJs/node_modules/.pnpm/@js-joda+core@3.2.0/node_modules/@js-joda/core/src/temporal/TemporalAmount.js' CREATED, '/home/runner/work/portfolio-in-compose-multiplatform/portfolio-in-compose-multiplatform/build/tasks/_portfolio-in-compose-multiplatform_npmInstallWasmJs/node_modules/.pnpm/@js-joda+core@3.2.0/node_modules/@js-joda/core/src/temporal/TemporalQueriesFactory.js' CREATED, '/home/runner/work/portfolio-in-compose-multiplatform/portfolio-in-compose-multiplatform/build/tasks/_portfolio-in-compose-multiplatform_npmInstallWasmJs/node_modules/.pnpm/@js-joda+core@3.2.0/node_modules/@js-joda/core/src/temporal/NativeJsTemporal.js' CREATED, '/home/runner/work/portfolio-in-compose-multiplatform/portfolio-in-compose-multiplatform/build/tasks/_portfolio-in-compose-multiplatform_npmInstallWasmJs/node_modules/.pnpm/@js-joda+core@3.2.0/node_modules/@js-joda/core/src/temporal/TemporalAccessor.js' CREATED, '/home/runner/work/portfolio-in-compose-multiplatform/portfolio-in-compose-multiplatform/build/tasks/_portfolio-in-compose-multiplatform_npmInstallWasmJs/node_modules/.pnpm/@js-joda+core@3.2.0/node_modules/@js-joda/core/src/temporal/TemporalUnit.js' CREATED, '/home/runner/work/portfolio-in-compose-multiplatform/portfolio-in-compose-multiplatform/build/tasks/_portfolio-in-compose-multiplatform_npmInstallWasmJs/node_modules/.pnpm/@js-joda+core@3.2.0/node_modules/@js-joda/core/src/temporal/DefaultInterfaceTemporal.js' CREATED, '/home/runner/work/portfolio-in-compose-multiplatform/portfolio-in-compose-multiplatform/build/tasks/_portfolio-in-compose-multiplatform_npmInstallWasmJs/node_modules/.pnpm/@js-joda+core@3.2.0/node_modules/@js-joda/core/src/format/DateTimeParseContext.js' CREATED, '/home/runner/work/portfolio-in-compose-multiplatform/portfolio-in-compose-multiplatform/build/tasks/_portfolio-in-compose-multiplatform_npmInstallWasmJs/node_modules/.pnpm/@js-joda+core@3.2.0/node_modules/@js-joda/core/src/format/DateTimePrintContext.js' CREATED, '/home/runner/work/portfolio-in-compose-multiplatform/portfolio-in-compose-multiplatform/build/tasks/_portfolio-in-compose-multiplatform_npmInstallWasmJs/node_modules/.pnpm/@js-joda+core@3.2.0/node_modules/@js-joda/core/src/format/DecimalStyle.js' CREATED, '/home/runner/work/portfolio-in-compose-multiplatform/portfolio-in-compose-multiplatform/build/tasks/_portfolio-in-compose-multiplatform_npmInstallWasmJs/node_modules/.pnpm/@js-joda+core@3.2.0/node_modules/@js-joda/core/src/format/ResolverStyle.js' CREATED, '/home/runner/work/portfolio-in-compose-multiplatform/portfolio-in-compose-multiplatform/build/tasks/_portfolio-in-compose-multiplatform_npmInstallWasmJs/node_modules/.pnpm/@js-joda+core@3.2.0/node_modules/@js-joda/core/src/format/EnumMap.js' CREATED, '/home/runner/work/portfolio-in-compose-multiplatform/portfolio-in-compose-multiplatform/build/tasks/_portfolio-in-compose-multiplatform_npmInstallWasmJs/node_modules/.pnpm/@js-joda+core@3.2.0/node_modules/@js-joda/core/src/format/ParsePosition.js' CREATED, '/home/runner/work/portfolio-in-compose-multiplatform/portfolio-in-compose-multiplatform/build/tasks/_portfolio-in-compose-multiplatform_npmInstallWasmJs/node_modules/.pnpm/@js-joda+core@3.2.0/node_modules/@js-joda/core/src/format/parser/CompositePrinterParser.js' CREATED, '/home/runner/work/portfolio-in-compose-multiplatform/portfolio-in-compose-multiplatform/build/tasks/_portfolio-in-compose-multiplatform_npmInstallWasmJs/node_modules/.pnpm/@js-joda+core@3.2.0/node_modules/@js-joda/core/src/format/parser/OffsetIdPrinterParser.js' CREATED, '/home/runner/work/portfolio-in-compose-multiplatform/portfolio-in-compose-multiplatform/build/tasks/_portfolio-in-compose-multiplatform_npmInstallWasmJs/node_modules/.pnpm/@js-joda+core@3.2.0/node_modules/@js-joda/core/src/format/parser/SettingsParser.js' CREATED, '/home/runner/work/portfolio-in-compose-multiplatform/portfolio-in-compose-multiplatform/build/tasks/_portfolio-in-compose-multiplatform_npmInstallWasmJs/node_modules/.pnpm/@js-joda+core@3.2.0/node_modules/@js-joda/core/src/format/parser/CharLiteralPrinterParser.js' CREATED, '/home/runner/work/portfolio-in-compose-multiplatform/portfolio-in-compose-multiplatform/build/tasks/_portfolio-in-compose-multiplatform_npmInstallWasmJs/node_modules/.pnpm/@js-joda+core@3.2.0/node_modules/@js-joda/core/src/format/parser/FractionPrinterParser.js' CREATED, '/home/runner/work/portfolio-in-compose-multiplatform/portfolio-in-compose-multiplatform/build/tasks/_portfolio-in-compose-multiplatform_npmInstallWasmJs/node_modules/.pnpm/@js-joda+core@3.2.0/node_modules/@js-joda/core/src/format/parser/NumberPrinterParser.js' CREATED, '/home/runner/work/portfolio-in-compose-multiplatform/portfolio-in-compose-multiplatform/build/tasks/_portfolio-in-compose-multiplatform_npmInstallWasmJs/node_modules/.pnpm/@js-joda+core@3.2.0/node_modules/@js-joda/core/src/format/parser/PadPrinterParserDecorator.js' CREATED, '/home/runner/work/portfolio-in-compose-multiplatform/portfolio-in-compose-multiplatform/build/tasks/_portfolio-in-compose-multiplatform_npmInstallWasmJs/node_modules/.pnpm/@js-joda+core@3.2.0/node_modules/@js-joda/core/src/format/parser/StringLiteralPrinterParser.js' CREATED, '/home/runner/work/portfolio-in-compose-multiplatform/portfolio-in-compose-multiplatform/build/tasks/_portfolio-in-compose-multiplatform_npmInstallWasmJs/node_modules/.pnpm/@js-joda+core@3.2.0/node_modules/@js-joda/core/src/format/parser/ZoneIdPrinterParser.js' CREATED, '/home/runner/work/portfolio-in-compose-multiplatform/portfolio-in-compose-multiplatform/build/tasks/_portfolio-in-compose-multiplatform_npmInstallWasmJs/node_modules/.pnpm/@js-joda+core@3.2.0/node_modules/@js-joda/core/src/format/TextStyle.js' CREATED, '/home/runner/work/portfolio-in-compose-multiplatform/portfolio-in-compose-multiplatform/build/tasks/_portfolio-in-compose-multiplatform_npmInstallWasmJs/node_modules/.pnpm/@js-joda+core@3.2.0/node_modules/@js-joda/core/src/format/DateTimeFormatter.js' CREATED, '/home/runner/work/portfolio-in-compose-multiplatform/portfolio-in-compose-multiplatform/build/tasks/_portfolio-in-compose-multiplatform_npmInstallWasmJs/node_modules/.pnpm/@js-joda+core@3.2.0/node_modules/@js-joda/core/src/format/SignStyle.js' CREATED, '/home/runner/work/portfolio-in-compose-multiplatform/portfolio-in-compose-multiplatform/build/tasks/_portfolio-in-compose-multiplatform_npmInstallWasmJs/node_modules/.pnpm/@js-joda+core@3.2.0/node_modules/@js-joda/core/src/format/DateTimeBuilder.js' CREATED, '/home/runner/work/portfolio-in-compose-multiplatform/portfolio-in-compose-multiplatform/build/tasks/_portfolio-in-compose-multiplatform_npmInstallWasmJs/node_modules/.pnpm/@js-joda+core@3.2.0/node_modules/@js-joda/core/src/format/DateTimeFormatterBuilder.js' CREATED, '/home/runner/work/portfolio-in-compose-multiplatform/portfolio-in-compose-multiplatform/build/tasks/_portfolio-in-compose-multiplatform_npmInstallWasmJs/node_modules/.pnpm/@js-joda+core@3.2.0/node_modules/@js-joda/core/src/format/StringBuilder.js' CREATED, '/home/runner/work/portfolio-in-compose-multiplatform/portfolio-in-compose-multiplatform/build/tasks/_portfolio-in-compose-multiplatform_npmInstallWasmJs/node_modules/.pnpm/@js-joda+core@3.2.0/node_modules/@js-joda/core/src/Month.js' CREATED, '/home/runner/work/portfolio-in-compose-multiplatform/portfolio-in-compose-multiplatform/build/tasks/_portfolio-in-compose-multiplatform_npmInstallWasmJs/node_modules/.pnpm/@js-joda+core@3.2.0/node_modules/@js-joda/core/src/Period.js' CREATED, '/home/runner/work/portfolio-in-compose-multiplatform/portfolio-in-compose-multiplatform/build/tasks/_portfolio-in-compose-multiplatform_npmInstallWasmJs/node_modules/.pnpm/@js-joda+core@3.2.0/node_modules/@js-joda/core/src/use.js' CREATED, '/home/runner/work/portfolio-in-compose-multiplatform/portfolio-in-compose-multiplatform/build/tasks/_portfolio-in-compose-multiplatform_npmInstallWasmJs/node_modules/.pnpm/@js-joda+core@3.2.0/node_modules/@js-joda/core/src/OffsetTime.js' CREATED, '/home/runner/work/portfolio-in-compose-multiplatform/portfolio-in-compose-multiplatform/build/tasks/_portfolio-in-compose-multiplatform_npmInstallWasmJs/node_modules/.pnpm/@js-joda+core@3.2.0/node_modules/@js-joda/core/src/ZoneOffset.js' CREATED, '/home/runner/work/portfolio-in-compose-multiplatform/portfolio-in-compose-multiplatform/build/tasks/_portfolio-in-compose-multiplatform_npmInstallWasmJs/node_modules/.pnpm/@js-joda+core@3.2.0/node_modules/@js-joda/core/src/MathUtil.js' CREATED, '/home/runner/work/portfolio-in-compose-multiplatform/portfolio-in-compose-multiplatform/build/tasks/_portfolio-in-compose-multiplatform_npmInstallWasmJs/node_modules/.pnpm/@js-joda+core@3.2.0/node_modules/@js-joda/core/src/convert.js' CREATED, '/home/runner/work/portfolio-in-compose-multiplatform/portfolio-in-compose-multiplatform/build/tasks/_portfolio-in-compose-multiplatform_npmInstallWasmJs/node_modules/.pnpm/@js-joda+core@3.2.0/node_modules/@js-joda/core/src/ZonedDateTime.js' CREATED, '/home/runner/work/portfolio-in-compose-multiplatform/portfolio-in-compose-multiplatform/build/tasks/_portfolio-in-compose-multiplatform_npmInstallWasmJs/node_modules/.pnpm/@js-joda+core@3.2.0/node_modules/@js-joda/core/src/YearConstants.js' CREATED, '/home/runner/work/portfolio-in-compose-multiplatform/portfolio-in-compose-multiplatform/build/tasks/_portfolio-in-compose-multiplatform_npmInstallWasmJs/node_modules/.pnpm/@js-joda+core@3.2.0/node_modules/@js-joda/core/src/ZoneId.js' CREATED, '/home/runner/work/portfolio-in-compose-multiplatform/portfolio-in-compose-multiplatform/build/tasks/_portfolio-in-compose-multiplatform_npmInstallWasmJs/node_modules/.pnpm/@js-joda+core@3.2.0/node_modules/@js-joda/core/src/Duration.js' CREATED, '/home/runner/work/portfolio-in-compose-multiplatform/portfolio-in-compose-multiplatform/build/tasks/_portfolio-in-compose-multiplatform_npmInstallWasmJs/node_modules/.pnpm/@js-joda+core@3.2.0/node_modules/@js-joda/core/src/OffsetDateTime.js' CREATED, '/home/runner/work/portfolio-in-compose-multiplatform/portfolio-in-compose-multiplatform/build/tasks/_portfolio-in-compose-multiplatform_npmInstallWasmJs/node_modules/.pnpm/@js-joda+core@3.2.0/node_modules/@js-joda/core/src/DayOfWeek.js' CREATED, '/home/runner/work/portfolio-in-compose-multiplatform/portfolio-in-compose-multiplatform/build/tasks/_portfolio-in-compose-multiplatform_npmInstallWasmJs/node_modules/.pnpm/@js-joda+core@3.2.0/node_modules/@js-joda/core/src/Instant.js' CREATED, '/home/runner/work/portfolio-in-compose-multiplatform/portfolio-in-compose-multiplatform/build/tasks/_portfolio-in-compose-multiplatform_npmInstallWasmJs/node_modules/.pnpm/@js-joda+core@3.2.0/node_modules/@js-joda/core/src/YearMonth.js' CREATED, '/home/runner/work/portfolio-in-compose-multiplatform/portfolio-in-compose-multiplatform/build/tasks/_portfolio-in-compose-multiplatform_npmInstallWasmJs/node_modules/.pnpm/@js-joda+core@3.2.0/node_modules/@js-joda/core/src/errors.js' CREATED, '/home/runner/work/portfolio-in-compose-multiplatform/portfolio-in-compose-multiplatform/build/tasks/_portfolio-in-compose-multiplatform_npmInstallWasmJs/node_modules/.pnpm/@js-joda+core@3.2.0/node_modules/@js-joda/core/src/LocalTime.js' CREATED, '/home/runner/work/portfolio-in-compose-multiplatform/portfolio-in-compose-multiplatform/build/tasks/_portfolio-in-compose-multiplatform_npmInstallWasmJs/node_modules/.pnpm/@js-joda+core@3.2.0/node_modules/@js-joda/core/src/ZoneIdFactory.js' CREATED, '/home/runner/work/portfolio-in-compose-multiplatform/portfolio-in-compose-multiplatform/build/tasks/_portfolio-in-compose-multiplatform_npmInstallWasmJs/node_modules/.pnpm/@js-joda+core@3.2.0/node_modules/@js-joda/core/src/chrono/ChronoLocalDateTime.js' CREATED, '/home/runner/work/portfolio-in-compose-multiplatform/portfolio-in-compose-multiplatform/build/tasks/_portfolio-in-compose-multiplatform_npmInstallWasmJs/node_modules/.pnpm/@js-joda+core@3.2.0/node_modules/@js-joda/core/src/chrono/ChronoLocalDate.js' CREATED, '/home/runner/work/portfolio-in-compose-multiplatform/portfolio-in-compose-multiplatform/build/tasks/_portfolio-in-compose-multiplatform_npmInstallWasmJs/node_modules/.pnpm/@js-joda+core@3.2.0/node_modules/@js-joda/core/src/chrono/IsoChronology.js' CREATED, '/home/runner/work/portfolio-in-compose-multiplatform/portfolio-in-compose-multiplatform/build/tasks/_portfolio-in-compose-multiplatform_npmInstallWasmJs/node_modules/.pnpm/@js-joda+core@3.2.0/node_modules/@js-joda/core/src/chrono/ChronoZonedDateTime.js' CREATED, '/home/runner/work/portfolio-in-compose-multiplatform/portfolio-in-compose-multiplatform/build/tasks/_portfolio-in-compose-multiplatform_npmInstallWasmJs/node_modules/.pnpm/@js-joda+core@3.2.0/node_modules/@js-joda/core/src/js-joda.js' CREATED, '/home/runner/work/portfolio-in-compose-multiplatform/portfolio-in-compose-multiplatform/build/tasks/_portfolio-in-compose-multiplatform_npmInstallWasmJs/node_modules/.pnpm/@js-joda+core@3.2.0/node_modules/@js-joda/core/src/StringUtil.js' CREATED, '/home/runner/work/portfolio-in-compose-multiplatform/portfolio-in-compose-multiplatform/build/tasks/_portfolio-in-compose-multiplatform_npmInstallWasmJs/node_modules/.pnpm/@js-joda+core@3.2.0/node_modules/@js-joda/core/src/_init.js' CREATED, '/home/runner/work/portfolio-in-compose-multiplatform/portfolio-in-compose-multiplatform/build/tasks/_portfolio-in-compose-multiplatform_npmInstallWasmJs/node_modules/.pnpm/@js-joda+core@3.2.0/node_modules/@js-joda/core/src/license-preamble.js' CREATED, '/home/runner/work/portfolio-in-compose-multiplatform/portfolio-in-compose-multiplatform/build/tasks/_portfolio-in-compose-multiplatform_npmInstallWasmJs/node_modules/.pnpm/@js-joda+core@3.2.0/node_modules/@js-joda/core/src/ZoneRegion.js' CREATED, '/home/runner/work/portfolio-in-compose-multiplatform/portfolio-in-compose-multiplatform/build/tasks/_portfolio-in-compose-multiplatform_npmInstallWasmJs/node_modules/.pnpm/@js-joda+core@3.2.0/node_modules/@js-joda/core/LICENSE' CREATED, '/home/runner/work/portfolio-in-compose-multiplatform/portfolio-in-compose-multiplatform/build/tasks/_portfolio-in-compose-multiplatform_npmInstallWasmJs/node_modules/.pnpm/@js-joda+core@3.2.0/node_modules/@js-joda/core/CheatSheet.md' CREATED, '/home/runner/work/portfolio-in-compose-multiplatform/portfolio-in-compose-multiplatform/build/tasks/_portfolio-in-compose-multiplatform_npmInstallWasmJs/node_modules/.pnpm/@js-joda+core@3.2.0/node_modules/@js-joda/core/dist/js-joda.d.ts' CREATED, '/home/runner/work/portfolio-in-compose-multiplatform/portfolio-in-compose-multiplatform/build/tasks/_portfolio-in-compose-multiplatform_npmInstallWasmJs/node_modules/.pnpm/@js-joda+core@3.2.0/node_modules/@js-joda/core/dist/js-joda.flow.js' CREATED, '/home/runner/work/portfolio-in-compose-multiplatform/portfolio-in-compose-multiplatform/build/tasks/_portfolio-in-compose-multiplatform_npmInstallWasmJs/node_modules/.pnpm/@js-joda+core@3.2.0/node_modules/@js-joda/core/dist/js-joda.js.map' CREATED, '/home/runner/work/portfolio-in-compose-multiplatform/portfolio-in-compose-multiplatform/build/tasks/_portfolio-in-compose-multiplatform_npmInstallWasmJs/node_modules/.pnpm/@js-joda+core@3.2.0/node_modules/@js-joda/core/dist/js-joda.esm.js' CREATED, '/home/runner/work/portfolio-in-compose-multiplatform/portfolio-in-compose-multiplatform/build/tasks/_portfolio-in-compose-multiplatform_npmInstallWasmJs/node_modules/.pnpm/@js-joda+core@3.2.0/node_modules/@js-joda/core/dist/js-joda.js' CREATED, '/home/runner/work/portfolio-in-compose-multiplatform/portfolio-in-compose-multiplatform/build/tasks/_portfolio-in-compose-multiplatform_npmInstallWasmJs/node_modules/.pnpm/@js-joda+core@3.2.0/node_modules/@js-joda/core/dist/js-joda.min.js' CREATED, '/home/runner/work/portfolio-in-compose-multiplatform/portfolio-in-compose-multiplatform/build/tasks/_portfolio-in-compose-multiplatform_npmInstallWasmJs/node_modules/.pnpm/@js-joda+core@3.2.0/node_modules/@js-joda/core/README.md' CREATED, '/home/runner/work/portfolio-in-compose-multiplatform/portfolio-in-compose-multiplatform/build/tasks/_portfolio-in-compose-multiplatform_npmInstallWasmJs/node_modules/.pnpm/lock.yaml' CREATED
00:15.479 DEBUG :portfolio-in-compose-multiplatform:npmInstallWasmJs IncrementalCache          [inc] ':portfolio-in-compose-multiplatform:npmInstallWasmJs-extract-npm-dependencies' changes: '/home/runner/work/portfolio-in-compose-multiplatform/portfolio-in-compose-multiplatform/build/tasks/_portfolio-in-compose-multiplatform_npmInstallWasmJs/node_modules/.package-map.json' CREATED, '/home/runner/work/portfolio-in-compose-multiplatform/portfolio-in-compose-multiplatform/build/tasks/_portfolio-in-compose-multiplatform_npmInstallWasmJs/node_modules/@js-joda/core' CREATED, '/home/runner/work/portfolio-in-compose-multiplatform/portfolio-in-compose-multiplatform/build/tasks/_portfolio-in-compose-multiplatform_npmInstallWasmJs/node_modules/.pnpm-workspace-state-v1.json' CREATED, '/home/runner/work/portfolio-in-compose-multiplatform/portfolio-in-compose-multiplatform/build/tasks/_portfolio-in-compose-multiplatform_npmInstallWasmJs/node_modules/.modules.yaml' CREATED, '/home/runner/work/portfolio-in-compose-multiplatform/portfolio-in-compose-multiplatform/build/tasks/_portfolio-in-compose-multiplatform_npmInstallWasmJs/node_modules/.pnpm/@js-joda+core@3.2.0/node_modules/@js-joda/core/CHANGELOG.md' CREATED, '/home/runner/work/portfolio-in-compose-multiplatform/portfolio-in-compose-multiplatform/build/tasks/_portfolio-in-compose-multiplatform_npmInstallWasmJs/node_modules/.pnpm/@js-joda+core@3.2.0/node_modules/@js-joda/core/bower.json' CREATED, '/home/runner/work/portfolio-in-compose-multiplatform/portfolio-in-compose-multiplatform/build/tasks/_portfolio-in-compose-multiplatform_npmInstallWasmJs/node_modules/.pnpm/@js-joda+core@3.2.0/node_modules/@js-joda/core/package.json' CREATED, '/home/runner/work/portfolio-in-compose-multiplatform/portfolio-in-compose-multiplatform/build/tasks/_portfolio-in-compose-multiplatform_npmInstallWasmJs/node_modules/.pnpm/@js-joda+core@3.2.0/node_modules/@js-joda/core/src/MonthDay.js' CREATED, '/home/runner/work/portfolio-in-compose-multiplatform/portfolio-in-compose-multiplatform/build/tasks/_portfolio-in-compose-multiplatform_npmInstallWasmJs/node_modules/.pnpm/@js-joda+core@3.2.0/node_modules/@js-joda/core/src/Clock.js' CREATED, '/home/runner/work/portfolio-in-compose-multiplatform/portfolio-in-compose-multiplatform/build/tasks/_portfolio-in-compose-multiplatform_npmInstallWasmJs/node_modules/.pnpm/@js-joda+core@3.2.0/node_modules/@js-joda/core/src/LocalDateTime.js' CREATED, '/home/runner/work/portfolio-in-compose-multiplatform/portfolio-in-compose-multiplatform/build/tasks/_portfolio-in-compose-multiplatform_npmInstallWasmJs/node_modules/.pnpm/@js-joda+core@3.2.0/node_modules/@js-joda/core/src/LocalDate.js' CREATED, '/home/runner/work/portfolio-in-compose-multiplatform/portfolio-in-compose-multiplatform/build/tasks/_portfolio-in-compose-multiplatform_npmInstallWasmJs/node_modules/.pnpm/@js-joda+core@3.2.0/node_modules/@js-joda/core/src/assert.js' CREATED, '/home/runner/work/portfolio-in-compose-multiplatform/portfolio-in-compose-multiplatform/build/tasks/_portfolio-in-compose-multiplatform_npmInstallWasmJs/node_modules/.pnpm/@js-joda+core@3.2.0/node_modules/@js-joda/core/src/Year.js' CREATED, '/home/runner/work/portfolio-in-compose-multiplatform/portfolio-in-compose-multiplatform/build/tasks/_portfolio-in-compose-multiplatform_npmInstallWasmJs/node_modules/.pnpm/@js-joda+core@3.2.0/node_modules/@js-joda/core/src/zone/ZoneOffsetTransition.js' CREATED, '/home/runner/work/portfolio-in-compose-multiplatform/portfolio-in-compose-multiplatform/build/tasks/_portfolio-in-compose-multiplatform_npmInstallWasmJs/node_modules/.pnpm/@js-joda+core@3.2.0/node_modules/@js-joda/core/src/zone/ZoneRules.js' CREATED, '/home/runner/work/portfolio-in-compose-multiplatform/portfolio-in-compose-multiplatform/build/tasks/_portfolio-in-compose-multiplatform_npmInstallWasmJs/node_modules/.pnpm/@js-joda+core@3.2.0/node_modules/@js-joda/core/src/zone/SystemDefaultZoneId.js' CREATED, '/home/runner/work/portfolio-in-compose-multiplatform/portfolio-in-compose-multiplatform/build/tasks/_portfolio-in-compose-multiplatform_npmInstallWasmJs/node_modules/.pnpm/@js-joda+core@3.2.0/node_modules/@js-joda/core/src/zone/SystemDefaultZoneRules.js' CREATED, '/home/runner/work/portfolio-in-compose-multiplatform/portfolio-in-compose-multiplatform/build/tasks/_portfolio-in-compose-multiplatform_npmInstallWasmJs/node_modules/.pnpm/@js-joda+core@3.2.0/node_modules/@js-joda/core/src/zone/ZoneRulesProvider.js' CREATED, '/home/runner/work/portfolio-in-compose-multiplatform/portfolio-in-compose-multiplatform/build/tasks/_portfolio-in-compose-multiplatform_npmInstallWasmJs/node_modules/.pnpm/@js-joda+core@3.2.0/node_modules/@js-joda/core/src/Enum.js' CREATED, '/home/runner/work/portfolio-in-compose-multiplatform/portfolio-in-compose-multiplatform/build/tasks/_portfolio-in-compose-multiplatform_npmInstallWasmJs/node_modules/.pnpm/@js-joda+core@3.2.0/node_modules/@js-joda/core/src/temporal/TemporalAdjusters.js' CREATED, '/home/runner/work/portfolio-in-compose-multiplatform/portfolio-in-compose-multiplatform/build/tasks/_portfolio-in-compose-multiplatform_npmInstallWasmJs/node_modules/.pnpm/@js-joda+core@3.2.0/node_modules/@js-joda/core/src/temporal/TemporalQuery.js' CREATED, '/home/runner/work/portfolio-in-compose-multiplatform/portfolio-in-compose-multiplatform/build/tasks/_portfolio-in-compose-multiplatform_npmInstallWasmJs/node_modules/.pnpm/@js-joda+core@3.2.0/node_modules/@js-joda/core/src/temporal/TemporalAdjuster.js' CREATED, '/home/runner/work/portfolio-in-compose-multiplatform/portfolio-in-compose-multiplatform/build/tasks/_portfolio-in-compose-multiplatform_npmInstallWasmJs/node_modules/.pnpm/@js-joda+core@3.2.0/node_modules/@js-joda/core/src/temporal/TemporalQueries.js' CREATED, '/home/runner/work/portfolio-in-compose-multiplatform/portfolio-in-compose-multiplatform/build/tasks/_portfolio-in-compose-multiplatform_npmInstallWasmJs/node_modules/.pnpm/@js-joda+core@3.2.0/node_modules/@js-joda/core/src/temporal/TemporalField.js' CREATED, '/home/runner/work/portfolio-in-compose-multiplatform/portfolio-in-compose-multiplatform/build/tasks/_portfolio-in-compose-multiplatform_npmInstallWasmJs/node_modules/.pnpm/@js-joda+core@3.2.0/node_modules/@js-joda/core/src/temporal/IsoFields.js' CREATED, '/home/runner/work/portfolio-in-compose-multiplatform/portfolio-in-compose-multiplatform/build/tasks/_portfolio-in-compose-multiplatform_npmInstallWasmJs/node_modules/.pnpm/@js-joda+core@3.2.0/node_modules/@js-joda/core/src/temporal/ChronoUnit.js' CREATED, '/home/runner/work/portfolio-in-compose-multiplatform/portfolio-in-compose-multiplatform/build/tasks/_portfolio-in-compose-multiplatform_npmInstallWasmJs/node_modules/.pnpm/@js-joda+core@3.2.0/node_modules/@js-joda/core/src/temporal/ValueRange.js' CREATED, '/home/runner/work/portfolio-in-compose-multiplatform/portfolio-in-compose-multiplatform/build/tasks/_portfolio-in-compose-multiplatform_npmInstallWasmJs/node_modules/.pnpm/@js-joda+core@3.2.0/node_modules/@js-joda/core/src/temporal/Temporal.js' CREATED, '/home/runner/work/portfolio-in-compose-multiplatform/portfolio-in-compose-multiplatform/build/tasks/_portfolio-in-compose-multiplatform_npmInstallWasmJs/node_modules/.pnpm/@js-joda+core@3.2.0/node_modules/@js-joda/core/src/temporal/ChronoField.js' CREATED, '/home/runner/work/portfolio-in-compose-multiplatform/portfolio-in-compose-multiplatform/build/tasks/_portfolio-in-compose-multiplatform_npmInstallWasmJs/node_modules/.pnpm/@js-joda+core@3.2.0/node_modules/@js-joda/core/src/temporal/TemporalAmount.js' CREATED, '/home/runner/work/portfolio-in-compose-multiplatform/portfolio-in-compose-multiplatform/build/tasks/_portfolio-in-compose-multiplatform_npmInstallWasmJs/node_modules/.pnpm/@js-joda+core@3.2.0/node_modules/@js-joda/core/src/temporal/TemporalQueriesFactory.js' CREATED, '/home/runner/work/portfolio-in-compose-multiplatform/portfolio-in-compose-multiplatform/build/tasks/_portfolio-in-compose-multiplatform_npmInstallWasmJs/node_modules/.pnpm/@js-joda+core@3.2.0/node_modules/@js-joda/core/src/temporal/NativeJsTemporal.js' CREATED, '/home/runner/work/portfolio-in-compose-multiplatform/portfolio-in-compose-multiplatform/build/tasks/_portfolio-in-compose-multiplatform_npmInstallWasmJs/node_modules/.pnpm/@js-joda+core@3.2.0/node_modules/@js-joda/core/src/temporal/TemporalAccessor.js' CREATED, '/home/runner/work/portfolio-in-compose-multiplatform/portfolio-in-compose-multiplatform/build/tasks/_portfolio-in-compose-multiplatform_npmInstallWasmJs/node_modules/.pnpm/@js-joda+core@3.2.0/node_modules/@js-joda/core/src/temporal/TemporalUnit.js' CREATED, '/home/runner/work/portfolio-in-compose-multiplatform/portfolio-in-compose-multiplatform/build/tasks/_portfolio-in-compose-multiplatform_npmInstallWasmJs/node_modules/.pnpm/@js-joda+core@3.2.0/node_modules/@js-joda/core/src/temporal/DefaultInterfaceTemporal.js' CREATED, '/home/runner/work/portfolio-in-compose-multiplatform/portfolio-in-compose-multiplatform/build/tasks/_portfolio-in-compose-multiplatform_npmInstallWasmJs/node_modules/.pnpm/@js-joda+core@3.2.0/node_modules/@js-joda/core/src/format/DateTimeParseContext.js' CREATED, '/home/runner/work/portfolio-in-compose-multiplatform/portfolio-in-compose-multiplatform/build/tasks/_portfolio-in-compose-multiplatform_npmInstallWasmJs/node_modules/.pnpm/@js-joda+core@3.2.0/node_modules/@js-joda/core/src/format/DateTimePrintContext.js' CREATED, '/home/runner/work/portfolio-in-compose-multiplatform/portfolio-in-compose-multiplatform/build/tasks/_portfolio-in-compose-multiplatform_npmInstallWasmJs/node_modules/.pnpm/@js-joda+core@3.2.0/node_modules/@js-joda/core/src/format/DecimalStyle.js' CREATED, '/home/runner/work/portfolio-in-compose-multiplatform/portfolio-in-compose-multiplatform/build/tasks/_portfolio-in-compose-multiplatform_npmInstallWasmJs/node_modules/.pnpm/@js-joda+core@3.2.0/node_modules/@js-joda/core/src/format/ResolverStyle.js' CREATED, '/home/runner/work/portfolio-in-compose-multiplatform/portfolio-in-compose-multiplatform/build/tasks/_portfolio-in-compose-multiplatform_npmInstallWasmJs/node_modules/.pnpm/@js-joda+core@3.2.0/node_modules/@js-joda/core/src/format/EnumMap.js' CREATED, '/home/runner/work/portfolio-in-compose-multiplatform/portfolio-in-compose-multiplatform/build/tasks/_portfolio-in-compose-multiplatform_npmInstallWasmJs/node_modules/.pnpm/@js-joda+core@3.2.0/node_modules/@js-joda/core/src/format/ParsePosition.js' CREATED, '/home/runner/work/portfolio-in-compose-multiplatform/portfolio-in-compose-multiplatform/build/tasks/_portfolio-in-compose-multiplatform_npmInstallWasmJs/node_modules/.pnpm/@js-joda+core@3.2.0/node_modules/@js-joda/core/src/format/parser/CompositePrinterParser.js' CREATED, '/home/runner/work/portfolio-in-compose-multiplatform/portfolio-in-compose-multiplatform/build/tasks/_portfolio-in-compose-multiplatform_npmInstallWasmJs/node_modules/.pnpm/@js-joda+core@3.2.0/node_modules/@js-joda/core/src/format/parser/OffsetIdPrinterParser.js' CREATED, '/home/runner/work/portfolio-in-compose-multiplatform/portfolio-in-compose-multiplatform/build/tasks/_portfolio-in-compose-multiplatform_npmInstallWasmJs/node_modules/.pnpm/@js-joda+core@3.2.0/node_modules/@js-joda/core/src/format/parser/SettingsParser.js' CREATED, '/home/runner/work/portfolio-in-compose-multiplatform/portfolio-in-compose-multiplatform/build/tasks/_portfolio-in-compose-multiplatform_npmInstallWasmJs/node_modules/.pnpm/@js-joda+core@3.2.0/node_modules/@js-joda/core/src/format/parser/CharLiteralPrinterParser.js' CREATED, '/home/runner/work/portfolio-in-compose-multiplatform/portfolio-in-compose-multiplatform/build/tasks/_portfolio-in-compose-multiplatform_npmInstallWasmJs/node_modules/.pnpm/@js-joda+core@3.2.0/node_modules/@js-joda/core/src/format/parser/FractionPrinterParser.js' CREATED, '/home/runner/work/portfolio-in-compose-multiplatform/portfolio-in-compose-multiplatform/build/tasks/_portfolio-in-compose-multiplatform_npmInstallWasmJs/node_modules/.pnpm/@js-joda+core@3.2.0/node_modules/@js-joda/core/src/format/parser/NumberPrinterParser.js' CREATED, '/home/runner/work/portfolio-in-compose-multiplatform/portfolio-in-compose-multiplatform/build/tasks/_portfolio-in-compose-multiplatform_npmInstallWasmJs/node_modules/.pnpm/@js-joda+core@3.2.0/node_modules/@js-joda/core/src/format/parser/PadPrinterParserDecorator.js' CREATED, '/home/runner/work/portfolio-in-compose-multiplatform/portfolio-in-compose-multiplatform/build/tasks/_portfolio-in-compose-multiplatform_npmInstallWasmJs/node_modules/.pnpm/@js-joda+core@3.2.0/node_modules/@js-joda/core/src/format/parser/StringLiteralPrinterParser.js' CREATED, '/home/runner/work/portfolio-in-compose-multiplatform/portfolio-in-compose-multiplatform/build/tasks/_portfolio-in-compose-multiplatform_npmInstallWasmJs/node_modules/.pnpm/@js-joda+core@3.2.0/node_modules/@js-joda/core/src/format/parser/ZoneIdPrinterParser.js' CREATED, '/home/runner/work/portfolio-in-compose-multiplatform/portfolio-in-compose-multiplatform/build/tasks/_portfolio-in-compose-multiplatform_npmInstallWasmJs/node_modules/.pnpm/@js-joda+core@3.2.0/node_modules/@js-joda/core/src/format/TextStyle.js' CREATED, '/home/runner/work/portfolio-in-compose-multiplatform/portfolio-in-compose-multiplatform/build/tasks/_portfolio-in-compose-multiplatform_npmInstallWasmJs/node_modules/.pnpm/@js-joda+core@3.2.0/node_modules/@js-joda/core/src/format/DateTimeFormatter.js' CREATED, '/home/runner/work/portfolio-in-compose-multiplatform/portfolio-in-compose-multiplatform/build/tasks/_portfolio-in-compose-multiplatform_npmInstallWasmJs/node_modules/.pnpm/@js-joda+core@3.2.0/node_modules/@js-joda/core/src/format/SignStyle.js' CREATED, '/home/runner/work/portfolio-in-compose-multiplatform/portfolio-in-compose-multiplatform/build/tasks/_portfolio-in-compose-multiplatform_npmInstallWasmJs/node_modules/.pnpm/@js-joda+core@3.2.0/node_modules/@js-joda/core/src/format/DateTimeBuilder.js' CREATED, '/home/runner/work/portfolio-in-compose-multiplatform/portfolio-in-compose-multiplatform/build/tasks/_portfolio-in-compose-multiplatform_npmInstallWasmJs/node_modules/.pnpm/@js-joda+core@3.2.0/node_modules/@js-joda/core/src/format/DateTimeFormatterBuilder.js' CREATED, '/home/runner/work/portfolio-in-compose-multiplatform/portfolio-in-compose-multiplatform/build/tasks/_portfolio-in-compose-multiplatform_npmInstallWasmJs/node_modules/.pnpm/@js-joda+core@3.2.0/node_modules/@js-joda/core/src/format/StringBuilder.js' CREATED, '/home/runner/work/portfolio-in-compose-multiplatform/portfolio-in-compose-multiplatform/build/tasks/_portfolio-in-compose-multiplatform_npmInstallWasmJs/node_modules/.pnpm/@js-joda+core@3.2.0/node_modules/@js-joda/core/src/Month.js' CREATED, '/home/runner/work/portfolio-in-compose-multiplatform/portfolio-in-compose-multiplatform/build/tasks/_portfolio-in-compose-multiplatform_npmInstallWasmJs/node_modules/.pnpm/@js-joda+core@3.2.0/node_modules/@js-joda/core/src/Period.js' CREATED, '/home/runner/work/portfolio-in-compose-multiplatform/portfolio-in-compose-multiplatform/build/tasks/_portfolio-in-compose-multiplatform_npmInstallWasmJs/node_modules/.pnpm/@js-joda+core@3.2.0/node_modules/@js-joda/core/src/use.js' CREATED, '/home/runner/work/portfolio-in-compose-multiplatform/portfolio-in-compose-multiplatform/build/tasks/_portfolio-in-compose-multiplatform_npmInstallWasmJs/node_modules/.pnpm/@js-joda+core@3.2.0/node_modules/@js-joda/core/src/OffsetTime.js' CREATED, '/home/runner/work/portfolio-in-compose-multiplatform/portfolio-in-compose-multiplatform/build/tasks/_portfolio-in-compose-multiplatform_npmInstallWasmJs/node_modules/.pnpm/@js-joda+core@3.2.0/node_modules/@js-joda/core/src/ZoneOffset.js' CREATED, '/home/runner/work/portfolio-in-compose-multiplatform/portfolio-in-compose-multiplatform/build/tasks/_portfolio-in-compose-multiplatform_npmInstallWasmJs/node_modules/.pnpm/@js-joda+core@3.2.0/node_modules/@js-joda/core/src/MathUtil.js' CREATED, '/home/runner/work/portfolio-in-compose-multiplatform/portfolio-in-compose-multiplatform/build/tasks/_portfolio-in-compose-multiplatform_npmInstallWasmJs/node_modules/.pnpm/@js-joda+core@3.2.0/node_modules/@js-joda/core/src/convert.js' CREATED, '/home/runner/work/portfolio-in-compose-multiplatform/portfolio-in-compose-multiplatform/build/tasks/_portfolio-in-compose-multiplatform_npmInstallWasmJs/node_modules/.pnpm/@js-joda+core@3.2.0/node_modules/@js-joda/core/src/ZonedDateTime.js' CREATED, '/home/runner/work/portfolio-in-compose-multiplatform/portfolio-in-compose-multiplatform/build/tasks/_portfolio-in-compose-multiplatform_npmInstallWasmJs/node_modules/.pnpm/@js-joda+core@3.2.0/node_modules/@js-joda/core/src/YearConstants.js' CREATED, '/home/runner/work/portfolio-in-compose-multiplatform/portfolio-in-compose-multiplatform/build/tasks/_portfolio-in-compose-multiplatform_npmInstallWasmJs/node_modules/.pnpm/@js-joda+core@3.2.0/node_modules/@js-joda/core/src/ZoneId.js' CREATED, '/home/runner/work/portfolio-in-compose-multiplatform/portfolio-in-compose-multiplatform/build/tasks/_portfolio-in-compose-multiplatform_npmInstallWasmJs/node_modules/.pnpm/@js-joda+core@3.2.0/node_modules/@js-joda/core/src/Duration.js' CREATED, '/home/runner/work/portfolio-in-compose-multiplatform/portfolio-in-compose-multiplatform/build/tasks/_portfolio-in-compose-multiplatform_npmInstallWasmJs/node_modules/.pnpm/@js-joda+core@3.2.0/node_modules/@js-joda/core/src/OffsetDateTime.js' CREATED, '/home/runner/work/portfolio-in-compose-multiplatform/portfolio-in-compose-multiplatform/build/tasks/_portfolio-in-compose-multiplatform_npmInstallWasmJs/node_modules/.pnpm/@js-joda+core@3.2.0/node_modules/@js-joda/core/src/DayOfWeek.js' CREATED, '/home/runner/work/portfolio-in-compose-multiplatform/portfolio-in-compose-multiplatform/build/tasks/_portfolio-in-compose-multiplatform_npmInstallWasmJs/node_modules/.pnpm/@js-joda+core@3.2.0/node_modules/@js-joda/core/src/Instant.js' CREATED, '/home/runner/work/portfolio-in-compose-multiplatform/portfolio-in-compose-multiplatform/build/tasks/_portfolio-in-compose-multiplatform_npmInstallWasmJs/node_modules/.pnpm/@js-joda+core@3.2.0/node_modules/@js-joda/core/src/YearMonth.js' CREATED, '/home/runner/work/portfolio-in-compose-multiplatform/portfolio-in-compose-multiplatform/build/tasks/_portfolio-in-compose-multiplatform_npmInstallWasmJs/node_modules/.pnpm/@js-joda+core@3.2.0/node_modules/@js-joda/core/src/errors.js' CREATED, '/home/runner/work/portfolio-in-compose-multiplatform/portfolio-in-compose-multiplatform/build/tasks/_portfolio-in-compose-multiplatform_npmInstallWasmJs/node_modules/.pnpm/@js-joda+core@3.2.0/node_modules/@js-joda/core/src/LocalTime.js' CREATED, '/home/runner/work/portfolio-in-compose-multiplatform/portfolio-in-compose-multiplatform/build/tasks/_portfolio-in-compose-multiplatform_npmInstallWasmJs/node_modules/.pnpm/@js-joda+core@3.2.0/node_modules/@js-joda/core/src/ZoneIdFactory.js' CREATED, '/home/runner/work/portfolio-in-compose-multiplatform/portfolio-in-compose-multiplatform/build/tasks/_portfolio-in-compose-multiplatform_npmInstallWasmJs/node_modules/.pnpm/@js-joda+core@3.2.0/node_modules/@js-joda/core/src/chrono/ChronoLocalDateTime.js' CREATED, '/home/runner/work/portfolio-in-compose-multiplatform/portfolio-in-compose-multiplatform/build/tasks/_portfolio-in-compose-multiplatform_npmInstallWasmJs/node_modules/.pnpm/@js-joda+core@3.2.0/node_modules/@js-joda/core/src/chrono/ChronoLocalDate.js' CREATED, '/home/runner/work/portfolio-in-compose-multiplatform/portfolio-in-compose-multiplatform/build/tasks/_portfolio-in-compose-multiplatform_npmInstallWasmJs/node_modules/.pnpm/@js-joda+core@3.2.0/node_modules/@js-joda/core/src/chrono/IsoChronology.js' CREATED, '/home/runner/work/portfolio-in-compose-multiplatform/portfolio-in-compose-multiplatform/build/tasks/_portfolio-in-compose-multiplatform_npmInstallWasmJs/node_modules/.pnpm/@js-joda+core@3.2.0/node_modules/@js-joda/core/src/chrono/ChronoZonedDateTime.js' CREATED, '/home/runner/work/portfolio-in-compose-multiplatform/portfolio-in-compose-multiplatform/build/tasks/_portfolio-in-compose-multiplatform_npmInstallWasmJs/node_modules/.pnpm/@js-joda+core@3.2.0/node_modules/@js-joda/core/src/js-joda.js' CREATED, '/home/runner/work/portfolio-in-compose-multiplatform/portfolio-in-compose-multiplatform/build/tasks/_portfolio-in-compose-multiplatform_npmInstallWasmJs/node_modules/.pnpm/@js-joda+core@3.2.0/node_modules/@js-joda/core/src/StringUtil.js' CREATED, '/home/runner/work/portfolio-in-compose-multiplatform/portfolio-in-compose-multiplatform/build/tasks/_portfolio-in-compose-multiplatform_npmInstallWasmJs/node_modules/.pnpm/@js-joda+core@3.2.0/node_modules/@js-joda/core/src/_init.js' CREATED, '/home/runner/work/portfolio-in-compose-multiplatform/portfolio-in-compose-multiplatform/build/tasks/_portfolio-in-compose-multiplatform_npmInstallWasmJs/node_modules/.pnpm/@js-joda+core@3.2.0/node_modules/@js-joda/core/src/license-preamble.js' CREATED, '/home/runner/work/portfolio-in-compose-multiplatform/portfolio-in-compose-multiplatform/build/tasks/_portfolio-in-compose-multiplatform_npmInstallWasmJs/node_modules/.pnpm/@js-joda+core@3.2.0/node_modules/@js-joda/core/src/ZoneRegion.js' CREATED, '/home/runner/work/portfolio-in-compose-multiplatform/portfolio-in-compose-multiplatform/build/tasks/_portfolio-in-compose-multiplatform_npmInstallWasmJs/node_modules/.pnpm/@js-joda+core@3.2.0/node_modules/@js-joda/core/LICENSE' CREATED, '/home/runner/work/portfolio-in-compose-multiplatform/portfolio-in-compose-multiplatform/build/tasks/_portfolio-in-compose-multiplatform_npmInstallWasmJs/node_modules/.pnpm/@js-joda+core@3.2.0/node_modules/@js-joda/core/CheatSheet.md' CREATED, '/home/runner/work/portfolio-in-compose-multiplatform/portfolio-in-compose-multiplatform/build/tasks/_portfolio-in-compose-multiplatform_npmInstallWasmJs/node_modules/.pnpm/@js-joda+core@3.2.0/node_modules/@js-joda/core/dist/js-joda.d.ts' CREATED, '/home/runner/work/portfolio-in-compose-multiplatform/portfolio-in-compose-multiplatform/build/tasks/_portfolio-in-compose-multiplatform_npmInstallWasmJs/node_modules/.pnpm/@js-joda+core@3.2.0/node_modules/@js-joda/core/dist/js-joda.flow.js' CREATED, '/home/runner/work/portfolio-in-compose-multiplatform/portfolio-in-compose-multiplatform/build/tasks/_portfolio-in-compose-multiplatform_npmInstallWasmJs/node_modules/.pnpm/@js-joda+core@3.2.0/node_modules/@js-joda/core/dist/js-joda.js.map' CREATED, '/home/runner/work/portfolio-in-compose-multiplatform/portfolio-in-compose-multiplatform/build/tasks/_portfolio-in-compose-multiplatform_npmInstallWasmJs/node_modules/.pnpm/@js-joda+core@3.2.0/node_modules/@js-joda/core/dist/js-joda.esm.js' CREATED, '/home/runner/work/portfolio-in-compose-multiplatform/portfolio-in-compose-multiplatform/build/tasks/_portfolio-in-compose-multiplatform_npmInstallWasmJs/node_modules/.pnpm/@js-joda+core@3.2.0/node_modules/@js-joda/core/dist/js-joda.js' CREATED, '/home/runner/work/portfolio-in-compose-multiplatform/portfolio-in-compose-multiplatform/build/tasks/_portfolio-in-compose-multiplatform_npmInstallWasmJs/node_modules/.pnpm/@js-joda+core@3.2.0/node_modules/@js-joda/core/dist/js-joda.min.js' CREATED, '/home/runner/work/portfolio-in-compose-multiplatform/portfolio-in-compose-multiplatform/build/tasks/_portfolio-in-compose-multiplatform_npmInstallWasmJs/node_modules/.pnpm/@js-joda+core@3.2.0/node_modules/@js-joda/core/README.md' CREATED, '/home/runner/work/portfolio-in-compose-multiplatform/portfolio-in-compose-multiplatform/build/tasks/_portfolio-in-compose-multiplatform_npmInstallWasmJs/node_modules/.pnpm/lock.yaml' CREATED
00:15.808 DEBUG :portfolio-in-compose-multiplatform:compileWasmJs IncrementalCache          [inc] 'jdk-provisioning_{"majorVersion":21}' changes: '/home/runner/.cache/JetBrains/Kotlin/extract.cache/f6ae9b8207-OpenJDK21U-jdk_x64_linux_hotspot_21.0.12_8.tar.gz.4ffc7e.d/jdk-21.0.12+8/NOTICE' CREATED, '/home/runner/.cache/JetBrains/Kotlin/extract.cache/f6ae9b8207-OpenJDK21U-jdk_x64_linux_hotspot_21.0.12_8.tar.gz.4ffc7e.d/jdk-21.0.12+8/release' CREATED, '/home/runner/.cache/JetBrains/Kotlin/extract.cache/f6ae9b8207-OpenJDK21U-jdk_x64_linux_hotspot_21.0.12_8.tar.gz.4ffc7e.d/jdk-21.0.12+8/legal/java.scripting/ASSEMBLY_EXCEPTION' CREATED, '/home/runner/.cache/JetBrains/Kotlin/extract.cache/f6ae9b8207-OpenJDK21U-jdk_x64_linux_hotspot_21.0.12_8.tar.gz.4ffc7e.d/jdk-21.0.12+8/legal/java.scripting/LICENSE' CREATED, '/home/runner/.cache/JetBrains/Kotlin/extract.cache/f6ae9b8207-OpenJDK21U-jdk_x64_linux_hotspot_21.0.12_8.tar.gz.4ffc7e.d/jdk-21.0.12+8/legal/java.scripting/ADDITIONAL_LICENSE_INFO' CREATED, '/home/runner/.cache/JetBrains/Kotlin/extract.cache/f6ae9b8207-OpenJDK21U-jdk_x64_linux_hotspot_21.0.12_8.tar.gz.4ffc7e.d/jdk-21.0.12+8/legal/jdk.charsets/ASSEMBLY_EXCEPTION' CREATED, '/home/runner/.cache/JetBrains/Kotlin/extract.cache/f6ae9b8207-OpenJDK21U-jdk_x64_linux_hotspot_21.0.12_8.tar.gz.4ffc7e.d/jdk-21.0.12+8/legal/jdk.charsets/LICENSE' CREATED, '/home/runner/.cache/JetBrains/Kotlin/extract.cache/f6ae9b8207-OpenJDK21U-jdk_x64_linux_hotspot_21.0.12_8.tar.gz.4ffc7e.d/jdk-21.0.12+8/legal/jdk.charsets/ADDITIONAL_LICENSE_INFO' CREATED, '/home/runner/.cache/JetBrains/Kotlin/extract.cache/f6ae9b8207-OpenJDK21U-jdk_x64_linux_hotspot_21.0.12_8.tar.gz.4ffc7e.d/jdk-21.0.12+8/legal/jdk.unsupported/ASSEMBLY_EXCEPTION' CREATED, '/home/runner/.cache/JetBrains/Kotlin/extract.cache/f6ae9b8207-OpenJDK21U-jdk_x64_linux_hotspot_21.0.12_8.tar.gz.4ffc7e.d/jdk-21.0.12+8/legal/jdk.unsupported/LICENSE' CREATED, '/home/runner/.cache/JetBrains/Kotlin/extract.cache/f6ae9b8207-OpenJDK21U-jdk_x64_linux_hotspot_21.0.12_8.tar.gz.4ffc7e.d/jdk-21.0.12+8/legal/jdk.unsupported/ADDITIONAL_LICENSE_INFO' CREATED, '/home/runner/.cache/JetBrains/Kotlin/extract.cache/f6ae9b8207-OpenJDK21U-jdk_x64_linux_hotspot_21.0.12_8.tar.gz.4ffc7e.d/jdk-21.0.12+8/legal/jdk.internal.ed/ASSEMBLY_EXCEPTION' CREATED, '/home/runner/.cache/JetBrains/Kotlin/extract.cache/f6ae9b8207-OpenJDK21U-jdk_x64_linux_hotspot_21.0.12_8.tar.gz.4ffc7e.d/jdk-21.0.12+8/legal/jdk.internal.ed/LICENSE' CREATED, '/home/runner/.cache/JetBrains/Kotlin/extract.cache/f6ae9b8207-OpenJDK21U-jdk_x64_linux_hotspot_21.0.12_8.tar.gz.4ffc7e.d/jdk-21.0.12+8/legal/jdk.internal.ed/ADDITIONAL_LICENSE_INFO' CREATED, '/home/runner/.cache/JetBrains/Kotlin/extract.cache/f6ae9b8207-OpenJDK21U-jdk_x64_linux_hotspot_21.0.12_8.tar.gz.4ffc7e.d/jdk-21.0.12+8/legal/jdk.xml.dom/ASSEMBLY_EXCEPTION' CREATED, '/home/runner/.cache/JetBrains/Kotlin/extract.cache/f6ae9b8207-OpenJDK21U-jdk_x64_linux_hotspot_21.0.12_8.tar.gz.4ffc7e.d/jdk-21.0.12+8/legal/jdk.xml.dom/LICENSE' CREATED, '/home/runner/.cache/JetBrains/Kotlin/extract.cache/f6ae9b8207-OpenJDK21U-jdk_x64_linux_hotspot_21.0.12_8.tar.gz.4ffc7e.d/jdk-21.0.12+8/legal/jdk.xml.dom/ADDITIONAL_LICENSE_INFO' CREATED, '/home/runner/.cache/JetBrains/Kotlin/extract.cache/f6ae9b8207-OpenJDK21U-jdk_x64_linux_hotspot_21.0.12_8.tar.gz.4ffc7e.d/jdk-21.0.12+8/legal/jdk.javadoc/ASSEMBLY_EXCEPTION' CREATED, '/home/runner/.cache/JetBrains/Kotlin/extract.cache/f6ae9b8207-OpenJDK21U-jdk_x64_linux_hotspot_21.0.12_8.tar.gz.4ffc7e.d/jdk-21.0.12+8/legal/jdk.javadoc/jquery.md' CREATED, '/home/runner/.cache/JetBrains/Kotlin/extract.cache/f6ae9b8207-OpenJDK21U-jdk_x64_linux_hotspot_21.0.12_8.tar.gz.4ffc7e.d/jdk-21.0.12+8/legal/jdk.javadoc/LICENSE' CREATED, '/home/runner/.cache/JetBrains/Kotlin/extract.cache/f6ae9b8207-OpenJDK21U-jdk_x64_linux_hotspot_21.0.12_8.tar.gz.4ffc7e.d/jdk-21.0.12+8/legal/jdk.javadoc/ADDITIONAL_LICENSE_INFO' CREATED, '/home/runner/.cache/JetBrains/Kotlin/extract.cache/f6ae9b8207-OpenJDK21U-jdk_x64_linux_hotspot_21.0.12_8.tar.gz.4ffc7e.d/jdk-21.0.12+8/legal/jdk.javadoc/jqueryUI.md' CREATED, '/home/runner/.cache/JetBrains/Kotlin/extract.cache/f6ae9b8207-OpenJDK21U-jdk_x64_linux_hotspot_21.0.12_8.tar.gz.4ffc7e.d/jdk-21.0.12+8/legal/java.security.jgss/ASSEMBLY_EXCEPTION' CREATED, '/home/runner/.cache/JetBrains/Kotlin/extract.cache/f6ae9b8207-OpenJDK21U-jdk_x64_linux_hotspot_21.0.12_8.tar.gz.4ffc7e.d/jdk-21.0.12+8/legal/java.security.jgss/LICENSE' CREATED, '/home/runner/.cache/JetBrains/Kotlin/extract.cache/f6ae9b8207-OpenJDK21U-jdk_x64_linux_hotspot_21.0.12_8.tar.gz.4ffc7e.d/jdk-21.0.12+8/legal/java.security.jgss/ADDITIONAL_LICENSE_INFO' CREATED, '/home/runner/.cache/JetBrains/Kotlin/extract.cache/f6ae9b8207-OpenJDK21U-jdk_x64_linux_hotspot_21.0.12_8.tar.gz.4ffc7e.d/jdk-21.0.12+8/legal/java.datatransfer/ASSEMBLY_EXCEPTION' CREATED, '/home/runner/.cache/JetBrains/Kotlin/extract.cache/f6ae9b8207-OpenJDK21U-jdk_x64_linux_hotspot_21.0.12_8.tar.gz.4ffc7e.d/jdk-21.0.12+8/legal/java.datatransfer/LICENSE' CREATED, '/home/runner/.cache/JetBrains/Kotlin/extract.cache/f6ae9b8207-OpenJDK21U-jdk_x64_linux_hotspot_21.0.12_8.tar.gz.4ffc7e.d/jdk-21.0.12+8/legal/java.datatransfer/ADDITIONAL_LICENSE_INFO' CREATED, '/home/runner/.cache/JetBrains/Kotlin/extract.cache/f6ae9b8207-OpenJDK21U-jdk_x64_linux_hotspot_21.0.12_8.tar.gz.4ffc7e.d/jdk-21.0.12+8/legal/jdk.security.jgss/ASSEMBLY_EXCEPTION' CREATED, '/home/runner/.cache/JetBrains/Kotlin/extract.cache/f6ae9b8207-OpenJDK21U-jdk_x64_linux_hotspot_21.0.12_8.tar.gz.4ffc7e.d/jdk-21.0.12+8/legal/jdk.security.jgss/LICENSE' CREATED, '/home/runner/.cache/JetBrains/Kotlin/extract.cache/f6ae9b8207-OpenJDK21U-jdk_x64_linux_hotspot_21.0.12_8.tar.gz.4ffc7e.d/jdk-21.0.12+8/legal/jdk.security.jgss/ADDITIONAL_LICENSE_INFO' CREATED, '/home/runner/.cache/JetBrains/Kotlin/extract.cache/f6ae9b8207-OpenJDK21U-jdk_x64_linux_hotspot_21.0.12_8.tar.gz.4ffc7e.d/jdk-21.0.12+8/legal/jdk.management.agent/ASSEMBLY_EXCEPTION' CREATED, '/home/runner/.cache/JetBrains/Kotlin/extract.cache/f6ae9b8207-OpenJDK21U-jdk_x64_linux_hotspot_21.0.12_8.tar.gz.4ffc7e.d/jdk-21.0.12+8/legal/jdk.management.agent/LICENSE' CREATED, '/home/runner/.cache/JetBrains/Kotlin/extract.cache/f6ae9b8207-OpenJDK21U-jdk_x64_linux_hotspot_21.0.12_8.tar.gz.4ffc7e.d/jdk-21.0.12+8/legal/jdk.management.agent/ADDITIONAL_LICENSE_INFO' CREATED, '/home/runner/.cache/JetBrains/Kotlin/extract.cache/f6ae9b8207-OpenJDK21U-jdk_x64_linux_hotspot_21.0.12_8.tar.gz.4ffc7e.d/jdk-21.0.12+8/legal/jdk.naming.rmi/ASSEMBLY_EXCEPTION' CREATED, '/home/runner/.cache/JetBrains/Kotlin/extract.cache/f6ae9b8207-OpenJDK21U-jdk_x64_linux_hotspot_21.0.12_8.tar.gz.4ffc7e.d/jdk-21.0.12+8/legal/jdk.naming.rmi/LICENSE' CREATED, '/home/runner/.cache/JetBrains/Kotlin/extract.cache/f6ae9b8207-OpenJDK21U-jdk_x64_linux_hotspot_21.0.12_8.tar.gz.4ffc7e.d/jdk-21.0.12+8/legal/jdk.naming.rmi/ADDITIONAL_LICENSE_INFO' CREATED, '/home/runner/.cache/JetBrains/Kotlin/extract.cache/f6ae9b8207-OpenJDK21U-jdk_x64_linux_hotspot_21.0.12_8.tar.gz.4ffc7e.d/jdk-21.0.12+8/legal/jdk.hotspot.agent/ASSEMBLY_EXCEPTION' CREATED, '/home/runner/.cache/JetBrains/Kotlin/extract.cache/f6ae9b8207-OpenJDK21U-jdk_x64_linux_hotspot_21.0.12_8.tar.gz.4ffc7e.d/jdk-21.0.12+8/legal/jdk.hotspot.agent/LICENSE' CREATED, '/home/runner/.cache/JetBrains/Kotlin/extract.cache/f6ae9b8207-OpenJDK21U-jdk_x64_linux_hotspot_21.0.12_8.tar.gz.4ffc7e.d/jdk-21.0.12+8/legal/jdk.hotspot.agent/ADDITIONAL_LICENSE_INFO' CREATED, '/home/runner/.cache/JetBrains/Kotlin/extract.cache/f6ae9b8207-OpenJDK21U-jdk_x64_linux_hotspot_21.0.12_8.tar.gz.4ffc7e.d/jdk-21.0.12+8/legal/java.management.rmi/ASSEMBLY_EXCEPTION' CREATED, '/home/runner/.cache/JetBrains/Kotlin/extract.cache/f6ae9b8207-OpenJDK21U-jdk_x64_linux_hotspot_21.0.12_8.tar.gz.4ffc7e.d/jdk-21.0.12+8/legal/java.management.rmi/LICENSE' CREATED, '/home/runner/.cache/JetBrains/Kotlin/extract.cache/f6ae9b8207-OpenJDK21U-jdk_x64_linux_hotspot_21.0.12_8.tar.gz.4ffc7e.d/jdk-21.0.12+8/legal/java.management.rmi/ADDITIONAL_LICENSE_INFO' CREATED, '/home/runner/.cache/JetBrains/Kotlin/extract.cache/f6ae9b8207-OpenJDK21U-jdk_x64_linux_hotspot_21.0.12_8.tar.gz.4ffc7e.d/jdk-21.0.12+8/legal/jdk.management.jfr/ASSEMBLY_EXCEPTION' CREATED, '/home/runner/.cache/JetBrains/Kotlin/extract.cache/f6ae9b8207-OpenJDK21U-jdk_x64_linux_hotspot_21.0.12_8.tar.gz.4ffc7e.d/jdk-21.0.12+8/legal/jdk.management.jfr/LICENSE' CREATED, '/home/runner/.cache/JetBrains/Kotlin/extract.cache/f6ae9b8207-OpenJDK21U-jdk_x64_linux_hotspot_21.0.12_8.tar.gz.4ffc7e.d/jdk-21.0.12+8/legal/jdk.management.jfr/ADDITIONAL_LICENSE_INFO' CREATED, '/home/runner/.cache/JetBrains/Kotlin/extract.cache/f6ae9b8207-OpenJDK21U-jdk_x64_linux_hotspot_21.0.12_8.tar.gz.4ffc7e.d/jdk-21.0.12+8/legal/java.se/ASSEMBLY_EXCEPTION' CREATED, '/home/runner/.cache/JetBrains/Kotlin/extract.cache/f6ae9b8207-OpenJDK21U-jdk_x64_linux_hotspot_21.0.12_8.tar.gz.4ffc7e.d/jdk-21.0.12+8/legal/java.se/LICENSE' CREATED, '/home/runner/.cache/JetBrains/Kotlin/extract.cache/f6ae9b8207-OpenJDK21U-jdk_x64_linux_hotspot_21.0.12_8.tar.gz.4ffc7e.d/jdk-21.0.12+8/legal/java.se/ADDITIONAL_LICENSE_INFO' CREATED, '/home/runner/.cache/JetBrains/Kotlin/extract.cache/f6ae9b8207-OpenJDK21U-jdk_x64_linux_hotspot_21.0.12_8.tar.gz.4ffc7e.d/jdk-21.0.12+8/legal/java.xml.crypto/ASSEMBLY_EXCEPTION' CREATED, '/home/runner/.cache/JetBrains/Kotlin/extract.cache/f6ae9b8207-OpenJDK21U-jdk_x64_linux_hotspot_21.0.12_8.tar.gz.4ffc7e.d/jdk-21.0.12+8/legal/java.xml.crypto/LICENSE' CREATED, '/home/runner/.cache/JetBrains/Kotlin/extract.cache/f6ae9b8207-OpenJDK21U-jdk_x64_linux_hotspot_21.0.12_8.tar.gz.4ffc7e.d/jdk-21.0.12+8/legal/java.xml.crypto/ADDITIONAL_LICENSE_INFO' CREATED, '/home/runner/.cache/JetBrains/Kotlin/extract.cache/f6ae9b8207-OpenJDK21U-jdk_x64_linux_hotspot_21.0.12_8.tar.gz.4ffc7e.d/jdk-21.0.12+8/legal/java.xml.crypto/santuario.md' CREATED, '/home/runner/.cache/JetBrains/Kotlin/extract.cache/f6ae9b8207-OpenJDK21U-jdk_x64_linux_hotspot_21.0.12_8.tar.gz.4ffc7e.d/jdk-21.0.12+8/legal/jdk.jfr/ASSEMBLY_EXCEPTION' CREATED, '/home/runner/.cache/JetBrains/Kotlin/extract.cache/f6ae9b8207-OpenJDK21U-jdk_x64_linux_hotspot_21.0.12_8.tar.gz.4ffc7e.d/jdk-21.0.12+8/legal/jdk.jfr/LICENSE' CREATED, '/home/runner/.cache/JetBrains/Kotlin/extract.cache/f6ae9b8207-OpenJDK21U-jdk_x64_linux_hotspot_21.0.12_8.tar.gz.4ffc7e.d/jdk-21.0.12+8/legal/jdk.jfr/ADDITIONAL_LICENSE_INFO' CREATED, '/home/runner/.cache/JetBrains/Kotlin/extract.cache/f6ae9b8207-OpenJDK21U-jdk_x64_linux_hotspot_21.0.12_8.tar.gz.4ffc7e.d/jdk-21.0.12+8/legal/jdk.jpackage/ASSEMBLY_EXCEPTION' CREATED, '/home/runner/.cache/JetBrains/Kotlin/extract.cache/f6ae9b8207-OpenJDK21U-jdk_x64_linux_hotspot_21.0.12_8.tar.gz.4ffc7e.d/jdk-21.0.12+8/legal/jdk.jpackage/LICENSE' CREATED, '/home/runner/.cache/JetBrains/Kotlin/extract.cache/f6ae9b8207-OpenJDK21U-jdk_x64_linux_hotspot_21.0.12_8.tar.gz.4ffc7e.d/jdk-21.0.12+8/legal/jdk.jpackage/ADDITIONAL_LICENSE_INFO' CREATED, '/home/runner/.cache/JetBrains/Kotlin/extract.cache/f6ae9b8207-OpenJDK21U-jdk_x64_linux_hotspot_21.0.12_8.tar.gz.4ffc7e.d/jdk-21.0.12+8/legal/jdk.dynalink/dynalink.md' CREATED, '/home/runner/.cache/JetBrains/Kotlin/extract.cache/f6ae9b8207-OpenJDK21U-jdk_x64_linux_hotspot_21.0.12_8.tar.gz.4ffc7e.d/jdk-21.0.12+8/legal/jdk.dynalink/ASSEMBLY_EXCEPTION' CREATED, '/home/runner/.cache/JetBrains/Kotlin/extract.cache/f6ae9b8207-OpenJDK21U-jdk_x64_linux_hotspot_21.0.12_8.tar.gz.4ffc7e.d/jdk-21.0.12+8/legal/jdk.dynalink/LICENSE' CREATED, '/home/runner/.cache/JetBrains/Kotlin/extract.cache/f6ae9b8207-OpenJDK21U-jdk_x64_linux_hotspot_21.0.12_8.tar.gz.4ffc7e.d/jdk-21.0.12+8/legal/jdk.dynalink/ADDITIONAL_LICENSE_INFO' CREATED, '/home/runner/.cache/JetBrains/Kotlin/extract.cache/f6ae9b8207-OpenJDK21U-jdk_x64_linux_hotspot_21.0.12_8.tar.gz.4ffc7e.d/jdk-21.0.12+8/legal/jdk.naming.dns/ASSEMBLY_EXCEPTION' CREATED, '/home/runner/.cache/JetBrains/Kotlin/extract.cache/f6ae9b8207-OpenJDK21U-jdk_x64_linux_hotspot_21.0.12_8.tar.gz.4ffc7e.d/jdk-21.0.12+8/legal/jdk.naming.dns/LICENSE' CREATED, '/home/runner/.cache/JetBrains/Kotlin/extract.cache/f6ae9b8207-OpenJDK21U-jdk_x64_linux_hotspot_21.0.12_8.tar.gz.4ffc7e.d/jdk-21.0.12+8/legal/jdk.naming.dns/ADDITIONAL_LICENSE_INFO' CREATED, '/home/runner/.cache/JetBrains/Kotlin/extract.cache/f6ae9b8207-OpenJDK21U-jdk_x64_linux_hotspot_21.0.12_8.tar.gz.4ffc7e.d/jdk-21.0.12+8/legal/jdk.security.auth/ASSEMBLY_EXCEPTION' CREATED, '/home/runner/.cache/JetBrains/Kotlin/extract.cache/f6ae9b8207-OpenJDK21U-jdk_x64_linux_hotspot_21.0.12_8.tar.gz.4ffc7e.d/jdk-21.0.12+8/legal/jdk.security.auth/LICENSE' CREATED, '/home/runner/.cache/JetBrains/Kotlin/extract.cache/f6ae9b8207-OpenJDK21U-jdk_x64_linux_hotspot_21.0.12_8.tar.gz.4ffc7e.d/jdk-21.0.12+8/legal/jdk.security.auth/ADDITIONAL_LICENSE_INFO' CREATED, '/home/runner/.cache/JetBrains/Kotlin/extract.cache/f6ae9b8207-OpenJDK21U-jdk_x64_linux_hotspot_21.0.12_8.tar.gz.4ffc7e.d/jdk-21.0.12+8/legal/jdk.jconsole/ASSEMBLY_EXCEPTION' CREATED, '/home/runner/.cache/JetBrains/Kotlin/extract.cache/f6ae9b8207-OpenJDK21U-jdk_x64_linux_hotspot_21.0.12_8.tar.gz.4ffc7e.d/jdk-21.0.12+8/legal/jdk.jconsole/LICENSE' CREATED, '/home/runner/.cache/JetBrains/Kotlin/extract.cache/f6ae9b8207-OpenJDK21U-jdk_x64_linux_hotspot_21.0.12_8.tar.gz.4ffc7e.d/jdk-21.0.12+8/legal/jdk.jconsole/ADDITIONAL_LICENSE_INFO' CREATED, '/home/runner/.cache/JetBrains/Kotlin/extract.cache/f6ae9b8207-OpenJDK21U-jdk_x64_linux_hotspot_21.0.12_8.tar.gz.4ffc7e.d/jdk-21.0.12+8/legal/java.naming/ASSEMBLY_EXCEPTION' CREATED, '/home/runner/.cache/JetBrains/Kotlin/extract.cache/f6ae9b8207-OpenJDK21U-jdk_x64_linux_hotspot_21.0.12_8.tar.gz.4ffc7e.d/jdk-21.0.12+8/legal/java.naming/LICENSE' CREATED, '/home/runner/.cache/JetBrains/Kotlin/extract.cache/f6ae9b8207-OpenJDK21U-jdk_x64_linux_hotspot_21.0.12_8.tar.gz.4ffc7e.d/jdk-21.0.12+8/legal/java.naming/ADDITIONAL_LICENSE_INFO' CREATED, '/home/runner/.cache/JetBrains/Kotlin/extract.cache/f6ae9b8207-OpenJDK21U-jdk_x64_linux_hotspot_21.0.12_8.tar.gz.4ffc7e.d/jdk-21.0.12+8/legal/jdk.jdeps/ASSEMBLY_EXCEPTION' CREATED, '/home/runner/.cache/JetBrains/Kotlin/extract.cache/f6ae9b8207-OpenJDK21U-jdk_x64_linux_hotspot_21.0.12_8.tar.gz.4ffc7e.d/jdk-21.0.12+8/legal/jdk.jdeps/LICENSE' CREATED, '/home/runner/.cache/JetBrains/Kotlin/extract.cache/f6ae9b8207-OpenJDK21U-jdk_x64_linux_hotspot_21.0.12_8.tar.gz.4ffc7e.d/jdk-21.0.12+8/legal/jdk.jdeps/ADDITIONAL_LICENSE_INFO' CREATED, '/home/runner/.cache/JetBrains/Kotlin/extract.cache/f6ae9b8207-OpenJDK21U-jdk_x64_linux_hotspot_21.0.12_8.tar.gz.4ffc7e.d/jdk-21.0.12+8/legal/jdk.internal.vm.compiler.management/ASSEMBLY_EXCEPTION' CREATED, '/home/runner/.cache/JetBrains/Kotlin/extract.cache/f6ae9b8207-OpenJDK21U-jdk_x64_linux_hotspot_21.0.12_8.tar.gz.4ffc7e.d/jdk-21.0.12+8/legal/jdk.internal.vm.compiler.management/LICENSE' CREATED, '/home/runner/.cache/JetBrains/Kotlin/extract.cache/f6ae9b8207-OpenJDK21U-jdk_x64_linux_hotspot_21.0.12_8.tar.gz.4ffc7e.d/jdk-21.0.12+8/legal/jdk.internal.vm.compiler.management/ADDITIONAL_LICENSE_INFO' CREATED, '/home/runner/.cache/JetBrains/Kotlin/extract.cache/f6ae9b8207-OpenJDK21U-jdk_x64_linux_hotspot_21.0.12_8.tar.gz.4ffc7e.d/jdk-21.0.12+8/legal/jdk.attach/ASSEMBLY_EXCEPTION' CREATED, '/home/runner/.cache/JetBrains/Kotlin/extract.cache/f6ae9b8207-OpenJDK21U-jdk_x64_linux_hotspot_21.0.12_8.tar.gz.4ffc7e.d/jdk-21.0.12+8/legal/jdk.attach/LICENSE' CREATED, '/home/runner/.cache/JetBrains/Kotlin/extract.cache/f6ae9b8207-OpenJDK21U-jdk_x64_linux_hotspot_21.0.12_8.tar.gz.4ffc7e.d/jdk-21.0.12+8/legal/jdk.attach/ADDITIONAL_LICENSE_INFO' CREATED, '/home/runner/.cache/JetBrains/Kotlin/extract.cache/f6ae9b8207-OpenJDK21U-jdk_x64_linux_hotspot_21.0.12_8.tar.gz.4ffc7e.d/jdk-21.0.12+8/legal/java.smartcardio/ASSEMBLY_EXCEPTION' CREATED, '/home/runner/.cache/JetBrains/Kotlin/extract.cache/f6ae9b8207-OpenJDK21U-jdk_x64_linux_hotspot_21.0.12_8.tar.gz.4ffc7e.d/jdk-21.0.12+8/legal/java.smartcardio/LICENSE' CREATED, '/home/runner/.cache/JetBrains/Kotlin/extract.cache/f6ae9b8207-OpenJDK21U-jdk_x64_linux_hotspot_21.0.12_8.tar.gz.4ffc7e.d/jdk-21.0.12+8/legal/java.smartcardio/ADDITIONAL_LICENSE_INFO' CREATED, '/home/runner/.cache/JetBrains/Kotlin/extract.cache/f6ae9b8207-OpenJDK21U-jdk_x64_linux_hotspot_21.0.12_8.tar.gz.4ffc7e.d/jdk-21.0.12+8/legal/java.smartcardio/pcsclite.md' CREATED, '/home/runner/.cache/JetBrains/Kotlin/extract.cache/f6ae9b8207-OpenJDK21U-jdk_x64_linux_hotspot_21.0.12_8.tar.gz.4ffc7e.d/jdk-21.0.12+8/legal/jdk.crypto.ec/ASSEMBLY_EXCEPTION' CREATED, '/home/runner/.cache/JetBrains/Kotlin/extract.cache/f6ae9b8207-OpenJDK21U-jdk_x64_linux_hotspot_21.0.12_8.tar.gz.4ffc7e.d/jdk-21.0.12+8/legal/jdk.crypto.ec/LICENSE' CREATED, '/home/runner/.cache/JetBrains/Kotlin/extract.cache/f6ae9b8207-OpenJDK21U-jdk_x64_linux_hotspot_21.0.12_8.tar.gz.4ffc7e.d/jdk-21.0.12+8/legal/jdk.crypto.ec/ADDITIONAL_LICENSE_INFO' CREATED, '/home/runner/.cache/JetBrains/Kotlin/extract.cache/f6ae9b8207-OpenJDK21U-jdk_x64_linux_hotspot_21.0.12_8.tar.gz.4ffc7e.d/jdk-21.0.12+8/legal/jdk.editpad/ASSEMBLY_EXCEPTION' CREATED, '/home/runner/.cache/JetBrains/Kotlin/extract.cache/f6ae9b8207-OpenJDK21U-jdk_x64_linux_hotspot_21.0.12_8.tar.gz.4ffc7e.d/jdk-21.0.12+8/legal/jdk.editpad/LICENSE' CREATED, '/home/runner/.cache/JetBrains/Kotlin/extract.cache/f6ae9b8207-OpenJDK21U-jdk_x64_linux_hotspot_21.0.12_8.tar.gz.4ffc7e.d/jdk-21.0.12+8/legal/jdk.editpad/ADDITIONAL_LICENSE_INFO' CREATED, '/home/runner/.cache/JetBrains/Kotlin/extract.cache/f6ae9b8207-OpenJDK21U-jdk_x64_linux_hotspot_21.0.12_8.tar.gz.4ffc7e.d/jdk-21.0.12+8/legal/jdk.nio.mapmode/ASSEMBLY_EXCEPTION' CREATED, '/home/runner/.cache/JetBrains/Kotlin/extract.cache/f6ae9b8207-OpenJDK21U-jdk_x64_linux_hotspot_21.0.12_8.tar.gz.4ffc7e.d/jdk-21.0.12+8/legal/jdk.nio.mapmode/LICENSE' CREATED, '/home/runner/.cache/JetBrains/Kotlin/extract.cache/f6ae9b8207-OpenJDK21U-jdk_x64_linux_hotspot_21.0.12_8.tar.gz.4ffc7e.d/jdk-21.0.12+8/legal/jdk.nio.mapmode/ADDITIONAL_LICENSE_INFO' CREATED, '/home/runner/.cache/JetBrains/Kotlin/extract.cache/f6ae9b8207-OpenJDK21U-jdk_x64_linux_hotspot_21.0.12_8.tar.gz.4ffc7e.d/jdk-21.0.12+8/legal/jdk.internal.jvmstat/ASSEMBLY_EXCEPTION' CREATED, '/home/runner/.cache/JetBrains/Kotlin/extract.cache/f6ae9b8207-OpenJDK21U-jdk_x64_linux_hotspot_21.0.12_8.tar.gz.4ffc7e.d/jdk-21.0.12+8/legal/jdk.internal.jvmstat/LICENSE' CREATED, '/home/runner/.cache/JetBrains/Kotlin/extract.cache/f6ae9b8207-OpenJDK21U-jdk_x64_linux_hotspot_21.0.12_8.tar.gz.4ffc7e.d/jdk-21.0.12+8/legal/jdk.internal.jvmstat/ADDITIONAL_LICENSE_INFO' CREATED, '/home/runner/.cache/JetBrains/Kotlin/extract.cache/f6ae9b8207-OpenJDK21U-jdk_x64_linux_hotspot_21.0.12_8.tar.gz.4ffc7e.d/jdk-21.0.12+8/legal/java.security.sasl/ASSEMBLY_EXCEPTION' CREATED, '/home/runner/.cache/JetBrains/Kotlin/extract.cache/f6ae9b8207-OpenJDK21U-jdk_x64_linux_hotspot_21.0.12_8.tar.gz.4ffc7e.d/jdk-21.0.12+8/legal/java.security.sasl/LICENSE' CREATED, '/home/runner/.cache/JetBrains/Kotlin/extract.cache/f6ae9b8207-OpenJDK21U-jdk_x64_linux_hotspot_21.0.12_8.tar.gz.4ffc7e.d/jdk-21.0.12+8/legal/java.security.sasl/ADDITIONAL_LICENSE_INFO' CREATED, '/home/runner/.cache/JetBrains/Kotlin/extract.cache/f6ae9b8207-OpenJDK21U-jdk_x64_linux_hotspot_21.0.12_8.tar.gz.4ffc7e.d/jdk-21.0.12+8/legal/java.compiler/ASSEMBLY_EXCEPTION' CREATED, '/home/runner/.cache/JetBrains/Kotlin/extract.cache/f6ae9b8207-OpenJDK21U-jdk_x64_linux_hotspot_21.0.12_8.tar.gz.4ffc7e.d/jdk-21.0.12+8/legal/java.compiler/LICENSE' CREATED, '/home/runner/.cache/JetBrains/Kotlin/extract.cache/f6ae9b8207-OpenJDK21U-jdk_x64_linux_hotspot_21.0.12_8.tar.gz.4ffc7e.d/jdk-21.0.12+8/legal/java.compiler/ADDITIONAL_LICENSE_INFO' CREATED, '/home/runner/.cache/JetBrains/Kotlin/extract.cache/f6ae9b8207-OpenJDK21U-jdk_x64_linux_hotspot_21.0.12_8.tar.gz.4ffc7e.d/jdk-21.0.12+8/legal/jdk.internal.vm.ci/ASSEMBLY_EXCEPTION' CREATED, '/home/runner/.cache/JetBrains/Kotlin/extract.cache/f6ae9b8207-OpenJDK21U-jdk_x64_linux_hotspot_21.0.12_8.tar.gz.4ffc7e.d/jdk-21.0.12+8/legal/jdk.internal.vm.ci/LICENSE' CREATED, '/home/runner/.cache/JetBrains/Kotlin/extract.cache/f6ae9b8207-OpenJDK21U-jdk_x64_linux_hotspot_21.0.12_8.tar.gz.4ffc7e.d/jdk-21.0.12+8/legal/jdk.internal.vm.ci/ADDITIONAL_LICENSE_INFO' CREATED, '/home/runner/.cache/JetBrains/Kotlin/extract.cache/f6ae9b8207-OpenJDK21U-jdk_x64_linux_hotspot_21.0.12_8.tar.gz.4ffc7e.d/jdk-21.0.12+8/legal/jdk.httpserver/ASSEMBLY_EXCEPTION' CREATED, '/home/runner/.cache/JetBrains/Kotlin/extract.cache/f6ae9b8207-OpenJDK21U-jdk_x64_linux_hotspot_21.0.12_8.tar.gz.4ffc7e.d/jdk-21.0.12+8/legal/jdk.httpserver/LICENSE' CREATED, '/home/runner/.cache/JetBrains/Kotlin/extract.cache/f6ae9b8207-OpenJDK21U-jdk_x64_linux_hotspot_21.0.12_8.tar.gz.4ffc7e.d/jdk-21.0.12+8/legal/jdk.httpserver/ADDITIONAL_LICENSE_INFO' CREATED, '/home/runner/.cache/JetBrains/Kotlin/extract.cache/f6ae9b8207-OpenJDK21U-jdk_x64_linux_hotspot_21.0.12_8.tar.gz.4ffc7e.d/jdk-21.0.12+8/legal/jdk.compiler/ASSEMBLY_EXCEPTION' CREATED, '/home/runner/.cache/JetBrains/Kotlin/extract.cache/f6ae9b8207-OpenJDK21U-jdk_x64_linux_hotspot_21.0.12_8.tar.gz.4ffc7e.d/jdk-21.0.12+8/legal/jdk.compiler/LICENSE' CREATED, '/home/runner/.cache/JetBrains/Kotlin/extract.cache/f6ae9b8207-OpenJDK21U-jdk_x64_linux_hotspot_21.0.12_8.tar.gz.4ffc7e.d/jdk-21.0.12+8/legal/jdk.compiler/ADDITIONAL_LICENSE_INFO' CREATED, '/home/runner/.cache/JetBrains/Kotlin/extract.cache/f6ae9b8207-OpenJDK21U-jdk_x64_linux_hotspot_21.0.12_8.tar.gz.4ffc7e.d/jdk-21.0.12+8/legal/jdk.internal.le/jline.md' CREATED, '/home/runner/.cache/JetBrains/Kotlin/extract.cache/f6ae9b8207-OpenJDK21U-jdk_x64_linux_hotspot_21.0.12_8.tar.gz.4ffc7e.d/jdk-21.0.12+8/legal/jdk.internal.le/ASSEMBLY_EXCEPTION' CREATED, '/home/runner/.cache/JetBrains/Kotlin/extract.cache/f6ae9b8207-OpenJDK21U-jdk_x64_linux_hotspot_21.0.12_8.tar.gz.4ffc7e.d/jdk-21.0.12+8/legal/jdk.internal.le/LICENSE' CREATED, '/home/runner/.cache/JetBrains/Kotlin/extract.cache/f6ae9b8207-OpenJDK21U-jdk_x64_linux_hotspot_21.0.12_8.tar.gz.4ffc7e.d/jdk-21.0.12+8/legal/jdk.internal.le/ADDITIONAL_LICENSE_INFO' CREATED, '/home/runner/.cache/JetBrains/Kotlin/extract.cache/f6ae9b8207-OpenJDK21U-jdk_x64_linux_hotspot_21.0.12_8.tar.gz.4ffc7e.d/jdk-21.0.12+8/legal/java.base/icu.md' CREATED, '/home/runner/.cache/JetBrains/Kotlin/extract.cache/f6ae9b8207-OpenJDK21U-jdk_x64_linux_hotspot_21.0.12_8.tar.gz.4ffc7e.d/jdk-21.0.12+8/legal/java.base/siphash.md' CREATED, '/home/runner/.cache/JetBrains/Kotlin/extract.cache/f6ae9b8207-OpenJDK21U-jdk_x64_linux_hotspot_21.0.12_8.tar.gz.4ffc7e.d/jdk-21.0.12+8/legal/java.base/cldr.md' CREATED, '/home/runner/.cache/JetBrains/Kotlin/extract.cache/f6ae9b8207-OpenJDK21U-jdk_x64_linux_hotspot_21.0.12_8.tar.gz.4ffc7e.d/jdk-21.0.12+8/legal/java.base/public_suffix.md' CREATED, '/home/runner/.cache/JetBrains/Kotlin/extract.cache/f6ae9b8207-OpenJDK21U-jdk_x64_linux_hotspot_21.0.12_8.tar.gz.4ffc7e.d/jdk-21.0.12+8/legal/java.base/unicode.md' CREATED, '/home/runner/.cache/JetBrains/Kotlin/extract.cache/f6ae9b8207-OpenJDK21U-jdk_x64_linux_hotspot_21.0.12_8.tar.gz.4ffc7e.d/jdk-21.0.12+8/legal/java.base/gcc.md' CREATED, '/home/runner/.cache/JetBrains/Kotlin/extract.cache/f6ae9b8207-OpenJDK21U-jdk_x64_linux_hotspot_21.0.12_8.tar.gz.4ffc7e.d/jdk-21.0.12+8/legal/java.base/zlib.md' CREATED, '/home/runner/.cache/JetBrains/Kotlin/extract.cache/f6ae9b8207-OpenJDK21U-jdk_x64_linux_hotspot_21.0.12_8.tar.gz.4ffc7e.d/jdk-21.0.12+8/legal/java.base/ASSEMBLY_EXCEPTION' CREATED, '/home/runner/.cache/JetBrains/Kotlin/extract.cache/f6ae9b8207-OpenJDK21U-jdk_x64_linux_hotspot_21.0.12_8.tar.gz.4ffc7e.d/jdk-21.0.12+8/legal/java.base/LICENSE' CREATED, '/home/runner/.cache/JetBrains/Kotlin/extract.cache/f6ae9b8207-OpenJDK21U-jdk_x64_linux_hotspot_21.0.12_8.tar.gz.4ffc7e.d/jdk-21.0.12+8/legal/java.base/aes.md' CREATED, '/home/runner/.cache/JetBrains/Kotlin/extract.cache/f6ae9b8207-OpenJDK21U-jdk_x64_linux_hotspot_21.0.12_8.tar.gz.4ffc7e.d/jdk-21.0.12+8/legal/java.base/ADDITIONAL_LICENSE_INFO' CREATED, '/home/runner/.cache/JetBrains/Kotlin/extract.cache/f6ae9b8207-OpenJDK21U-jdk_x64_linux_hotspot_21.0.12_8.tar.gz.4ffc7e.d/jdk-21.0.12+8/legal/java.base/c-libutl.md' CREATED, '/home/runner/.cache/JetBrains/Kotlin/extract.cache/f6ae9b8207-OpenJDK21U-jdk_x64_linux_hotspot_21.0.12_8.tar.gz.4ffc7e.d/jdk-21.0.12+8/legal/java.base/asm.md' CREATED, '/home/runner/.cache/JetBrains/Kotlin/extract.cache/f6ae9b8207-OpenJDK21U-jdk_x64_linux_hotspot_21.0.12_8.tar.gz.4ffc7e.d/jdk-21.0.12+8/legal/java.prefs/ASSEMBLY_EXCEPTION' CREATED, '/home/runner/.cache/JetBrains/Kotlin/extract.cache/f6ae9b8207-OpenJDK21U-jdk_x64_linux_hotspot_21.0.12_8.tar.gz.4ffc7e.d/jdk-21.0.12+8/legal/java.prefs/LICENSE' CREATED, '/home/runner/.cache/JetBrains/Kotlin/extract.cache/f6ae9b8207-OpenJDK21U-jdk_x64_linux_hotspot_21.0.12_8.tar.gz.4ffc7e.d/jdk-21.0.12+8/legal/java.prefs/ADDITIONAL_LICENSE_INFO' CREATED, '/home/runner/.cache/JetBrains/Kotlin/extract.cache/f6ae9b8207-OpenJDK21U-jdk_x64_linux_hotspot_21.0.12_8.tar.gz.4ffc7e.d/jdk-21.0.12+8/legal/jdk.crypto.cryptoki/pkcs11cryptotoken.md' CREATED, '/home/runner/.cache/JetBrains/Kotlin/extract.cache/f6ae9b8207-OpenJDK21U-jdk_x64_linux_hotspot_21.0.12_8.tar.gz.4ffc7e.d/jdk-21.0.12+8/legal/jdk.crypto.cryptoki/pkcs11wrapper.md' CREATED, '/home/runner/.cache/JetBrains/Kotlin/extract.cache/f6ae9b8207-OpenJDK21U-jdk_x64_linux_hotspot_21.0.12_8.tar.gz.4ffc7e.d/jdk-21.0.12+8/legal/jdk.crypto.cryptoki/ASSEMBLY_EXCEPTION' CREATED, '/home/runner/.cache/JetBrains/Kotlin/extract.cache/f6ae9b8207-OpenJDK21U-jdk_x64_linux_hotspot_21.0.12_8.tar.gz.4ffc7e.d/jdk-21.0.12+8/legal/jdk.crypto.cryptoki/LICENSE' CREATED, '/home/runner/.cache/JetBrains/Kotlin/extract.cache/f6ae9b8207-OpenJDK21U-jdk_x64_linux_hotspot_21.0.12_8.tar.gz.4ffc7e.d/jdk-21.0.12+8/legal/jdk.crypto.cryptoki/ADDITIONAL_LICENSE_INFO' CREATED, '/home/runner/.cache/JetBrains/Kotlin/extract.cache/f6ae9b8207-OpenJDK21U-jdk_x64_linux_hotspot_21.0.12_8.tar.gz.4ffc7e.d/jdk-21.0.12+8/legal/jdk.jstatd/ASSEMBLY_EXCEPTION' CREATED, '/home/runner/.cache/JetBrains/Kotlin/extract.cache/f6ae9b8207-OpenJDK21U-jdk_x64_linux_hotspot_21.0.12_8.tar.gz.4ffc7e.d/jdk-21.0.12+8/legal/jdk.jstatd/LICENSE' CREATED, '/home/runner/.cache/JetBrains/Kotlin/extract.cache/f6ae9b8207-OpenJDK21U-jdk_x64_linux_hotspot_21.0.12_8.tar.gz.4ffc7e.d/jdk-21.0.12+8/legal/jdk.jstatd/ADDITIONAL_LICENSE_INFO' CREATED, '/home/runner/.cache/JetBrains/Kotlin/extract.cache/f6ae9b8207-OpenJDK21U-jdk_x64_linux_hotspot_21.0.12_8.tar.gz.4ffc7e.d/jdk-21.0.12+8/legal/jdk.unsupported.desktop/ASSEMBLY_EXCEPTION' CREATED, '/home/runner/.cache/JetBrains/Kotlin/extract.cache/f6ae9b8207-OpenJDK21U-jdk_x64_linux_hotspot_21.0.12_8.tar.gz.4ffc7e.d/jdk-21.0.12+8/legal/jdk.unsupported.desktop/LICENSE' CREATED, '/home/runner/.cache/JetBrains/Kotlin/extract.cache/f6ae9b8207-OpenJDK21U-jdk_x64_linux_hotspot_21.0.12_8.tar.gz.4ffc7e.d/jdk-21.0.12+8/legal/jdk.unsupported.desktop/ADDITIONAL_LICENSE_INFO' CREATED, '/home/runner/.cache/JetBrains/Kotlin/extract.cache/f6ae9b8207-OpenJDK21U-jdk_x64_linux_hotspot_21.0.12_8.tar.gz.4ffc7e.d/jdk-21.0.12+8/legal/java.sql/ASSEMBLY_EXCEPTION' CREATED, '/home/runner/.cache/JetBrains/Kotlin/extract.cache/f6ae9b8207-OpenJDK21U-jdk_x64_linux_hotspot_21.0.12_8.tar.gz.4ffc7e.d/jdk-21.0.12+8/legal/java.sql/LICENSE' CREATED, '/home/runner/.cache/JetBrains/Kotlin/extract.cache/f6ae9b8207-OpenJDK21U-jdk_x64_linux_hotspot_21.0.12_8.tar.gz.4ffc7e.d/jdk-21.0.12+8/legal/java.sql/ADDITIONAL_LICENSE_INFO' CREATED, '/home/runner/.cache/JetBrains/Kotlin/extract.cache/f6ae9b8207-OpenJDK21U-jdk_x64_linux_hotspot_21.0.12_8.tar.gz.4ffc7e.d/jdk-21.0.12+8/legal/jdk.sctp/ASSEMBLY_EXCEPTION' CREATED, '/home/runner/.cache/JetBrains/Kotlin/extract.cache/f6ae9b8207-OpenJDK21U-jdk_x64_linux_hotspot_21.0.12_8.tar.gz.4ffc7e.d/jdk-21.0.12+8/legal/jdk.sctp/LICENSE' CREATED, '/home/runner/.cache/JetBrains/Kotlin/extract.cache/f6ae9b8207-OpenJDK21U-jdk_x64_linux_hotspot_21.0.12_8.tar.gz.4ffc7e.d/jdk-21.0.12+8/legal/jdk.sctp/ADDITIONAL_LICENSE_INFO' CREATED, '/home/runner/.cache/JetBrains/Kotlin/extract.cache/f6ae9b8207-OpenJDK21U-jdk_x64_linux_hotspot_21.0.12_8.tar.gz.4ffc7e.d/jdk-21.0.12+8/legal/jdk.random/ASSEMBLY_EXCEPTION' CREATED, '/home/runner/.cache/JetBrains/Kotlin/extract.cache/f6ae9b8207-OpenJDK21U-jdk_x64_linux_hotspot_21.0.12_8.tar.gz.4ffc7e.d/jdk-21.0.12+8/legal/jdk.random/LICENSE' CREATED, '/home/runner/.cache/JetBrains/Kotlin/extract.cache/f6ae9b8207-OpenJDK21U-jdk_x64_linux_hotspot_21.0.12_8.tar.gz.4ffc7e.d/jdk-21.0.12+8/legal/jdk.random/ADDITIONAL_LICENSE_INFO' CREATED, '/home/runner/.cache/JetBrains/Kotlin/extract.cache/f6ae9b8207-OpenJDK21U-jdk_x64_linux_hotspot_21.0.12_8.tar.gz.4ffc7e.d/jdk-21.0.12+8/legal/java.xml/bcel.md' CREATED, '/home/runner/.cache/JetBrains/Kotlin/extract.cache/f6ae9b8207-OpenJDK21U-jdk_x64_linux_hotspot_21.0.12_8.tar.gz.4ffc7e.d/jdk-21.0.12+8/legal/java.xml/xalan.md' CREATED, '/home/runner/.cache/JetBrains/Kotlin/extract.cache/f6ae9b8207-OpenJDK21U-jdk_x64_linux_hotspot_21.0.12_8.tar.gz.4ffc7e.d/jdk-21.0.12+8/legal/java.xml/dom.md' CREATED, '/home/runner/.cache/JetBrains/Kotlin/extract.cache/f6ae9b8207-OpenJDK21U-jdk_x64_linux_hotspot_21.0.12_8.tar.gz.4ffc7e.d/jdk-21.0.12+8/legal/java.xml/jcup.md' CREATED, '/home/runner/.cache/JetBrains/Kotlin/extract.cache/f6ae9b8207-OpenJDK21U-jdk_x64_linux_hotspot_21.0.12_8.tar.gz.4ffc7e.d/jdk-21.0.12+8/legal/java.xml/xerces.md' CREATED, '/home/runner/.cache/JetBrains/Kotlin/extract.cache/f6ae9b8207-OpenJDK21U-jdk_x64_linux_hotspot_21.0.12_8.tar.gz.4ffc7e.d/jdk-21.0.12+8/legal/java.xml/ASSEMBLY_EXCEPTION' CREATED, '/home/runner/.cache/JetBrains/Kotlin/extract.cache/f6ae9b8207-OpenJDK21U-jdk_x64_linux_hotspot_21.0.12_8.tar.gz.4ffc7e.d/jdk-21.0.12+8/legal/java.xml/LICENSE' CREATED, '/home/runner/.cache/JetBrains/Kotlin/extract.cache/f6ae9b8207-OpenJDK21U-jdk_x64_linux_hotspot_21.0.12_8.tar.gz.4ffc7e.d/jdk-21.0.12+8/legal/java.xml/ADDITIONAL_LICENSE_INFO' CREATED, '/home/runner/.cache/JetBrains/Kotlin/extract.cache/f6ae9b8207-OpenJDK21U-jdk_x64_linux_hotspot_21.0.12_8.tar.gz.4ffc7e.d/jdk-21.0.12+8/legal/jdk.internal.opt/jopt-simple.md' CREATED, '/home/runner/.cache/JetBrains/Kotlin/extract.cache/f6ae9b8207-OpenJDK21U-jdk_x64_linux_hotspot_21.0.12_8.tar.gz.4ffc7e.d/jdk-21.0.12+8/legal/jdk.internal.opt/ASSEMBLY_EXCEPTION' CREATED, '/home/runner/.cache/JetBrains/Kotlin/extract.cache/f6ae9b8207-OpenJDK21U-jdk_x64_linux_hotspot_21.0.12_8.tar.gz.4ffc7e.d/jdk-21.0.12+8/legal/jdk.internal.opt/LICENSE' CREATED, '/home/runner/.cache/JetBrains/Kotlin/extract.cache/f6ae9b8207-OpenJDK21U-jdk_x64_linux_hotspot_21.0.12_8.tar.gz.4ffc7e.d/jdk-21.0.12+8/legal/jdk.internal.opt/ADDITIONAL_LICENSE_INFO' CREATED, '/home/runner/.cache/JetBrains/Kotlin/extract.cache/f6ae9b8207-OpenJDK21U-jdk_x64_linux_hotspot_21.0.12_8.tar.gz.4ffc7e.d/jdk-21.0.12+8/legal/java.sql.rowset/ASSEMBLY_EXCEPTION' CREATED, '/home/runner/.cache/JetBrains/Kotlin/extract.cache/f6ae9b8207-OpenJDK21U-jdk_x64_linux_hotspot_21.0.12_8.tar.gz.4ffc7e.d/jdk-21.0.12+8/legal/java.sql.rowset/LICENSE' CREATED, '/home/runner/.cache/JetBrains/Kotlin/extract.cache/f6ae9b8207-OpenJDK21U-jdk_x64_linux_hotspot_21.0.12_8.tar.gz.4ffc7e.d/jdk-21.0.12+8/legal/java.sql.rowset/ADDITIONAL_LICENSE_INFO' CREATED, '/home/runner/.cache/JetBrains/Kotlin/extract.cache/f6ae9b8207-OpenJDK21U-jdk_x64_linux_hotspot_21.0.12_8.tar.gz.4ffc7e.d/jdk-21.0.12+8/legal/jdk.jcmd/ASSEMBLY_EXCEPTION' CREATED, '/home/runner/.cache/JetBrains/Kotlin/extract.cache/f6ae9b8207-OpenJDK21U-jdk_x64_linux_hotspot_21.0.12_8.tar.gz.4ffc7e.d/jdk-21.0.12+8/legal/jdk.jcmd/LICENSE' CREATED, '/home/runner/.cache/JetBrains/Kotlin/extract.cache/f6ae9b8207-OpenJDK21U-jdk_x64_linux_hotspot_21.0.12_8.tar.gz.4ffc7e.d/jdk-21.0.12+8/legal/jdk.jcmd/ADDITIONAL_LICENSE_INFO' CREATED, '/home/runner/.cache/JetBrains/Kotlin/extract.cache/f6ae9b8207-OpenJDK21U-jdk_x64_linux_hotspot_21.0.12_8.tar.gz.4ffc7e.d/jdk-21.0.12+8/legal/java.instrument/ASSEMBLY_EXCEPTION' CREATED, '/home/runner/.cache/JetBrains/Kotlin/extract.cache/f6ae9b8207-OpenJDK21U-jdk_x64_linux_hotspot_21.0.12_8.tar.gz.4ffc7e.d/jdk-21.0.12+8/legal/java.instrument/LICENSE' CREATED, '/home/runner/.cache/JetBrains/Kotlin/extract.cache/f6ae9b8207-OpenJDK21U-jdk_x64_linux_hotspot_21.0.12_8.tar.gz.4ffc7e.d/jdk-21.0.12+8/legal/java.instrument/ADDITIONAL_LICENSE_INFO' CREATED, '/home/runner/.cache/JetBrains/Kotlin/extract.cache/f6ae9b8207-OpenJDK21U-jdk_x64_linux_hotspot_21.0.12_8.tar.gz.4ffc7e.d/jdk-21.0.12+8/legal/java.rmi/ASSEMBLY_EXCEPTION' CREATED, '/home/runner/.cache/JetBrains/Kotlin/extract.cache/f6ae9b8207-OpenJDK21U-jdk_x64_linux_hotspot_21.0.12_8.tar.gz.4ffc7e.d/jdk-21.0.12+8/legal/java.rmi/LICENSE' CREATED, '/home/runner/.cache/JetBrains/Kotlin/extract.cache/f6ae9b8207-OpenJDK21U-jdk_x64_linux_hotspot_21.0.12_8.tar.gz.4ffc7e.d/jdk-21.0.12+8/legal/java.rmi/ADDITIONAL_LICENSE_INFO' CREATED, '/home/runner/.cache/JetBrains/Kotlin/extract.cache/f6ae9b8207-OpenJDK21U-jdk_x64_linux_hotspot_21.0.12_8.tar.gz.4ffc7e.d/jdk-21.0.12+8/legal/jdk.localedata/thaidict.md' CREATED, '/home/runner/.cache/JetBrains/Kotlin/extract.cache/f6ae9b8207-OpenJDK21U-jdk_x64_linux_hotspot_21.0.12_8.tar.gz.4ffc7e.d/jdk-21.0.12+8/legal/jdk.localedata/cldr.md' CREATED, '/home/runner/.cache/JetBrains/Kotlin/extract.cache/f6ae9b8207-OpenJDK21U-jdk_x64_linux_hotspot_21.0.12_8.tar.gz.4ffc7e.d/jdk-21.0.12+8/legal/jdk.localedata/ASSEMBLY_EXCEPTION' CREATED, '/home/runner/.cache/JetBrains/Kotlin/extract.cache/f6ae9b8207-OpenJDK21U-jdk_x64_linux_hotspot_21.0.12_8.tar.gz.4ffc7e.d/jdk-21.0.12+8/legal/jdk.localedata/LICENSE' CREATED, '/home/runner/.cache/JetBrains/Kotlin/extract.cache/f6ae9b8207-OpenJDK21U-jdk_x64_linux_hotspot_21.0.12_8.tar.gz.4ffc7e.d/jdk-21.0.12+8/legal/jdk.localedata/ADDITIONAL_LICENSE_INFO' CREATED, '/home/runner/.cache/JetBrains/Kotlin/extract.cache/f6ae9b8207-OpenJDK21U-jdk_x64_linux_hotspot_21.0.12_8.tar.gz.4ffc7e.d/jdk-21.0.12+8/legal/java.net.http/ASSEMBLY_EXCEPTION' CREATED, '/home/runner/.cache/JetBrains/Kotlin/extract.cache/f6ae9b8207-OpenJDK21U-jdk_x64_linux_hotspot_21.0.12_8.tar.gz.4ffc7e.d/jdk-21.0.12+8/legal/java.net.http/LICENSE' CREATED, '/home/runner/.cache/JetBrains/Kotlin/extract.cache/f6ae9b8207-OpenJDK21U-jdk_x64_linux_hotspot_21.0.12_8.tar.gz.4ffc7e.d/jdk-21.0.12+8/legal/java.net.http/ADDITIONAL_LICENSE_INFO' CREATED, '/home/runner/.cache/JetBrains/Kotlin/extract.cache/f6ae9b8207-OpenJDK21U-jdk_x64_linux_hotspot_21.0.12_8.tar.gz.4ffc7e.d/jdk-21.0.12+8/legal/java.desktop/xwd.md' CREATED, '/home/runner/.cache/JetBrains/Kotlin/extract.cache/f6ae9b8207-OpenJDK21U-jdk_x64_linux_hotspot_21.0.12_8.tar.gz.4ffc7e.d/jdk-21.0.12+8/legal/java.desktop/jpeg.md' CREATED, '/home/runner/.cache/JetBrains/Kotlin/extract.cache/f6ae9b8207-OpenJDK21U-jdk_x64_linux_hotspot_21.0.12_8.tar.gz.4ffc7e.d/jdk-21.0.12+8/legal/java.desktop/libpng.md' CREATED, '/home/runner/.cache/JetBrains/Kotlin/extract.cache/f6ae9b8207-OpenJDK21U-jdk_x64_linux_hotspot_21.0.12_8.tar.gz.4ffc7e.d/jdk-21.0.12+8/legal/java.desktop/mesa3d.md' CREATED, '/home/runner/.cache/JetBrains/Kotlin/extract.cache/f6ae9b8207-OpenJDK21U-jdk_x64_linux_hotspot_21.0.12_8.tar.gz.4ffc7e.d/jdk-21.0.12+8/legal/java.desktop/lcms.md' CREATED, '/home/runner/.cache/JetBrains/Kotlin/extract.cache/f6ae9b8207-OpenJDK21U-jdk_x64_linux_hotspot_21.0.12_8.tar.gz.4ffc7e.d/jdk-21.0.12+8/legal/java.desktop/ASSEMBLY_EXCEPTION' CREATED, '/home/runner/.cache/JetBrains/Kotlin/extract.cache/f6ae9b8207-OpenJDK21U-jdk_x64_linux_hotspot_21.0.12_8.tar.gz.4ffc7e.d/jdk-21.0.12+8/legal/java.desktop/LICENSE' CREATED, '/home/runner/.cache/JetBrains/Kotlin/extract.cache/f6ae9b8207-OpenJDK21U-jdk_x64_linux_hotspot_21.0.12_8.tar.gz.4ffc7e.d/jdk-21.0.12+8/legal/java.desktop/ADDITIONAL_LICENSE_INFO' CREATED, '/home/runner/.cache/JetBrains/Kotlin/extract.cache/f6ae9b8207-OpenJDK21U-jdk_x64_linux_hotspot_21.0.12_8.tar.gz.4ffc7e.d/jdk-21.0.12+8/legal/java.desktop/freetype.md' CREATED, '/home/runner/.cache/JetBrains/Kotlin/extract.cache/f6ae9b8207-OpenJDK21U-jdk_x64_linux_hotspot_21.0.12_8.tar.gz.4ffc7e.d/jdk-21.0.12+8/legal/java.desktop/colorimaging.md' CREATED, '/home/runner/.cache/JetBrains/Kotlin/extract.cache/f6ae9b8207-OpenJDK21U-jdk_x64_linux_hotspot_21.0.12_8.tar.gz.4ffc7e.d/jdk-21.0.12+8/legal/java.desktop/pipewire.md' CREATED, '/home/runner/.cache/JetBrains/Kotlin/extract.cache/f6ae9b8207-OpenJDK21U-jdk_x64_linux_hotspot_21.0.12_8.tar.gz.4ffc7e.d/jdk-21.0.12+8/legal/java.desktop/giflib.md' CREATED, '/home/runner/.cache/JetBrains/Kotlin/extract.cache/f6ae9b8207-OpenJDK21U-jdk_x64_linux_hotspot_21.0.12_8.tar.gz.4ffc7e.d/jdk-21.0.12+8/legal/java.desktop/harfbuzz.md' CREATED, '/home/runner/.cache/JetBrains/Kotlin/extract.cache/f6ae9b8207-OpenJDK21U-jdk_x64_linux_hotspot_21.0.12_8.tar.gz.4ffc7e.d/jdk-21.0.12+8/legal/jdk.zipfs/ASSEMBLY_EXCEPTION' CREATED, '/home/runner/.cache/JetBrains/Kotlin/extract.cache/f6ae9b8207-OpenJDK21U-jdk_x64_linux_hotspot_21.0.12_8.tar.gz.4ffc7e.d/jdk-21.0.12+8/legal/jdk.zipfs/LICENSE' CREATED, '/home/runner/.cache/JetBrains/Kotlin/extract.cache/f6ae9b8207-OpenJDK21U-jdk_x64_linux_hotspot_21.0.12_8.tar.gz.4ffc7e.d/jdk-21.0.12+8/legal/jdk.zipfs/ADDITIONAL_LICENSE_INFO' CREATED, '/home/runner/.cache/JetBrains/Kotlin/extract.cache/f6ae9b8207-OpenJDK21U-jdk_x64_linux_hotspot_21.0.12_8.tar.gz.4ffc7e.d/jdk-21.0.12+8/legal/jdk.internal.vm.compiler/ASSEMBLY_EXCEPTION' CREATED, '/home/runner/.cache/JetBrains/Kotlin/extract.cache/f6ae9b8207-OpenJDK21U-jdk_x64_linux_hotspot_21.0.12_8.tar.gz.4ffc7e.d/jdk-21.0.12+8/legal/jdk.internal.vm.compiler/LICENSE' CREATED, '/home/runner/.cache/JetBrains/Kotlin/extract.cache/f6ae9b8207-OpenJDK21U-jdk_x64_linux_hotspot_21.0.12_8.tar.gz.4ffc7e.d/jdk-21.0.12+8/legal/jdk.internal.vm.compiler/ADDITIONAL_LICENSE_INFO' CREATED, '/home/runner/.cache/JetBrains/Kotlin/extract.cache/f6ae9b8207-OpenJDK21U-jdk_x64_linux_hotspot_21.0.12_8.tar.gz.4ffc7e.d/jdk-21.0.12+8/legal/jdk.jsobject/ASSEMBLY_EXCEPTION' CREATED, '/home/runner/.cache/JetBrains/Kotlin/extract.cache/f6ae9b8207-OpenJDK21U-jdk_x64_linux_hotspot_21.0.12_8.tar.gz.4ffc7e.d/jdk-21.0.12+8/legal/jdk.jsobject/LICENSE' CREATED, '/home/runner/.cache/JetBrains/Kotlin/extract.cache/f6ae9b8207-OpenJDK21U-jdk_x64_linux_hotspot_21.0.12_8.tar.gz.4ffc7e.d/jdk-21.0.12+8/legal/jdk.jsobject/ADDITIONAL_LICENSE_INFO' CREATED, '/home/runner/.cache/JetBrains/Kotlin/extract.cache/f6ae9b8207-OpenJDK21U-jdk_x64_linux_hotspot_21.0.12_8.tar.gz.4ffc7e.d/jdk-21.0.12+8/legal/java.management/ASSEMBLY_EXCEPTION' CREATED, '/home/runner/.cache/JetBrains/Kotlin/extract.cache/f6ae9b8207-OpenJDK21U-jdk_x64_linux_hotspot_21.0.12_8.tar.gz.4ffc7e.d/jdk-21.0.12+8/legal/java.management/LICENSE' CREATED, '/home/runner/.cache/JetBrains/Kotlin/extract.cache/f6ae9b8207-OpenJDK21U-jdk_x64_linux_hotspot_21.0.12_8.tar.gz.4ffc7e.d/jdk-21.0.12+8/legal/java.management/ADDITIONAL_LICENSE_INFO' CREATED, '/home/runner/.cache/JetBrains/Kotlin/extract.cache/f6ae9b8207-OpenJDK21U-jdk_x64_linux_hotspot_21.0.12_8.tar.gz.4ffc7e.d/jdk-21.0.12+8/legal/jdk.management/ASSEMBLY_EXCEPTION' CREATED, '/home/runner/.cache/JetBrains/Kotlin/extract.cache/f6ae9b8207-OpenJDK21U-jdk_x64_linux_hotspot_21.0.12_8.tar.gz.4ffc7e.d/jdk-21.0.12+8/legal/jdk.management/LICENSE' CREATED, '/home/runner/.cache/JetBrains/Kotlin/extract.cache/f6ae9b8207-OpenJDK21U-jdk_x64_linux_hotspot_21.0.12_8.tar.gz.4ffc7e.d/jdk-21.0.12+8/legal/jdk.management/ADDITIONAL_LICENSE_INFO' CREATED, '/home/runner/.cache/JetBrains/Kotlin/extract.cache/f6ae9b8207-OpenJDK21U-jdk_x64_linux_hotspot_21.0.12_8.tar.gz.4ffc7e.d/jdk-21.0.12+8/legal/jdk.jshell/ASSEMBLY_EXCEPTION' CREATED, '/home/runner/.cache/JetBrains/Kotlin/extract.cache/f6ae9b8207-OpenJDK21U-jdk_x64_linux_hotspot_21.0.12_8.tar.gz.4ffc7e.d/jdk-21.0.12+8/legal/jdk.jshell/LICENSE' CREATED, '/home/runner/.cache/JetBrains/Kotlin/extract.cache/f6ae9b8207-OpenJDK21U-jdk_x64_linux_hotspot_21.0.12_8.tar.gz.4ffc7e.d/jdk-21.0.12+8/legal/jdk.jshell/ADDITIONAL_LICENSE_INFO' CREATED, '/home/runner/.cache/JetBrains/Kotlin/extract.cache/f6ae9b8207-OpenJDK21U-jdk_x64_linux_hotspot_21.0.12_8.tar.gz.4ffc7e.d/jdk-21.0.12+8/legal/java.logging/ASSEMBLY_EXCEPTION' CREATED, '/home/runner/.cache/JetBrains/Kotlin/extract.cache/f6ae9b8207-OpenJDK21U-jdk_x64_linux_hotspot_21.0.12_8.tar.gz.4ffc7e.d/jdk-21.0.12+8/legal/java.logging/LICENSE' CREATED, '/home/runner/.cache/JetBrains/Kotlin/extract.cache/f6ae9b8207-OpenJDK21U-jdk_x64_linux_hotspot_21.0.12_8.tar.gz.4ffc7e.d/jdk-21.0.12+8/legal/java.logging/ADDITIONAL_LICENSE_INFO' CREATED, '/home/runner/.cache/JetBrains/Kotlin/extract.cache/f6ae9b8207-OpenJDK21U-jdk_x64_linux_hotspot_21.0.12_8.tar.gz.4ffc7e.d/jdk-21.0.12+8/legal/jdk.accessibility/ASSEMBLY_EXCEPTION' CREATED, '/home/runner/.cache/JetBrains/Kotlin/extract.cache/f6ae9b8207-OpenJDK21U-jdk_x64_linux_hotspot_21.0.12_8.tar.gz.4ffc7e.d/jdk-21.0.12+8/legal/jdk.accessibility/LICENSE' CREATED, '/home/runner/.cache/JetBrains/Kotlin/extract.cache/f6ae9b8207-OpenJDK21U-jdk_x64_linux_hotspot_21.0.12_8.tar.gz.4ffc7e.d/jdk-21.0.12+8/legal/jdk.accessibility/ADDITIONAL_LICENSE_INFO' CREATED, '/home/runner/.cache/JetBrains/Kotlin/extract.cache/f6ae9b8207-OpenJDK21U-jdk_x64_linux_hotspot_21.0.12_8.tar.gz.4ffc7e.d/jdk-21.0.12+8/legal/jdk.incubator.vector/ASSEMBLY_EXCEPTION' CREATED, '/home/runner/.cache/JetBrains/Kotlin/extract.cache/f6ae9b8207-OpenJDK21U-jdk_x64_linux_hotspot_21.0.12_8.tar.gz.4ffc7e.d/jdk-21.0.12+8/legal/jdk.incubator.vector/LICENSE' CREATED, '/home/runner/.cache/JetBrains/Kotlin/extract.cache/f6ae9b8207-OpenJDK21U-jdk_x64_linux_hotspot_21.0.12_8.tar.gz.4ffc7e.d/jdk-21.0.12+8/legal/jdk.incubator.vector/ADDITIONAL_LICENSE_INFO' CREATED, '/home/runner/.cache/JetBrains/Kotlin/extract.cache/f6ae9b8207-OpenJDK21U-jdk_x64_linux_hotspot_21.0.12_8.tar.gz.4ffc7e.d/jdk-21.0.12+8/legal/jdk.net/ASSEMBLY_EXCEPTION' CREATED, '/home/runner/.cache/JetBrains/Kotlin/extract.cache/f6ae9b8207-OpenJDK21U-jdk_x64_linux_hotspot_21.0.12_8.tar.gz.4ffc7e.d/jdk-21.0.12+8/legal/jdk.net/LICENSE' CREATED, '/home/runner/.cache/JetBrains/Kotlin/extract.cache/f6ae9b8207-OpenJDK21U-jdk_x64_linux_hotspot_21.0.12_8.tar.gz.4ffc7e.d/jdk-21.0.12+8/legal/jdk.net/ADDITIONAL_LICENSE_INFO' CREATED, '/home/runner/.cache/JetBrains/Kotlin/extract.cache/f6ae9b8207-OpenJDK21U-jdk_x64_linux_hotspot_21.0.12_8.tar.gz.4ffc7e.d/jdk-21.0.12+8/legal/jdk.jartool/ASSEMBLY_EXCEPTION' CREATED, '/home/runner/.cache/JetBrains/Kotlin/extract.cache/f6ae9b8207-OpenJDK21U-jdk_x64_linux_hotspot_21.0.12_8.tar.gz.4ffc7e.d/jdk-21.0.12+8/legal/jdk.jartool/LICENSE' CREATED, '/home/runner/.cache/JetBrains/Kotlin/extract.cache/f6ae9b8207-OpenJDK21U-jdk_x64_linux_hotspot_21.0.12_8.tar.gz.4ffc7e.d/jdk-21.0.12+8/legal/jdk.jartool/ADDITIONAL_LICENSE_INFO' CREATED, '/home/runner/.cache/JetBrains/Kotlin/extract.cache/f6ae9b8207-OpenJDK21U-jdk_x64_linux_hotspot_21.0.12_8.tar.gz.4ffc7e.d/jdk-21.0.12+8/legal/jdk.jlink/ASSEMBLY_EXCEPTION' CREATED, '/home/runner/.cache/JetBrains/Kotlin/extract.cache/f6ae9b8207-OpenJDK21U-jdk_x64_linux_hotspot_21.0.12_8.tar.gz.4ffc7e.d/jdk-21.0.12+8/legal/jdk.jlink/LICENSE' CREATED, '/home/runner/.cache/JetBrains/Kotlin/extract.cache/f6ae9b8207-OpenJDK21U-jdk_x64_linux_hotspot_21.0.12_8.tar.gz.4ffc7e.d/jdk-21.0.12+8/legal/jdk.jlink/ADDITIONAL_LICENSE_INFO' CREATED, '/home/runner/.cache/JetBrains/Kotlin/extract.cache/f6ae9b8207-OpenJDK21U-jdk_x64_linux_hotspot_21.0.12_8.tar.gz.4ffc7e.d/jdk-21.0.12+8/legal/java.transaction.xa/ASSEMBLY_EXCEPTION' CREATED, '/home/runner/.cache/JetBrains/Kotlin/extract.cache/f6ae9b8207-OpenJDK21U-jdk_x64_linux_hotspot_21.0.12_8.tar.gz.4ffc7e.d/jdk-21.0.12+8/legal/java.transaction.xa/LICENSE' CREATED, '/home/runner/.cache/JetBrains/Kotlin/extract.cache/f6ae9b8207-OpenJDK21U-jdk_x64_linux_hotspot_21.0.12_8.tar.gz.4ffc7e.d/jdk-21.0.12+8/legal/java.transaction.xa/ADDITIONAL_LICENSE_INFO' CREATED, '/home/runner/.cache/JetBrains/Kotlin/extract.cache/f6ae9b8207-OpenJDK21U-jdk_x64_linux_hotspot_21.0.12_8.tar.gz.4ffc7e.d/jdk-21.0.12+8/legal/jdk.jdi/ASSEMBLY_EXCEPTION' CREATED, '/home/runner/.cache/JetBrains/Kotlin/extract.cache/f6ae9b8207-OpenJDK21U-jdk_x64_linux_hotspot_21.0.12_8.tar.gz.4ffc7e.d/jdk-21.0.12+8/legal/jdk.jdi/LICENSE' CREATED, '/home/runner/.cache/JetBrains/Kotlin/extract.cache/f6ae9b8207-OpenJDK21U-jdk_x64_linux_hotspot_21.0.12_8.tar.gz.4ffc7e.d/jdk-21.0.12+8/legal/jdk.jdi/ADDITIONAL_LICENSE_INFO' CREATED, '/home/runner/.cache/JetBrains/Kotlin/extract.cache/f6ae9b8207-OpenJDK21U-jdk_x64_linux_hotspot_21.0.12_8.tar.gz.4ffc7e.d/jdk-21.0.12+8/legal/jdk.jdwp.agent/ASSEMBLY_EXCEPTION' CREATED, '/home/runner/.cache/JetBrains/Kotlin/extract.cache/f6ae9b8207-OpenJDK21U-jdk_x64_linux_hotspot_21.0.12_8.tar.gz.4ffc7e.d/jdk-21.0.12+8/legal/jdk.jdwp.agent/LICENSE' CREATED, '/home/runner/.cache/JetBrains/Kotlin/extract.cache/f6ae9b8207-OpenJDK21U-jdk_x64_linux_hotspot_21.0.12_8.tar.gz.4ffc7e.d/jdk-21.0.12+8/legal/jdk.jdwp.agent/ADDITIONAL_LICENSE_INFO' CREATED, '/home/runner/.cache/JetBrains/Kotlin/extract.cache/f6ae9b8207-OpenJDK21U-jdk_x64_linux_hotspot_21.0.12_8.tar.gz.4ffc7e.d/jdk-21.0.12+8/man/man1/jps.1' CREATED, '/home/runner/.cache/JetBrains/Kotlin/extract.cache/f6ae9b8207-OpenJDK21U-jdk_x64_linux_hotspot_21.0.12_8.tar.gz.4ffc7e.d/jdk-21.0.12+8/man/man1/jstatd.1' CREATED, '/home/runner/.cache/JetBrains/Kotlin/extract.cache/f6ae9b8207-OpenJDK21U-jdk_x64_linux_hotspot_21.0.12_8.tar.gz.4ffc7e.d/jdk-21.0.12+8/man/man1/jcmd.1' CREATED, '/home/runner/.cache/JetBrains/Kotlin/extract.cache/f6ae9b8207-OpenJDK21U-jdk_x64_linux_hotspot_21.0.12_8.tar.gz.4ffc7e.d/jdk-21.0.12+8/man/man1/rmiregistry.1' CREATED, '/home/runner/.cache/JetBrains/Kotlin/extract.cache/f6ae9b8207-OpenJDK21U-jdk_x64_linux_hotspot_21.0.12_8.tar.gz.4ffc7e.d/jdk-21.0.12+8/man/man1/jwebserver.1' CREATED, '/home/runner/.cache/JetBrains/Kotlin/extract.cache/f6ae9b8207-OpenJDK21U-jdk_x64_linux_hotspot_21.0.12_8.tar.gz.4ffc7e.d/jdk-21.0.12+8/man/man1/javadoc.1' CREATED, '/home/runner/.cache/JetBrains/Kotlin/extract.cache/f6ae9b8207-OpenJDK21U-jdk_x64_linux_hotspot_21.0.12_8.tar.gz.4ffc7e.d/jdk-21.0.12+8/man/man1/jar.1' CREATED, '/home/runner/.cache/JetBrains/Kotlin/extract.cache/f6ae9b8207-OpenJDK21U-jdk_x64_linux_hotspot_21.0.12_8.tar.gz.4ffc7e.d/jdk-21.0.12+8/man/man1/jhsdb.1' CREATED, '/home/runner/.cache/JetBrains/Kotlin/extract.cache/f6ae9b8207-OpenJDK21U-jdk_x64_linux_hotspot_21.0.12_8.tar.gz.4ffc7e.d/jdk-21.0.12+8/man/man1/jarsigner.1' CREATED, '/home/runner/.cache/JetBrains/Kotlin/extract.cache/f6ae9b8207-OpenJDK21U-jdk_x64_linux_hotspot_21.0.12_8.tar.gz.4ffc7e.d/jdk-21.0.12+8/man/man1/jshell.1' CREATED, '/home/runner/.cache/JetBrains/Kotlin/extract.cache/f6ae9b8207-OpenJDK21U-jdk_x64_linux_hotspot_21.0.12_8.tar.gz.4ffc7e.d/jdk-21.0.12+8/man/man1/jmap.1' CREATED, '/home/runner/.cache/JetBrains/Kotlin/extract.cache/f6ae9b8207-OpenJDK21U-jdk_x64_linux_hotspot_21.0.12_8.tar.gz.4ffc7e.d/jdk-21.0.12+8/man/man1/serialver.1' CREATED, '/home/runner/.cache/JetBrains/Kotlin/extract.cache/f6ae9b8207-OpenJDK21U-jdk_x64_linux_hotspot_21.0.12_8.tar.gz.4ffc7e.d/jdk-21.0.12+8/man/man1/jconsole.1' CREATED, '/home/runner/.cache/JetBrains/Kotlin/extract.cache/f6ae9b8207-OpenJDK21U-jdk_x64_linux_hotspot_21.0.12_8.tar.gz.4ffc7e.d/jdk-21.0.12+8/man/man1/jmod.1' CREATED, '/home/runner/.cache/JetBrains/Kotlin/extract.cache/f6ae9b8207-OpenJDK21U-jdk_x64_linux_hotspot_21.0.12_8.tar.gz.4ffc7e.d/jdk-21.0.12+8/man/man1/javap.1' CREATED, '/home/runner/.cache/JetBrains/Kotlin/extract.cache/f6ae9b8207-OpenJDK21U-jdk_x64_linux_hotspot_21.0.12_8.tar.gz.4ffc7e.d/jdk-21.0.12+8/man/man1/keytool.1' CREATED, '/home/runner/.cache/JetBrains/Kotlin/extract.cache/f6ae9b8207-OpenJDK21U-jdk_x64_linux_hotspot_21.0.12_8.tar.gz.4ffc7e.d/jdk-21.0.12+8/man/man1/jfr.1' CREATED, '/home/runner/.cache/JetBrains/Kotlin/extract.cache/f6ae9b8207-OpenJDK21U-jdk_x64_linux_hotspot_21.0.12_8.tar.gz.4ffc7e.d/jdk-21.0.12+8/man/man1/java.1' CREATED, '/home/runner/.cache/JetBrains/Kotlin/extract.cache/f6ae9b8207-OpenJDK21U-jdk_x64_linux_hotspot_21.0.12_8.tar.gz.4ffc7e.d/jdk-21.0.12+8/man/man1/jstack.1' CREATED, '/home/runner/.cache/JetBrains/Kotlin/extract.cache/f6ae9b8207-OpenJDK21U-jdk_x64_linux_hotspot_21.0.12_8.tar.gz.4ffc7e.d/jdk-21.0.12+8/man/man1/jdeprscan.1' CREATED, '/home/runner/.cache/JetBrains/Kotlin/extract.cache/f6ae9b8207-OpenJDK21U-jdk_x64_linux_hotspot_21.0.12_8.tar.gz.4ffc7e.d/jdk-21.0.12+8/man/man1/jstat.1' CREATED, '/home/runner/.cache/JetBrains/Kotlin/extract.cache/f6ae9b8207-OpenJDK21U-jdk_x64_linux_hotspot_21.0.12_8.tar.gz.4ffc7e.d/jdk-21.0.12+8/man/man1/jdeps.1' CREATED, '/home/runner/.cache/JetBrains/Kotlin/extract.cache/f6ae9b8207-OpenJDK21U-jdk_x64_linux_hotspot_21.0.12_8.tar.gz.4ffc7e.d/jdk-21.0.12+8/man/man1/jlink.1' CREATED, '/home/runner/.cache/JetBrains/Kotlin/extract.cache/f6ae9b8207-OpenJDK21U-jdk_x64_linux_hotspot_21.0.12_8.tar.gz.4ffc7e.d/jdk-21.0.12+8/man/man1/jinfo.1' CREATED, '/home/runner/.cache/JetBrains/Kotlin/extract.cache/f6ae9b8207-OpenJDK21U-jdk_x64_linux_hotspot_21.0.12_8.tar.gz.4ffc7e.d/jdk-21.0.12+8/man/man1/jrunscript.1' CREATED, '/home/runner/.cache/JetBrains/Kotlin/extract.cache/f6ae9b8207-OpenJDK21U-jdk_x64_linux_hotspot_21.0.12_8.tar.gz.4ffc7e.d/jdk-21.0.12+8/man/man1/javac.1' CREATED, '/home/runner/.cache/JetBrains/Kotlin/extract.cache/f6ae9b8207-OpenJDK21U-jdk_x64_linux_hotspot_21.0.12_8.tar.gz.4ffc7e.d/jdk-21.0.12+8/man/man1/jdb.1' CREATED, '/home/runner/.cache/JetBrains/Kotlin/extract.cache/f6ae9b8207-OpenJDK21U-jdk_x64_linux_hotspot_21.0.12_8.tar.gz.4ffc7e.d/jdk-21.0.12+8/man/man1/jpackage.1' CREATED, '/home/runner/.cache/JetBrains/Kotlin/extract.cache/f6ae9b8207-OpenJDK21U-jdk_x64_linux_hotspot_21.0.12_8.tar.gz.4ffc7e.d/jdk-21.0.12+8/lib/libjawt.so' CREATED, '/home/runner/.cache/JetBrains/Kotlin/extract.cache/f6ae9b8207-OpenJDK21U-jdk_x64_linux_hotspot_21.0.12_8.tar.gz.4ffc7e.d/jdk-21.0.12+8/lib/jexec' CREATED, '/home/runner/.cache/JetBrains/Kotlin/extract.cache/f6ae9b8207-OpenJDK21U-jdk_x64_linux_hotspot_21.0.12_8.tar.gz.4ffc7e.d/jdk-21.0.12+8/lib/libjavajpeg.so' CREATED, '/home/runner/.cache/JetBrains/Kotlin/extract.cache/f6ae9b8207-OpenJDK21U-jdk_x64_linux_hotspot_21.0.12_8.tar.gz.4ffc7e.d/jdk-21.0.12+8/lib/libsaproc.so' CREATED, '/home/runner/.cache/JetBrains/Kotlin/extract.cache/f6ae9b8207-OpenJDK21U-jdk_x64_linux_hotspot_21.0.12_8.tar.gz.4ffc7e.d/jdk-21.0.12+8/lib/libjava.so' CREATED, '/home/runner/.cache/JetBrains/Kotlin/extract.cache/f6ae9b8207-OpenJDK21U-jdk_x64_linux_hotspot_21.0.12_8.tar.gz.4ffc7e.d/jdk-21.0.12+8/lib/modules' CREATED, '/home/runner/.cache/JetBrains/Kotlin/extract.cache/f6ae9b8207-OpenJDK21U-jdk_x64_linux_hotspot_21.0.12_8.tar.gz.4ffc7e.d/jdk-21.0.12+8/lib/libfreetype.so' CREATED, '/home/runner/.cache/JetBrains/Kotlin/extract.cache/f6ae9b8207-OpenJDK21U-jdk_x64_linux_hotspot_21.0.12_8.tar.gz.4ffc7e.d/jdk-21.0.12+8/lib/libj2pkcs11.so' CREATED, '/home/runner/.cache/JetBrains/Kotlin/extract.cache/f6ae9b8207-OpenJDK21U-jdk_x64_linux_hotspot_21.0.12_8.tar.gz.4ffc7e.d/jdk-21.0.12+8/lib/libinstrument.so' CREATED, '/home/runner/.cache/JetBrains/Kotlin/extract.cache/f6ae9b8207-OpenJDK21U-jdk_x64_linux_hotspot_21.0.12_8.tar.gz.4ffc7e.d/jdk-21.0.12+8/lib/libjsvml.so' CREATED, '/home/runner/.cache/JetBrains/Kotlin/extract.cache/f6ae9b8207-OpenJDK21U-jdk_x64_linux_hotspot_21.0.12_8.tar.gz.4ffc7e.d/jdk-21.0.12+8/lib/libawt_xawt.so' CREATED, '/home/runner/.cache/JetBrains/Kotlin/extract.cache/f6ae9b8207-OpenJDK21U-jdk_x64_linux_hotspot_21.0.12_8.tar.gz.4ffc7e.d/jdk-21.0.12+8/lib/libawt.so' CREATED, '/home/runner/.cache/JetBrains/Kotlin/extract.cache/f6ae9b8207-OpenJDK21U-jdk_x64_linux_hotspot_21.0.12_8.tar.gz.4ffc7e.d/jdk-21.0.12+8/lib/libverify.so' CREATED, '/home/runner/.cache/JetBrains/Kotlin/extract.cache/f6ae9b8207-OpenJDK21U-jdk_x64_linux_hotspot_21.0.12_8.tar.gz.4ffc7e.d/jdk-21.0.12+8/lib/libattach.so' CREATED, '/home/runner/.cache/JetBrains/Kotlin/extract.cache/f6ae9b8207-OpenJDK21U-jdk_x64_linux_hotspot_21.0.12_8.tar.gz.4ffc7e.d/jdk-21.0.12+8/lib/psfont.properties.ja' CREATED, '/home/runner/.cache/JetBrains/Kotlin/extract.cache/f6ae9b8207-OpenJDK21U-jdk_x64_linux_hotspot_21.0.12_8.tar.gz.4ffc7e.d/jdk-21.0.12+8/lib/libj2gss.so' CREATED, '/home/runner/.cache/JetBrains/Kotlin/extract.cache/f6ae9b8207-OpenJDK21U-jdk_x64_linux_hotspot_21.0.12_8.tar.gz.4ffc7e.d/jdk-21.0.12+8/lib/librmi.so' CREATED, '/home/runner/.cache/JetBrains/Kotlin/extract.cache/f6ae9b8207-OpenJDK21U-jdk_x64_linux_hotspot_21.0.12_8.tar.gz.4ffc7e.d/jdk-21.0.12+8/lib/jfr/default.jfc' CREATED, '/home/runner/.cache/JetBrains/Kotlin/extract.cache/f6ae9b8207-OpenJDK21U-jdk_x64_linux_hotspot_21.0.12_8.tar.gz.4ffc7e.d/jdk-21.0.12+8/lib/jfr/profile.jfc' CREATED, '/home/runner/.cache/JetBrains/Kotlin/extract.cache/f6ae9b8207-OpenJDK21U-jdk_x64_linux_hotspot_21.0.12_8.tar.gz.4ffc7e.d/jdk-21.0.12+8/lib/libprefs.so' CREATED, '/home/runner/.cache/JetBrains/Kotlin/extract.cache/f6ae9b8207-OpenJDK21U-jdk_x64_linux_hotspot_21.0.12_8.tar.gz.4ffc7e.d/jdk-21.0.12+8/lib/libsyslookup.so' CREATED, '/home/runner/.cache/JetBrains/Kotlin/extract.cache/f6ae9b8207-OpenJDK21U-jdk_x64_linux_hotspot_21.0.12_8.tar.gz.4ffc7e.d/jdk-21.0.12+8/lib/psfontj2d.properties' CREATED, '/home/runner/.cache/JetBrains/Kotlin/extract.cache/f6ae9b8207-OpenJDK21U-jdk_x64_linux_hotspot_21.0.12_8.tar.gz.4ffc7e.d/jdk-21.0.12+8/lib/libjdwp.so' CREATED, '/home/runner/.cache/JetBrains/Kotlin/extract.cache/f6ae9b8207-OpenJDK21U-jdk_x64_linux_hotspot_21.0.12_8.tar.gz.4ffc7e.d/jdk-21.0.12+8/lib/libsctp.so' CREATED, '/home/runner/.cache/JetBrains/Kotlin/extract.cache/f6ae9b8207-OpenJDK21U-jdk_x64_linux_hotspot_21.0.12_8.tar.gz.4ffc7e.d/jdk-21.0.12+8/lib/libmanagement.so' CREATED, '/home/runner/.cache/JetBrains/Kotlin/extract.cache/f6ae9b8207-OpenJDK21U-jdk_x64_linux_hotspot_21.0.12_8.tar.gz.4ffc7e.d/jdk-21.0.12+8/lib/security/cacerts' CREATED, '/home/runner/.cache/JetBrains/Kotlin/extract.cache/f6ae9b8207-OpenJDK21U-jdk_x64_linux_hotspot_21.0.12_8.tar.gz.4ffc7e.d/jdk-21.0.12+8/lib/security/default.policy' CREATED, '/home/runner/.cache/JetBrains/Kotlin/extract.cache/f6ae9b8207-OpenJDK21U-jdk_x64_linux_hotspot_21.0.12_8.tar.gz.4ffc7e.d/jdk-21.0.12+8/lib/security/public_suffix_list.dat' CREATED, '/home/runner/.cache/JetBrains/Kotlin/extract.cache/f6ae9b8207-OpenJDK21U-jdk_x64_linux_hotspot_21.0.12_8.tar.gz.4ffc7e.d/jdk-21.0.12+8/lib/security/blocked.certs' CREATED, '/home/runner/.cache/JetBrains/Kotlin/extract.cache/f6ae9b8207-OpenJDK21U-jdk_x64_linux_hotspot_21.0.12_8.tar.gz.4ffc7e.d/jdk-21.0.12+8/lib/libmlib_image.so' CREATED, '/home/runner/.cache/JetBrains/Kotlin/extract.cache/f6ae9b8207-OpenJDK21U-jdk_x64_linux_hotspot_21.0.12_8.tar.gz.4ffc7e.d/jdk-21.0.12+8/lib/server/libjvm.so' CREATED, '/home/runner/.cache/JetBrains/Kotlin/extract.cache/f6ae9b8207-OpenJDK21U-jdk_x64_linux_hotspot_21.0.12_8.tar.gz.4ffc7e.d/jdk-21.0.12+8/lib/server/classes.jsa' CREATED, '/home/runner/.cache/JetBrains/Kotlin/extract.cache/f6ae9b8207-OpenJDK21U-jdk_x64_linux_hotspot_21.0.12_8.tar.gz.4ffc7e.d/jdk-21.0.12+8/lib/server/classes_nocoops.jsa' CREATED, '/home/runner/.cache/JetBrains/Kotlin/extract.cache/f6ae9b8207-OpenJDK21U-jdk_x64_linux_hotspot_21.0.12_8.tar.gz.4ffc7e.d/jdk-21.0.12+8/lib/server/libjsig.so' CREATED, '/home/runner/.cache/JetBrains/Kotlin/extract.cache/f6ae9b8207-OpenJDK21U-jdk_x64_linux_hotspot_21.0.12_8.tar.gz.4ffc7e.d/jdk-21.0.12+8/lib/jvm.cfg' CREATED, '/home/runner/.cache/JetBrains/Kotlin/extract.cache/f6ae9b8207-OpenJDK21U-jdk_x64_linux_hotspot_21.0.12_8.tar.gz.4ffc7e.d/jdk-21.0.12+8/lib/libfontmanager.so' CREATED, '/home/runner/.cache/JetBrains/Kotlin/extract.cache/f6ae9b8207-OpenJDK21U-jdk_x64_linux_hotspot_21.0.12_8.tar.gz.4ffc7e.d/jdk-21.0.12+8/lib/libnet.so' CREATED, '/home/runner/.cache/JetBrains/Kotlin/extract.cache/f6ae9b8207-OpenJDK21U-jdk_x64_linux_hotspot_21.0.12_8.tar.gz.4ffc7e.d/jdk-21.0.12+8/lib/lible.so' CREATED, '/home/runner/.cache/JetBrains/Kotlin/extract.cache/f6ae9b8207-OpenJDK21U-jdk_x64_linux_hotspot_21.0.12_8.tar.gz.4ffc7e.d/jdk-21.0.12+8/lib/classlist' CREATED, '/home/runner/.cache/JetBrains/Kotlin/extract.cache/f6ae9b8207-OpenJDK21U-jdk_x64_linux_hotspot_21.0.12_8.tar.gz.4ffc7e.d/jdk-21.0.12+8/lib/jspawnhelper' CREATED, '/home/runner/.cache/JetBrains/Kotlin/extract.cache/f6ae9b8207-OpenJDK21U-jdk_x64_linux_hotspot_21.0.12_8.tar.gz.4ffc7e.d/jdk-21.0.12+8/lib/libmanagement_ext.so' CREATED, '/home/runner/.cache/JetBrains/Kotlin/extract.cache/f6ae9b8207-OpenJDK21U-jdk_x64_linux_hotspot_21.0.12_8.tar.gz.4ffc7e.d/jdk-21.0.12+8/lib/libnio.so' CREATED, '/home/runner/.cache/JetBrains/Kotlin/extract.cache/f6ae9b8207-OpenJDK21U-jdk_x64_linux_hotspot_21.0.12_8.tar.gz.4ffc7e.d/jdk-21.0.12+8/lib/libmanagement_agent.so' CREATED, '/home/runner/.cache/JetBrains/Kotlin/extract.cache/f6ae9b8207-OpenJDK21U-jdk_x64_linux_hotspot_21.0.12_8.tar.gz.4ffc7e.d/jdk-21.0.12+8/lib/tzdb.dat' CREATED, '/home/runner/.cache/JetBrains/Kotlin/extract.cache/f6ae9b8207-OpenJDK21U-jdk_x64_linux_hotspot_21.0.12_8.tar.gz.4ffc7e.d/jdk-21.0.12+8/lib/libzip.so' CREATED, '/home/runner/.cache/JetBrains/Kotlin/extract.cache/f6ae9b8207-OpenJDK21U-jdk_x64_linux_hotspot_21.0.12_8.tar.gz.4ffc7e.d/jdk-21.0.12+8/lib/libsplashscreen.so' CREATED, '/home/runner/.cache/JetBrains/Kotlin/extract.cache/f6ae9b8207-OpenJDK21U-jdk_x64_linux_hotspot_21.0.12_8.tar.gz.4ffc7e.d/jdk-21.0.12+8/lib/libdt_socket.so' CREATED, '/home/runner/.cache/JetBrains/Kotlin/extract.cache/f6ae9b8207-OpenJDK21U-jdk_x64_linux_hotspot_21.0.12_8.tar.gz.4ffc7e.d/jdk-21.0.12+8/lib/liblcms.so' CREATED, '/home/runner/.cache/JetBrains/Kotlin/extract.cache/f6ae9b8207-OpenJDK21U-jdk_x64_linux_hotspot_21.0.12_8.tar.gz.4ffc7e.d/jdk-21.0.12+8/lib/libjsig.so' CREATED, '/home/runner/.cache/JetBrains/Kotlin/extract.cache/f6ae9b8207-OpenJDK21U-jdk_x64_linux_hotspot_21.0.12_8.tar.gz.4ffc7e.d/jdk-21.0.12+8/lib/libj2pcsc.so' CREATED, '/home/runner/.cache/JetBrains/Kotlin/extract.cache/f6ae9b8207-OpenJDK21U-jdk_x64_linux_hotspot_21.0.12_8.tar.gz.4ffc7e.d/jdk-21.0.12+8/lib/ct.sym' CREATED, '/home/runner/.cache/JetBrains/Kotlin/extract.cache/f6ae9b8207-OpenJDK21U-jdk_x64_linux_hotspot_21.0.12_8.tar.gz.4ffc7e.d/jdk-21.0.12+8/lib/libawt_headless.so' CREATED, '/home/runner/.cache/JetBrains/Kotlin/extract.cache/f6ae9b8207-OpenJDK21U-jdk_x64_linux_hotspot_21.0.12_8.tar.gz.4ffc7e.d/jdk-21.0.12+8/lib/libjli.so' CREATED, '/home/runner/.cache/JetBrains/Kotlin/extract.cache/f6ae9b8207-OpenJDK21U-jdk_x64_linux_hotspot_21.0.12_8.tar.gz.4ffc7e.d/jdk-21.0.12+8/lib/libjaas.so' CREATED, '/home/runner/.cache/JetBrains/Kotlin/extract.cache/f6ae9b8207-OpenJDK21U-jdk_x64_linux_hotspot_21.0.12_8.tar.gz.4ffc7e.d/jdk-21.0.12+8/lib/libjimage.so' CREATED, '/home/runner/.cache/JetBrains/Kotlin/extract.cache/f6ae9b8207-OpenJDK21U-jdk_x64_linux_hotspot_21.0.12_8.tar.gz.4ffc7e.d/jdk-21.0.12+8/lib/libextnet.so' CREATED, '/home/runner/.cache/JetBrains/Kotlin/extract.cache/f6ae9b8207-OpenJDK21U-jdk_x64_linux_hotspot_21.0.12_8.tar.gz.4ffc7e.d/jdk-21.0.12+8/lib/libjsound.so' CREATED, '/home/runner/.cache/JetBrains/Kotlin/extract.cache/f6ae9b8207-OpenJDK21U-jdk_x64_linux_hotspot_21.0.12_8.tar.gz.4ffc7e.d/jdk-21.0.12+8/lib/src.zip' CREATED, '/home/runner/.cache/JetBrains/Kotlin/extract.cache/f6ae9b8207-OpenJDK21U-jdk_x64_linux_hotspot_21.0.12_8.tar.gz.4ffc7e.d/jdk-21.0.12+8/lib/jrt-fs.jar' CREATED, '/home/runner/.cache/JetBrains/Kotlin/extract.cache/f6ae9b8207-OpenJDK21U-jdk_x64_linux_hotspot_21.0.12_8.tar.gz.4ffc7e.d/jdk-21.0.12+8/bin/jshell' CREATED, '/home/runner/.cache/JetBrains/Kotlin/extract.cache/f6ae9b8207-OpenJDK21U-jdk_x64_linux_hotspot_21.0.12_8.tar.gz.4ffc7e.d/jdk-21.0.12+8/bin/jconsole' CREATED, '/home/runner/.cache/JetBrains/Kotlin/extract.cache/f6ae9b8207-OpenJDK21U-jdk_x64_linux_hotspot_21.0.12_8.tar.gz.4ffc7e.d/jdk-21.0.12+8/bin/jar' CREATED, '/home/runner/.cache/JetBrains/Kotlin/extract.cache/f6ae9b8207-OpenJDK21U-jdk_x64_linux_hotspot_21.0.12_8.tar.gz.4ffc7e.d/jdk-21.0.12+8/bin/jps' CREATED, '/home/runner/.cache/JetBrains/Kotlin/extract.cache/f6ae9b8207-OpenJDK21U-jdk_x64_linux_hotspot_21.0.12_8.tar.gz.4ffc7e.d/jdk-21.0.12+8/bin/jdeprscan' CREATED, '/home/runner/.cache/JetBrains/Kotlin/extract.cache/f6ae9b8207-OpenJDK21U-jdk_x64_linux_hotspot_21.0.12_8.tar.gz.4ffc7e.d/jdk-21.0.12+8/bin/jlink' CREATED, '/home/runner/.cache/JetBrains/Kotlin/extract.cache/f6ae9b8207-OpenJDK21U-jdk_x64_linux_hotspot_21.0.12_8.tar.gz.4ffc7e.d/jdk-21.0.12+8/bin/jmod' CREATED, '/home/runner/.cache/JetBrains/Kotlin/extract.cache/f6ae9b8207-OpenJDK21U-jdk_x64_linux_hotspot_21.0.12_8.tar.gz.4ffc7e.d/jdk-21.0.12+8/bin/serialver' CREATED, '/home/runner/.cache/JetBrains/Kotlin/extract.cache/f6ae9b8207-OpenJDK21U-jdk_x64_linux_hotspot_21.0.12_8.tar.gz.4ffc7e.d/jdk-21.0.12+8/bin/jstack' CREATED, '/home/runner/.cache/JetBrains/Kotlin/extract.cache/f6ae9b8207-OpenJDK21U-jdk_x64_linux_hotspot_21.0.12_8.tar.gz.4ffc7e.d/jdk-21.0.12+8/bin/jfr' CREATED, '/home/runner/.cache/JetBrains/Kotlin/extract.cache/f6ae9b8207-OpenJDK21U-jdk_x64_linux_hotspot_21.0.12_8.tar.gz.4ffc7e.d/jdk-21.0.12+8/bin/javac' CREATED, '/home/runner/.cache/JetBrains/Kotlin/extract.cache/f6ae9b8207-OpenJDK21U-jdk_x64_linux_hotspot_21.0.12_8.tar.gz.4ffc7e.d/jdk-21.0.12+8/bin/jhsdb' CREATED, '/home/runner/.cache/JetBrains/Kotlin/extract.cache/f6ae9b8207-OpenJDK21U-jdk_x64_linux_hotspot_21.0.12_8.tar.gz.4ffc7e.d/jdk-21.0.12+8/bin/jrunscript' CREATED, '/home/runner/.cache/JetBrains/Kotlin/extract.cache/f6ae9b8207-OpenJDK21U-jdk_x64_linux_hotspot_21.0.12_8.tar.gz.4ffc7e.d/jdk-21.0.12+8/bin/jinfo' CREATED, '/home/runner/.cache/JetBrains/Kotlin/extract.cache/f6ae9b8207-OpenJDK21U-jdk_x64_linux_hotspot_21.0.12_8.tar.gz.4ffc7e.d/jdk-21.0.12+8/bin/jdb' CREATED, '/home/runner/.cache/JetBrains/Kotlin/extract.cache/f6ae9b8207-OpenJDK21U-jdk_x64_linux_hotspot_21.0.12_8.tar.gz.4ffc7e.d/jdk-21.0.12+8/bin/javap' CREATED, '/home/runner/.cache/JetBrains/Kotlin/extract.cache/f6ae9b8207-OpenJDK21U-jdk_x64_linux_hotspot_21.0.12_8.tar.gz.4ffc7e.d/jdk-21.0.12+8/bin/jdeps' CREATED, '/home/runner/.cache/JetBrains/Kotlin/extract.cache/f6ae9b8207-OpenJDK21U-jdk_x64_linux_hotspot_21.0.12_8.tar.gz.4ffc7e.d/jdk-21.0.12+8/bin/jmap' CREATED, '/home/runner/.cache/JetBrains/Kotlin/extract.cache/f6ae9b8207-OpenJDK21U-jdk_x64_linux_hotspot_21.0.12_8.tar.gz.4ffc7e.d/jdk-21.0.12+8/bin/jcmd' CREATED, '/home/runner/.cache/JetBrains/Kotlin/extract.cache/f6ae9b8207-OpenJDK21U-jdk_x64_linux_hotspot_21.0.12_8.tar.gz.4ffc7e.d/jdk-21.0.12+8/bin/jstatd' CREATED, '/home/runner/.cache/JetBrains/Kotlin/extract.cache/f6ae9b8207-OpenJDK21U-jdk_x64_linux_hotspot_21.0.12_8.tar.gz.4ffc7e.d/jdk-21.0.12+8/bin/rmiregistry' CREATED, '/home/runner/.cache/JetBrains/Kotlin/extract.cache/f6ae9b8207-OpenJDK21U-jdk_x64_linux_hotspot_21.0.12_8.tar.gz.4ffc7e.d/jdk-21.0.12+8/bin/java' CREATED, '/home/runner/.cache/JetBrains/Kotlin/extract.cache/f6ae9b8207-OpenJDK21U-jdk_x64_linux_hotspot_21.0.12_8.tar.gz.4ffc7e.d/jdk-21.0.12+8/bin/jstat' CREATED, '/home/runner/.cache/JetBrains/Kotlin/extract.cache/f6ae9b8207-OpenJDK21U-jdk_x64_linux_hotspot_21.0.12_8.tar.gz.4ffc7e.d/jdk-21.0.12+8/bin/jarsigner' CREATED, '/home/runner/.cache/JetBrains/Kotlin/extract.cache/f6ae9b8207-OpenJDK21U-jdk_x64_linux_hotspot_21.0.12_8.tar.gz.4ffc7e.d/jdk-21.0.12+8/bin/jpackage' CREATED, '/home/runner/.cache/JetBrains/Kotlin/extract.cache/f6ae9b8207-OpenJDK21U-jdk_x64_linux_hotspot_21.0.12_8.tar.gz.4ffc7e.d/jdk-21.0.12+8/bin/keytool' CREATED, '/home/runner/.cache/JetBrains/Kotlin/extract.cache/f6ae9b8207-OpenJDK21U-jdk_x64_linux_hotspot_21.0.12_8.tar.gz.4ffc7e.d/jdk-21.0.12+8/bin/jwebserver' CREATED, '/home/runner/.cache/JetBrains/Kotlin/extract.cache/f6ae9b8207-OpenJDK21U-jdk_x64_linux_hotspot_21.0.12_8.tar.gz.4ffc7e.d/jdk-21.0.12+8/bin/javadoc' CREATED, '/home/runner/.cache/JetBrains/Kotlin/extract.cache/f6ae9b8207-OpenJDK21U-jdk_x64_linux_hotspot_21.0.12_8.tar.gz.4ffc7e.d/jdk-21.0.12+8/bin/jimage' CREATED, '/home/runner/.cache/JetBrains/Kotlin/extract.cache/f6ae9b8207-OpenJDK21U-jdk_x64_linux_hotspot_21.0.12_8.tar.gz.4ffc7e.d/jdk-21.0.12+8/include/jni.h' CREATED, '/home/runner/.cache/JetBrains/Kotlin/extract.cache/f6ae9b8207-OpenJDK21U-jdk_x64_linux_hotspot_21.0.12_8.tar.gz.4ffc7e.d/jdk-21.0.12+8/include/jawt.h' CREATED, '/home/runner/.cache/JetBrains/Kotlin/extract.cache/f6ae9b8207-OpenJDK21U-jdk_x64_linux_hotspot_21.0.12_8.tar.gz.4ffc7e.d/jdk-21.0.12+8/include/classfile_constants.h' CREATED, '/home/runner/.cache/JetBrains/Kotlin/extract.cache/f6ae9b8207-OpenJDK21U-jdk_x64_linux_hotspot_21.0.12_8.tar.gz.4ffc7e.d/jdk-21.0.12+8/include/linux/jni_md.h' CREATED, '/home/runner/.cache/JetBrains/Kotlin/extract.cache/f6ae9b8207-OpenJDK21U-jdk_x64_linux_hotspot_21.0.12_8.tar.gz.4ffc7e.d/jdk-21.0.12+8/include/linux/jawt_md.h' CREATED, '/home/runner/.cache/JetBrains/Kotlin/extract.cache/f6ae9b8207-OpenJDK21U-jdk_x64_linux_hotspot_21.0.12_8.tar.gz.4ffc7e.d/jdk-21.0.12+8/include/jvmti.h' CREATED, '/home/runner/.cache/JetBrains/Kotlin/extract.cache/f6ae9b8207-OpenJDK21U-jdk_x64_linux_hotspot_21.0.12_8.tar.gz.4ffc7e.d/jdk-21.0.12+8/include/jdwpTransport.h' CREATED, '/home/runner/.cache/JetBrains/Kotlin/extract.cache/f6ae9b8207-OpenJDK21U-jdk_x64_linux_hotspot_21.0.12_8.tar.gz.4ffc7e.d/jdk-21.0.12+8/include/jvmticmlr.h' CREATED, '/home/runner/.cache/JetBrains/Kotlin/extract.cache/f6ae9b8207-OpenJDK21U-jdk_x64_linux_hotspot_21.0.12_8.tar.gz.4ffc7e.d/jdk-21.0.12+8/jmods/jdk.internal.vm.compiler.jmod' CREATED, '/home/runner/.cache/JetBrains/Kotlin/extract.cache/f6ae9b8207-OpenJDK21U-jdk_x64_linux_hotspot_21.0.12_8.tar.gz.4ffc7e.d/jdk-21.0.12+8/jmods/jdk.charsets.jmod' CREATED, '/home/runner/.cache/JetBrains/Kotlin/extract.cache/f6ae9b8207-OpenJDK21U-jdk_x64_linux_hotspot_21.0.12_8.tar.gz.4ffc7e.d/jdk-21.0.12+8/jmods/jdk.jsobject.jmod' CREATED, '/home/runner/.cache/JetBrains/Kotlin/extract.cache/f6ae9b8207-OpenJDK21U-jdk_x64_linux_hotspot_21.0.12_8.tar.gz.4ffc7e.d/jdk-21.0.12+8/jmods/java.compiler.jmod' CREATED, '/home/runner/.cache/JetBrains/Kotlin/extract.cache/f6ae9b8207-OpenJDK21U-jdk_x64_linux_hotspot_21.0.12_8.tar.gz.4ffc7e.d/jdk-21.0.12+8/jmods/jdk.security.auth.jmod' CREATED, '/home/runner/.cache/JetBrains/Kotlin/extract.cache/f6ae9b8207-OpenJDK21U-jdk_x64_linux_hotspot_21.0.12_8.tar.gz.4ffc7e.d/jdk-21.0.12+8/jmods/jdk.random.jmod' CREATED, '/home/runner/.cache/JetBrains/Kotlin/extract.cache/f6ae9b8207-OpenJDK21U-jdk_x64_linux_hotspot_21.0.12_8.tar.gz.4ffc7e.d/jdk-21.0.12+8/jmods/jdk.sctp.jmod' CREATED, '/home/runner/.cache/JetBrains/Kotlin/extract.cache/f6ae9b8207-OpenJDK21U-jdk_x64_linux_hotspot_21.0.12_8.tar.gz.4ffc7e.d/jdk-21.0.12+8/jmods/jdk.internal.jvmstat.jmod' CREATED, '/home/runner/.cache/JetBrains/Kotlin/extract.cache/f6ae9b8207-OpenJDK21U-jdk_x64_linux_hotspot_21.0.12_8.tar.gz.4ffc7e.d/jdk-21.0.12+8/jmods/jdk.jartool.jmod' CREATED, '/home/runner/.cache/JetBrains/Kotlin/extract.cache/f6ae9b8207-OpenJDK21U-jdk_x64_linux_hotspot_21.0.12_8.tar.gz.4ffc7e.d/jdk-21.0.12+8/jmods/jdk.incubator.vector.jmod' CREATED, '/home/runner/.cache/JetBrains/Kotlin/extract.cache/f6ae9b8207-OpenJDK21U-jdk_x64_linux_hotspot_21.0.12_8.tar.gz.4ffc7e.d/jdk-21.0.12+8/jmods/jdk.jcmd.jmod' CREATED, '/home/runner/.cache/JetBrains/Kotlin/extract.cache/f6ae9b8207-OpenJDK21U-jdk_x64_linux_hotspot_21.0.12_8.tar.gz.4ffc7e.d/jdk-21.0.12+8/jmods/jdk.crypto.ec.jmod' CREATED, '/home/runner/.cache/JetBrains/Kotlin/extract.cache/f6ae9b8207-OpenJDK21U-jdk_x64_linux_hotspot_21.0.12_8.tar.gz.4ffc7e.d/jdk-21.0.12+8/jmods/jdk.jdi.jmod' CREATED, '/home/runner/.cache/JetBrains/Kotlin/extract.cache/f6ae9b8207-OpenJDK21U-jdk_x64_linux_hotspot_21.0.12_8.tar.gz.4ffc7e.d/jdk-21.0.12+8/jmods/jdk.jstatd.jmod' CREATED, '/home/runner/.cache/JetBrains/Kotlin/extract.cache/f6ae9b8207-OpenJDK21U-jdk_x64_linux_hotspot_21.0.12_8.tar.gz.4ffc7e.d/jdk-21.0.12+8/jmods/java.desktop.jmod' CREATED, '/home/runner/.cache/JetBrains/Kotlin/extract.cache/f6ae9b8207-OpenJDK21U-jdk_x64_linux_hotspot_21.0.12_8.tar.gz.4ffc7e.d/jdk-21.0.12+8/jmods/jdk.internal.le.jmod' CREATED, '/home/runner/.cache/JetBrains/Kotlin/extract.cache/f6ae9b8207-OpenJDK21U-jdk_x64_linux_hotspot_21.0.12_8.tar.gz.4ffc7e.d/jdk-21.0.12+8/jmods/java.net.http.jmod' CREATED, '/home/runner/.cache/JetBrains/Kotlin/extract.cache/f6ae9b8207-OpenJDK21U-jdk_x64_linux_hotspot_21.0.12_8.tar.gz.4ffc7e.d/jdk-21.0.12+8/jmods/jdk.httpserver.jmod' CREATED, '/home/runner/.cache/JetBrains/Kotlin/extract.cache/f6ae9b8207-OpenJDK21U-jdk_x64_linux_hotspot_21.0.12_8.tar.gz.4ffc7e.d/jdk-21.0.12+8/jmods/java.xml.jmod' CREATED, '/home/runner/.cache/JetBrains/Kotlin/extract.cache/f6ae9b8207-OpenJDK21U-jdk_x64_linux_hotspot_21.0.12_8.tar.gz.4ffc7e.d/jdk-21.0.12+8/jmods/java.datatransfer.jmod' CREATED, '/home/runner/.cache/JetBrains/Kotlin/extract.cache/f6ae9b8207-OpenJDK21U-jdk_x64_linux_hotspot_21.0.12_8.tar.gz.4ffc7e.d/jdk-21.0.12+8/jmods/jdk.internal.vm.compiler.management.jmod' CREATED, '/home/runner/.cache/JetBrains/Kotlin/extract.cache/f6ae9b8207-OpenJDK21U-jdk_x64_linux_hotspot_21.0.12_8.tar.gz.4ffc7e.d/jdk-21.0.12+8/jmods/java.sql.jmod' CREATED, '/home/runner/.cache/JetBrains/Kotlin/extract.cache/f6ae9b8207-OpenJDK21U-jdk_x64_linux_hotspot_21.0.12_8.tar.gz.4ffc7e.d/jdk-21.0.12+8/jmods/jdk.management.agent.jmod' CREATED, '/home/runner/.cache/JetBrains/Kotlin/extract.cache/f6ae9b8207-OpenJDK21U-jdk_x64_linux_hotspot_21.0.12_8.tar.gz.4ffc7e.d/jdk-21.0.12+8/jmods/jdk.jfr.jmod' CREATED, '/home/runner/.cache/JetBrains/Kotlin/extract.cache/f6ae9b8207-OpenJDK21U-jdk_x64_linux_hotspot_21.0.12_8.tar.gz.4ffc7e.d/jdk-21.0.12+8/jmods/jdk.jlink.jmod' CREATED, '/home/runner/.cache/JetBrains/Kotlin/extract.cache/f6ae9b8207-OpenJDK21U-jdk_x64_linux_hotspot_21.0.12_8.tar.gz.4ffc7e.d/jdk-21.0.12+8/jmods/jdk.nio.mapmode.jmod' CREATED, '/home/runner/.cache/JetBrains/Kotlin/extract.cache/f6ae9b8207-OpenJDK21U-jdk_x64_linux_hotspot_21.0.12_8.tar.gz.4ffc7e.d/jdk-21.0.12+8/jmods/java.logging.jmod' CREATED, '/home/runner/.cache/JetBrains/Kotlin/extract.cache/f6ae9b8207-OpenJDK21U-jdk_x64_linux_hotspot_21.0.12_8.tar.gz.4ffc7e.d/jdk-21.0.12+8/jmods/jdk.management.jfr.jmod' CREATED, '/home/runner/.cache/JetBrains/Kotlin/extract.cache/f6ae9b8207-OpenJDK21U-jdk_x64_linux_hotspot_21.0.12_8.tar.gz.4ffc7e.d/jdk-21.0.12+8/jmods/java.security.sasl.jmod' CREATED, '/home/runner/.cache/JetBrains/Kotlin/extract.cache/f6ae9b8207-OpenJDK21U-jdk_x64_linux_hotspot_21.0.12_8.tar.gz.4ffc7e.d/jdk-21.0.12+8/jmods/jdk.localedata.jmod' CREATED, '/home/runner/.cache/JetBrains/Kotlin/extract.cache/f6ae9b8207-OpenJDK21U-jdk_x64_linux_hotspot_21.0.12_8.tar.gz.4ffc7e.d/jdk-21.0.12+8/jmods/jdk.naming.rmi.jmod' CREATED, '/home/runner/.cache/JetBrains/Kotlin/extract.cache/f6ae9b8207-OpenJDK21U-jdk_x64_linux_hotspot_21.0.12_8.tar.gz.4ffc7e.d/jdk-21.0.12+8/jmods/java.se.jmod' CREATED, '/home/runner/.cache/JetBrains/Kotlin/extract.cache/f6ae9b8207-OpenJDK21U-jdk_x64_linux_hotspot_21.0.12_8.tar.gz.4ffc7e.d/jdk-21.0.12+8/jmods/jdk.crypto.cryptoki.jmod' CREATED, '/home/runner/.cache/JetBrains/Kotlin/extract.cache/f6ae9b8207-OpenJDK21U-jdk_x64_linux_hotspot_21.0.12_8.tar.gz.4ffc7e.d/jdk-21.0.12+8/jmods/java.prefs.jmod' CREATED, '/home/runner/.cache/JetBrains/Kotlin/extract.cache/f6ae9b8207-OpenJDK21U-jdk_x64_linux_hotspot_21.0.12_8.tar.gz.4ffc7e.d/jdk-21.0.12+8/jmods/java.transaction.xa.jmod' CREATED, '/home/runner/.cache/JetBrains/Kotlin/extract.cache/f6ae9b8207-OpenJDK21U-jdk_x64_linux_hotspot_21.0.12_8.tar.gz.4ffc7e.d/jdk-21.0.12+8/jmods/jdk.net.jmod' CREATED, '/home/runner/.cache/JetBrains/Kotlin/extract.cache/f6ae9b8207-OpenJDK21U-jdk_x64_linux_hotspot_21.0.12_8.tar.gz.4ffc7e.d/jdk-21.0.12+8/jmods/java.instrument.jmod' CREATED, '/home/runner/.cache/JetBrains/Kotlin/extract.cache/f6ae9b8207-OpenJDK21U-jdk_x64_linux_hotspot_21.0.12_8.tar.gz.4ffc7e.d/jdk-21.0.12+8/jmods/jdk.editpad.jmod' CREATED, '/home/runner/.cache/JetBrains/Kotlin/extract.cache/f6ae9b8207-OpenJDK21U-jdk_x64_linux_hotspot_21.0.12_8.tar.gz.4ffc7e.d/jdk-21.0.12+8/jmods/jdk.internal.opt.jmod' CREATED, '/home/runner/.cache/JetBrains/Kotlin/extract.cache/f6ae9b8207-OpenJDK21U-jdk_x64_linux_hotspot_21.0.12_8.tar.gz.4ffc7e.d/jdk-21.0.12+8/jmods/jdk.jshell.jmod' CREATED, '/home/runner/.cache/JetBrains/Kotlin/extract.cache/f6ae9b8207-OpenJDK21U-jdk_x64_linux_hotspot_21.0.12_8.tar.gz.4ffc7e.d/jdk-21.0.12+8/jmods/java.sql.rowset.jmod' CREATED, '/home/runner/.cache/JetBrains/Kotlin/extract.cache/f6ae9b8207-OpenJDK21U-jdk_x64_linux_hotspot_21.0.12_8.tar.gz.4ffc7e.d/jdk-21.0.12+8/jmods/jdk.jdwp.agent.jmod' CREATED, '/home/runner/.cache/JetBrains/Kotlin/extract.cache/f6ae9b8207-OpenJDK21U-jdk_x64_linux_hotspot_21.0.12_8.tar.gz.4ffc7e.d/jdk-21.0.12+8/jmods/java.naming.jmod' CREATED, '/home/runner/.cache/JetBrains/Kotlin/extract.cache/f6ae9b8207-OpenJDK21U-jdk_x64_linux_hotspot_21.0.12_8.tar.gz.4ffc7e.d/jdk-21.0.12+8/jmods/java.xml.crypto.jmod' CREATED, '/home/runner/.cache/JetBrains/Kotlin/extract.cache/f6ae9b8207-OpenJDK21U-jdk_x64_linux_hotspot_21.0.12_8.tar.gz.4ffc7e.d/jdk-21.0.12+8/jmods/jdk.security.jgss.jmod' CREATED, '/home/runner/.cache/JetBrains/Kotlin/extract.cache/f6ae9b8207-OpenJDK21U-jdk_x64_linux_hotspot_21.0.12_8.tar.gz.4ffc7e.d/jdk-21.0.12+8/jmods/java.management.rmi.jmod' CREATED, '/home/runner/.cache/JetBrains/Kotlin/extract.cache/f6ae9b8207-OpenJDK21U-jdk_x64_linux_hotspot_21.0.12_8.tar.gz.4ffc7e.d/jdk-21.0.12+8/jmods/jdk.dynalink.jmod' CREATED, '/home/runner/.cache/JetBrains/Kotlin/extract.cache/f6ae9b8207-OpenJDK21U-jdk_x64_linux_hotspot_21.0.12_8.tar.gz.4ffc7e.d/jdk-21.0.12+8/jmods/jdk.accessibility.jmod' CREATED, '/home/runner/.cache/JetBrains/Kotlin/extract.cache/f6ae9b8207-OpenJDK21U-jdk_x64_linux_hotspot_21.0.12_8.tar.gz.4ffc7e.d/jdk-21.0.12+8/jmods/java.base.jmod' CREATED, '/home/runner/.cache/JetBrains/Kotlin/extract.cache/f6ae9b8207-OpenJDK21U-jdk_x64_linux_hotspot_21.0.12_8.tar.gz.4ffc7e.d/jdk-21.0.12+8/jmods/jdk.jconsole.jmod' CREATED, '/home/runner/.cache/JetBrains/Kotlin/extract.cache/f6ae9b8207-OpenJDK21U-jdk_x64_linux_hotspot_21.0.12_8.tar.gz.4ffc7e.d/jdk-21.0.12+8/jmods/jdk.unsupported.desktop.jmod' CREATED, '/home/runner/.cache/JetBrains/Kotlin/extract.cache/f6ae9b8207-OpenJDK21U-jdk_x64_linux_hotspot_21.0.12_8.tar.gz.4ffc7e.d/jdk-21.0.12+8/jmods/java.security.jgss.jmod' CREATED, '/home/runner/.cache/JetBrains/Kotlin/extract.cache/f6ae9b8207-OpenJDK21U-jdk_x64_linux_hotspot_21.0.12_8.tar.gz.4ffc7e.d/jdk-21.0.12+8/jmods/java.management.jmod' CREATED, '/home/runner/.cache/JetBrains/Kotlin/extract.cache/f6ae9b8207-OpenJDK21U-jdk_x64_linux_hotspot_21.0.12_8.tar.gz.4ffc7e.d/jdk-21.0.12+8/jmods/jdk.internal.ed.jmod' CREATED, '/home/runner/.cache/JetBrains/Kotlin/extract.cache/f6ae9b8207-OpenJDK21U-jdk_x64_linux_hotspot_21.0.12_8.tar.gz.4ffc7e.d/jdk-21.0.12+8/jmods/java.smartcardio.jmod' CREATED, '/home/runner/.cache/JetBrains/Kotlin/extract.cache/f6ae9b8207-OpenJDK21U-jdk_x64_linux_hotspot_21.0.12_8.tar.gz.4ffc7e.d/jdk-21.0.12+8/jmods/jdk.naming.dns.jmod' CREATED, '/home/runner/.cache/JetBrains/Kotlin/extract.cache/f6ae9b8207-OpenJDK21U-jdk_x64_linux_hotspot_21.0.12_8.tar.gz.4ffc7e.d/jdk-21.0.12+8/jmods/jdk.unsupported.jmod' CREATED, '/home/runner/.cache/JetBrains/Kotlin/extract.cache/f6ae9b8207-OpenJDK21U-jdk_x64_linux_hotspot_21.0.12_8.tar.gz.4ffc7e.d/jdk-21.0.12+8/jmods/jdk.management.jmod' CREATED, '/home/runner/.cache/JetBrains/Kotlin/extract.cache/f6ae9b8207-OpenJDK21U-jdk_x64_linux_hotspot_21.0.12_8.tar.gz.4ffc7e.d/jdk-21.0.12+8/jmods/jdk.zipfs.jmod' CREATED, '/home/runner/.cache/JetBrains/Kotlin/extract.cache/f6ae9b8207-OpenJDK21U-jdk_x64_linux_hotspot_21.0.12_8.tar.gz.4ffc7e.d/jdk-21.0.12+8/jmods/jdk.javadoc.jmod' CREATED, '/home/runner/.cache/JetBrains/Kotlin/extract.cache/f6ae9b8207-OpenJDK21U-jdk_x64_linux_hotspot_21.0.12_8.tar.gz.4ffc7e.d/jdk-21.0.12+8/jmods/jdk.attach.jmod' CREATED, '/home/runner/.cache/JetBrains/Kotlin/extract.cache/f6ae9b8207-OpenJDK21U-jdk_x64_linux_hotspot_21.0.12_8.tar.gz.4ffc7e.d/jdk-21.0.12+8/jmods/jdk.compiler.jmod' CREATED, '/home/runner/.cache/JetBrains/Kotlin/extract.cache/f6ae9b8207-OpenJDK21U-jdk_x64_linux_hotspot_21.0.12_8.tar.gz.4ffc7e.d/jdk-21.0.12+8/jmods/jdk.xml.dom.jmod' CREATED, '/home/runner/.cache/JetBrains/Kotlin/extract.cache/f6ae9b8207-OpenJDK21U-jdk_x64_linux_hotspot_21.0.12_8.tar.gz.4ffc7e.d/jdk-21.0.12+8/jmods/jdk.hotspot.agent.jmod' CREATED, '/home/runner/.cache/JetBrains/Kotlin/extract.cache/f6ae9b8207-OpenJDK21U-jdk_x64_linux_hotspot_21.0.12_8.tar.gz.4ffc7e.d/jdk-21.0.12+8/jmods/java.scripting.jmod' CREATED, '/home/runner/.cache/JetBrains/Kotlin/extract.cache/f6ae9b8207-OpenJDK21U-jdk_x64_linux_hotspot_21.0.12_8.tar.gz.4ffc7e.d/jdk-21.0.12+8/jmods/jdk.jpackage.jmod' CREATED, '/home/runner/.cache/JetBrains/Kotlin/extract.cache/f6ae9b8207-OpenJDK21U-jdk_x64_linux_hotspot_21.0.12_8.tar.gz.4ffc7e.d/jdk-21.0.12+8/jmods/java.rmi.jmod' CREATED, '/home/runner/.cache/JetBrains/Kotlin/extract.cache/f6ae9b8207-OpenJDK21U-jdk_x64_linux_hotspot_21.0.12_8.tar.gz.4ffc7e.d/jdk-21.0.12+8/jmods/jdk.internal.vm.ci.jmod' CREATED, '/home/runner/.cache/JetBrains/Kotlin/extract.cache/f6ae9b8207-OpenJDK21U-jdk_x64_linux_hotspot_21.0.12_8.tar.gz.4ffc7e.d/jdk-21.0.12+8/jmods/jdk.jdeps.jmod' CREATED, '/home/runner/.cache/JetBrains/Kotlin/extract.cache/f6ae9b8207-OpenJDK21U-jdk_x64_linux_hotspot_21.0.12_8.tar.gz.4ffc7e.d/jdk-21.0.12+8/conf/logging.properties' CREATED, '/home/runner/.cache/JetBrains/Kotlin/extract.cache/f6ae9b8207-OpenJDK21U-jdk_x64_linux_hotspot_21.0.12_8.tar.gz.4ffc7e.d/jdk-21.0.12+8/conf/management/jmxremote.access' CREATED, '/home/runner/.cache/JetBrains/Kotlin/extract.cache/f6ae9b8207-OpenJDK21U-jdk_x64_linux_hotspot_21.0.12_8.tar.gz.4ffc7e.d/jdk-21.0.12+8/conf/management/management.properties' CREATED, '/home/runner/.cache/JetBrains/Kotlin/extract.cache/f6ae9b8207-OpenJDK21U-jdk_x64_linux_hotspot_21.0.12_8.tar.gz.4ffc7e.d/jdk-21.0.12+8/conf/management/jmxremote.password.template' CREATED, '/home/runner/.cache/JetBrains/Kotlin/extract.cache/f6ae9b8207-OpenJDK21U-jdk_x64_linux_hotspot_21.0.12_8.tar.gz.4ffc7e.d/jdk-21.0.12+8/conf/sound.properties' CREATED, '/home/runner/.cache/JetBrains/Kotlin/extract.cache/f6ae9b8207-OpenJDK21U-jdk_x64_linux_hotspot_21.0.12_8.tar.gz.4ffc7e.d/jdk-21.0.12+8/conf/security/java.security' CREATED, '/home/runner/.cache/JetBrains/Kotlin/extract.cache/f6ae9b8207-OpenJDK21U-jdk_x64_linux_hotspot_21.0.12_8.tar.gz.4ffc7e.d/jdk-21.0.12+8/conf/security/policy/unlimited/default_local.policy' CREATED, '/home/runner/.cache/JetBrains/Kotlin/extract.cache/f6ae9b8207-OpenJDK21U-jdk_x64_linux_hotspot_21.0.12_8.tar.gz.4ffc7e.d/jdk-21.0.12+8/conf/security/policy/unlimited/default_US_export.policy' CREATED, '/home/runner/.cache/JetBrains/Kotlin/extract.cache/f6ae9b8207-OpenJDK21U-jdk_x64_linux_hotspot_21.0.12_8.tar.gz.4ffc7e.d/jdk-21.0.12+8/conf/security/policy/README.txt' CREATED, '/home/runner/.cache/JetBrains/Kotlin/extract.cache/f6ae9b8207-OpenJDK21U-jdk_x64_linux_hotspot_21.0.12_8.tar.gz.4ffc7e.d/jdk-21.0.12+8/conf/security/policy/limited/exempt_local.policy' CREATED, '/home/runner/.cache/JetBrains/Kotlin/extract.cache/f6ae9b8207-OpenJDK21U-jdk_x64_linux_hotspot_21.0.12_8.tar.gz.4ffc7e.d/jdk-21.0.12+8/conf/security/policy/limited/default_local.policy' CREATED, '/home/runner/.cache/JetBrains/Kotlin/extract.cache/f6ae9b8207-OpenJDK21U-jdk_x64_linux_hotspot_21.0.12_8.tar.gz.4ffc7e.d/jdk-21.0.12+8/conf/security/policy/limited/default_US_export.policy' CREATED, '/home/runner/.cache/JetBrains/Kotlin/extract.cache/f6ae9b8207-OpenJDK21U-jdk_x64_linux_hotspot_21.0.12_8.tar.gz.4ffc7e.d/jdk-21.0.12+8/conf/security/java.policy' CREATED, '/home/runner/.cache/JetBrains/Kotlin/extract.cache/f6ae9b8207-OpenJDK21U-jdk_x64_linux_hotspot_21.0.12_8.tar.gz.4ffc7e.d/jdk-21.0.12+8/conf/jaxp.properties' CREATED, '/home/runner/.cache/JetBrains/Kotlin/extract.cache/f6ae9b8207-OpenJDK21U-jdk_x64_linux_hotspot_21.0.12_8.tar.gz.4ffc7e.d/jdk-21.0.12+8/conf/net.properties' CREATED, '/home/runner/.cache/JetBrains/Kotlin/extract.cache/f6ae9b8207-OpenJDK21U-jdk_x64_linux_hotspot_21.0.12_8.tar.gz.4ffc7e.d/jdk-21.0.12+8/conf/sdp/sdp.conf.template' CREATED
00:15.813 DEBUG :portfolio-in-compose-multiplatform:compileWasmJs StateKt                   [inc] state file is missing or empty at '/home/runner/work/portfolio-in-compose-multiplatform/portfolio-in-compose-multiplatform/build/incremental.state/_portfolio-in-compose-multiplatform_compileWasmJs-bc8edca758' -> cache miss
00:15.813 DEBUG :portfolio-in-compose-multiplatform:compileWasmJs IncrementalCache          [inc] building ':portfolio-in-compose-multiplatform:compileWasmJs'
00:15.817 INFO  :portfolio-in-compose-multiplatform:compileWasmJs Slf4jExtensionsKt         Compiling module 'portfolio-in-compose-multiplatform' for platform 'wasmJs'...
00:15.818 DEBUG :portfolio-in-compose-multiplatform:compileWasmJs StateKt                   [inc] state file is missing or empty at '/home/runner/work/portfolio-in-compose-multiplatform/portfolio-in-compose-multiplatform/build/incremental.state/resolve-org.jetbrains.kotlin-kotlin-compiler-embed-a46a77a16d' -> cache miss
00:15.818 DEBUG :portfolio-in-compose-multiplatform:compileWasmJs IncrementalCache          [inc] building 'resolve-org.jetbrains.kotlin-kotlin-compiler-embeddable-2.3.21'
00:15.865 DEBUG :portfolio-in-compose-multiplatform:compileWasmJs DependencyFileImpl        Not found URL: https://repo1.maven.org/maven2/org/jetbrains/kotlin/kotlin-compiler-embeddable/2.3.21/kotlin-compiler-embeddable-2.3.21.pom.sha512
00:16.436 DEBUG :portfolio-in-compose-multiplatform:compileWasmJs DependencyFileImpl        Not found URL: https://packages.jetbrains.team/maven/p/kt/bootstrap/org/jetbrains/kotlin/kotlin-compiler-embeddable/2.3.21/kotlin-compiler-embeddable-2.3.21.pom.sha512
00:16.517 DEBUG :portfolio-in-compose-multiplatform:compileWasmJs DependencyFileImpl        Not found URL: https://repo1.maven.org/maven2/org/jetbrains/kotlin/kotlin-compiler-embeddable/2.3.21/kotlin-compiler-embeddable-2.3.21.pom.sha256
00:16.664 DEBUG :portfolio-in-compose-multiplatform:compileWasmJs DependencyFileImpl        Not found URL: https://packages.jetbrains.team/maven/p/kt/bootstrap/org/jetbrains/kotlin/kotlin-compiler-embeddable/2.3.21/kotlin-compiler-embeddable-2.3.21.pom.sha256
00:16.679 DEBUG :portfolio-in-compose-multiplatform:compileWasmJs DependencyFileImpl        Downloaded https://repo1.maven.org/maven2/org/jetbrains/kotlin/kotlin-compiler-embeddable/2.3.21/kotlin-compiler-embeddable-2.3.21.pom.sha1 for the dependency org.jetbrains.kotlin:kotlin-compiler-embeddable:2.3.21
00:16.695 DEBUG :portfolio-in-compose-multiplatform:compileWasmJs DependencyFileImpl        Downloaded https://repo1.maven.org/maven2/org/jetbrains/kotlin/kotlin-compiler-embeddable/2.3.21/kotlin-compiler-embeddable-2.3.21.pom for the dependency org.jetbrains.kotlin:kotlin-compiler-embeddable:2.3.21
00:16.732 DEBUG :portfolio-in-compose-multiplatform:compileWasmJs DependencyFileImpl        Downloaded https://repo1.maven.org/maven2/org/jetbrains/kotlinx/kotlinx-coroutines-core-jvm/1.8.0/kotlinx-coroutines-core-jvm-1.8.0.pom.sha512 for the dependency org.jetbrains.kotlinx:kotlinx-coroutines-core-jvm:1.8.0
00:16.747 DEBUG :portfolio-in-compose-multiplatform:compileWasmJs DependencyFileImpl        Downloaded https://repo1.maven.org/maven2/org/jetbrains/kotlinx/kotlinx-coroutines-core-jvm/1.8.0/kotlinx-coroutines-core-jvm-1.8.0.pom for the dependency org.jetbrains.kotlinx:kotlinx-coroutines-core-jvm:1.8.0
00:16.755 DEBUG :portfolio-in-compose-multiplatform:compileWasmJs DependencyFileImpl        Not found URL: https://repo1.maven.org/maven2/org/jetbrains/kotlin/kotlin-reflect/1.6.10/kotlin-reflect-1.6.10.pom.sha512
00:16.755 DEBUG :portfolio-in-compose-multiplatform:compileWasmJs DependencyFileImpl        Not found URL: https://repo1.maven.org/maven2/org/jetbrains/kotlin/kotlin-script-runtime/2.3.21/kotlin-script-runtime-2.3.21.pom.sha512
00:16.756 DEBUG :portfolio-in-compose-multiplatform:compileWasmJs DependencyFileImpl        Not found URL: https://repo1.maven.org/maven2/org/jetbrains/kotlin/kotlin-daemon-embeddable/2.3.21/kotlin-daemon-embeddable-2.3.21.pom.sha512
00:16.757 DEBUG :portfolio-in-compose-multiplatform:compileWasmJs DependencyFileImpl        Not found URL: https://repo1.maven.org/maven2/org/jetbrains/annotations/13.0/annotations-13.0.pom.sha512
00:16.761 DEBUG :portfolio-in-compose-multiplatform:compileWasmJs DependencyFileImpl        Downloaded https://repo1.maven.org/maven2/org/jetbrains/kotlinx/kotlinx-coroutines-core-jvm/1.8.0/kotlinx-coroutines-core-jvm-1.8.0.module.sha512 for the dependency org.jetbrains.kotlinx:kotlinx-coroutines-core-jvm:1.8.0
00:16.774 DEBUG :portfolio-in-compose-multiplatform:compileWasmJs DependencyFileImpl        Downloaded https://repo1.maven.org/maven2/org/jetbrains/kotlinx/kotlinx-coroutines-core-jvm/1.8.0/kotlinx-coroutines-core-jvm-1.8.0.module for the dependency org.jetbrains.kotlinx:kotlinx-coroutines-core-jvm:1.8.0
00:16.796 DEBUG :portfolio-in-compose-multiplatform:compileWasmJs DependencyFileImpl        Downloaded https://repo1.maven.org/maven2/org/jetbrains/kotlinx/kotlinx-coroutines-bom/1.8.0/kotlinx-coroutines-bom-1.8.0.pom.sha512 for the dependency org.jetbrains.kotlinx:kotlinx-coroutines-bom:1.8.0
00:16.810 DEBUG :portfolio-in-compose-multiplatform:compileWasmJs DependencyFileImpl        Downloaded https://repo1.maven.org/maven2/org/jetbrains/kotlinx/kotlinx-coroutines-bom/1.8.0/kotlinx-coroutines-bom-1.8.0.pom for the dependency org.jetbrains.kotlinx:kotlinx-coroutines-bom:1.8.0
00:16.899 DEBUG :portfolio-in-compose-multiplatform:compileWasmJs DependencyFileImpl        Not found URL: https://packages.jetbrains.team/maven/p/kt/bootstrap/org/jetbrains/kotlin/kotlin-reflect/1.6.10/kotlin-reflect-1.6.10.pom.sha512
00:16.900 DEBUG :portfolio-in-compose-multiplatform:compileWasmJs DependencyFileImpl        Not found URL: https://packages.jetbrains.team/maven/p/kt/bootstrap/org/jetbrains/kotlin/kotlin-script-runtime/2.3.21/kotlin-script-runtime-2.3.21.pom.sha512
00:16.901 DEBUG :portfolio-in-compose-multiplatform:compileWasmJs DependencyFileImpl        Not found URL: https://packages.jetbrains.team/maven/p/kt/bootstrap/org/jetbrains/kotlin/kotlin-daemon-embeddable/2.3.21/kotlin-daemon-embeddable-2.3.21.pom.sha512
00:16.937 DEBUG :portfolio-in-compose-multiplatform:compileWasmJs DependencyFileImpl        Not found URL: https://repo1.maven.org/maven2/org/jetbrains/kotlin/kotlin-daemon-embeddable/2.3.21/kotlin-daemon-embeddable-2.3.21.pom.sha256
00:16.938 DEBUG :portfolio-in-compose-multiplatform:compileWasmJs DependencyFileImpl        Not found URL: https://repo1.maven.org/maven2/org/jetbrains/kotlin/kotlin-script-runtime/2.3.21/kotlin-script-runtime-2.3.21.pom.sha256
00:16.938 DEBUG :portfolio-in-compose-multiplatform:compileWasmJs DependencyFileImpl        Not found URL: https://repo1.maven.org/maven2/org/jetbrains/kotlin/kotlin-reflect/1.6.10/kotlin-reflect-1.6.10.pom.sha256
00:17.082 DEBUG :portfolio-in-compose-multiplatform:compileWasmJs DependencyFileImpl        Not found URL: https://packages.jetbrains.team/maven/p/kt/bootstrap/org/jetbrains/kotlin/kotlin-script-runtime/2.3.21/kotlin-script-runtime-2.3.21.pom.sha256
00:17.084 DEBUG :portfolio-in-compose-multiplatform:compileWasmJs DependencyFileImpl        Not found URL: https://packages.jetbrains.team/maven/p/kt/bootstrap/org/jetbrains/kotlin/kotlin-reflect/1.6.10/kotlin-reflect-1.6.10.pom.sha256
00:17.085 DEBUG :portfolio-in-compose-multiplatform:compileWasmJs DependencyFileImpl        Not found URL: https://packages.jetbrains.team/maven/p/kt/bootstrap/org/jetbrains/kotlin/kotlin-daemon-embeddable/2.3.21/kotlin-daemon-embeddable-2.3.21.pom.sha256
00:17.097 DEBUG :portfolio-in-compose-multiplatform:compileWasmJs DependencyFileImpl        Downloaded https://repo1.maven.org/maven2/org/jetbrains/kotlin/kotlin-script-runtime/2.3.21/kotlin-script-runtime-2.3.21.pom.sha1 for the dependency org.jetbrains.kotlin:kotlin-script-runtime:2.3.21
00:17.099 DEBUG :portfolio-in-compose-multiplatform:compileWasmJs DependencyFileImpl        Downloaded https://repo1.maven.org/maven2/org/jetbrains/kotlin/kotlin-reflect/1.6.10/kotlin-reflect-1.6.10.pom.sha1 for the dependency org.jetbrains.kotlin:kotlin-reflect:1.6.10
00:17.101 DEBUG :portfolio-in-compose-multiplatform:compileWasmJs DependencyFileImpl        Downloaded https://repo1.maven.org/maven2/org/jetbrains/kotlin/kotlin-daemon-embeddable/2.3.21/kotlin-daemon-embeddable-2.3.21.pom.sha1 for the dependency org.jetbrains.kotlin:kotlin-daemon-embeddable:2.3.21
00:17.114 DEBUG :portfolio-in-compose-multiplatform:compileWasmJs DependencyFileImpl        Downloaded https://repo1.maven.org/maven2/org/jetbrains/kotlin/kotlin-script-runtime/2.3.21/kotlin-script-runtime-2.3.21.pom for the dependency org.jetbrains.kotlin:kotlin-script-runtime:2.3.21
00:17.115 DEBUG :portfolio-in-compose-multiplatform:compileWasmJs DependencyFileImpl        Downloaded https://repo1.maven.org/maven2/org/jetbrains/kotlin/kotlin-reflect/1.6.10/kotlin-reflect-1.6.10.pom for the dependency org.jetbrains.kotlin:kotlin-reflect:1.6.10
00:17.116 DEBUG :portfolio-in-compose-multiplatform:compileWasmJs DependencyFileImpl        Downloaded https://repo1.maven.org/maven2/org/jetbrains/kotlin/kotlin-daemon-embeddable/2.3.21/kotlin-daemon-embeddable-2.3.21.pom for the dependency org.jetbrains.kotlin:kotlin-daemon-embeddable:2.3.21
00:17.166 DEBUG :portfolio-in-compose-multiplatform:compileWasmJs DependencyFileImpl        Not found URL: https://repo1.maven.org/maven2/org/jetbrains/annotations/23.0.0/annotations-23.0.0.pom.sha512
00:17.311 DEBUG :portfolio-in-compose-multiplatform:compileWasmJs DependencyFileImpl        Not found URL: https://packages.jetbrains.team/maven/p/kt/bootstrap/org/jetbrains/annotations/23.0.0/annotations-23.0.0.pom.sha512
00:17.348 DEBUG :portfolio-in-compose-multiplatform:compileWasmJs DependencyFileImpl        Not found URL: https://repo1.maven.org/maven2/org/jetbrains/annotations/23.0.0/annotations-23.0.0.pom.sha256
00:17.494 DEBUG :portfolio-in-compose-multiplatform:compileWasmJs DependencyFileImpl        Not found URL: https://packages.jetbrains.team/maven/p/kt/bootstrap/org/jetbrains/annotations/23.0.0/annotations-23.0.0.pom.sha256
00:17.508 DEBUG :portfolio-in-compose-multiplatform:compileWasmJs DependencyFileImpl        Downloaded https://repo1.maven.org/maven2/org/jetbrains/annotations/23.0.0/annotations-23.0.0.pom.sha1 for the dependency org.jetbrains:annotations:23.0.0
00:17.521 DEBUG :portfolio-in-compose-multiplatform:compileWasmJs DependencyFileImpl        Downloaded https://repo1.maven.org/maven2/org/jetbrains/annotations/23.0.0/annotations-23.0.0.pom for the dependency org.jetbrains:annotations:23.0.0
00:17.563 DEBUG :portfolio-in-compose-multiplatform:compileWasmJs DependencyFileImpl        Downloaded https://repo1.maven.org/maven2/org/jetbrains/kotlinx/kotlinx-coroutines-core-jvm/1.8.0/kotlinx-coroutines-core-jvm-1.8.0.jar for the dependency org.jetbrains.kotlinx:kotlinx-coroutines-core-jvm:1.8.0
00:17.564 DEBUG :portfolio-in-compose-multiplatform:compileWasmJs DependencyFileImpl        Downloaded https://repo1.maven.org/maven2/org/jetbrains/kotlin/kotlin-stdlib/2.3.21/kotlin-stdlib-2.3.21.jar for the dependency org.jetbrains.kotlin:kotlin-stdlib:2.3.21
00:17.565 DEBUG :portfolio-in-compose-multiplatform:compileWasmJs DependencyFileImpl        Not found URL: https://repo1.maven.org/maven2/org/jetbrains/kotlin/kotlin-compiler-embeddable/2.3.21/kotlin-compiler-embeddable-2.3.21.jar.sha512
00:17.574 DEBUG :portfolio-in-compose-multiplatform:compileWasmJs DependencyFileImpl        Not found URL: https://repo1.maven.org/maven2/org/jetbrains/kotlin/kotlin-daemon-embeddable/2.3.21/kotlin-daemon-embeddable-2.3.21.jar.sha512
00:17.575 DEBUG :portfolio-in-compose-multiplatform:compileWasmJs DependencyFileImpl        Not found URL: https://repo1.maven.org/maven2/org/jetbrains/annotations/23.0.0/annotations-23.0.0.jar.sha512
00:17.578 DEBUG :portfolio-in-compose-multiplatform:compileWasmJs DependencyFileImpl        Not found URL: https://repo1.maven.org/maven2/org/jetbrains/kotlin/kotlin-script-runtime/2.3.21/kotlin-script-runtime-2.3.21.jar.sha512
00:17.587 DEBUG :portfolio-in-compose-multiplatform:compileWasmJs DependencyFileImpl        Downloaded https://repo1.maven.org/maven2/org/jetbrains/kotlin/kotlin-stdlib/2.3.21/kotlin-stdlib-2.3.21-sources.jar for the dependency org.jetbrains.kotlin:kotlin-stdlib:2.3.21
00:17.709 DEBUG :portfolio-in-compose-multiplatform:compileWasmJs DependencyFileImpl        Not found URL: https://packages.jetbrains.team/maven/p/kt/bootstrap/org/jetbrains/kotlin/kotlin-compiler-embeddable/2.3.21/kotlin-compiler-embeddable-2.3.21.jar.sha512
00:17.718 DEBUG :portfolio-in-compose-multiplatform:compileWasmJs DependencyFileImpl        Not found URL: https://packages.jetbrains.team/maven/p/kt/bootstrap/org/jetbrains/kotlin/kotlin-daemon-embeddable/2.3.21/kotlin-daemon-embeddable-2.3.21.jar.sha512
00:17.726 DEBUG :portfolio-in-compose-multiplatform:compileWasmJs DependencyFileImpl        Not found URL: https://packages.jetbrains.team/maven/p/kt/bootstrap/org/jetbrains/annotations/23.0.0/annotations-23.0.0.jar.sha512
00:17.726 DEBUG :portfolio-in-compose-multiplatform:compileWasmJs DependencyFileImpl        Not found URL: https://packages.jetbrains.team/maven/p/kt/bootstrap/org/jetbrains/kotlin/kotlin-script-runtime/2.3.21/kotlin-script-runtime-2.3.21.jar.sha512
00:17.751 DEBUG :portfolio-in-compose-multiplatform:compileWasmJs DependencyFileImpl        Not found URL: https://repo1.maven.org/maven2/org/jetbrains/kotlin/kotlin-compiler-embeddable/2.3.21/kotlin-compiler-embeddable-2.3.21.jar.sha256
00:17.757 DEBUG :portfolio-in-compose-multiplatform:compileWasmJs DependencyFileImpl        Not found URL: https://repo1.maven.org/maven2/org/jetbrains/kotlin/kotlin-daemon-embeddable/2.3.21/kotlin-daemon-embeddable-2.3.21.jar.sha256
00:17.771 DEBUG :portfolio-in-compose-multiplatform:compileWasmJs DependencyFileImpl        Not found URL: https://repo1.maven.org/maven2/org/jetbrains/annotations/23.0.0/annotations-23.0.0.jar.sha256
00:17.777 DEBUG :portfolio-in-compose-multiplatform:compileWasmJs DependencyFileImpl        Not found URL: https://repo1.maven.org/maven2/org/jetbrains/kotlin/kotlin-script-runtime/2.3.21/kotlin-script-runtime-2.3.21.jar.sha256
00:17.899 DEBUG :portfolio-in-compose-multiplatform:compileWasmJs DependencyFileImpl        Not found URL: https://packages.jetbrains.team/maven/p/kt/bootstrap/org/jetbrains/kotlin/kotlin-compiler-embeddable/2.3.21/kotlin-compiler-embeddable-2.3.21.jar.sha256
00:17.908 DEBUG :portfolio-in-compose-multiplatform:compileWasmJs DependencyFileImpl        Not found URL: https://packages.jetbrains.team/maven/p/kt/bootstrap/org/jetbrains/kotlin/kotlin-daemon-embeddable/2.3.21/kotlin-daemon-embeddable-2.3.21.jar.sha256
00:17.914 DEBUG :portfolio-in-compose-multiplatform:compileWasmJs DependencyFileImpl        Downloaded https://repo1.maven.org/maven2/org/jetbrains/kotlin/kotlin-compiler-embeddable/2.3.21/kotlin-compiler-embeddable-2.3.21.jar.sha1 for the dependency org.jetbrains.kotlin:kotlin-compiler-embeddable:2.3.21
00:17.917 DEBUG :portfolio-in-compose-multiplatform:compileWasmJs DependencyFileImpl        Not found URL: https://packages.jetbrains.team/maven/p/kt/bootstrap/org/jetbrains/annotations/23.0.0/annotations-23.0.0.jar.sha256
00:17.920 DEBUG :portfolio-in-compose-multiplatform:compileWasmJs DependencyFileImpl        Not found URL: https://packages.jetbrains.team/maven/p/kt/bootstrap/org/jetbrains/kotlin/kotlin-script-runtime/2.3.21/kotlin-script-runtime-2.3.21.jar.sha256
00:17.923 DEBUG :portfolio-in-compose-multiplatform:compileWasmJs DependencyFileImpl        Downloaded https://repo1.maven.org/maven2/org/jetbrains/kotlin/kotlin-daemon-embeddable/2.3.21/kotlin-daemon-embeddable-2.3.21.jar.sha1 for the dependency org.jetbrains.kotlin:kotlin-daemon-embeddable:2.3.21
00:17.934 DEBUG :portfolio-in-compose-multiplatform:compileWasmJs DependencyFileImpl        Downloaded https://repo1.maven.org/maven2/org/jetbrains/annotations/23.0.0/annotations-23.0.0.jar.sha1 for the dependency org.jetbrains:annotations:23.0.0
00:17.936 DEBUG :portfolio-in-compose-multiplatform:compileWasmJs DependencyFileImpl        Downloaded https://repo1.maven.org/maven2/org/jetbrains/kotlin/kotlin-script-runtime/2.3.21/kotlin-script-runtime-2.3.21.jar.sha1 for the dependency org.jetbrains.kotlin:kotlin-script-runtime:2.3.21
00:17.945 DEBUG :portfolio-in-compose-multiplatform:compileWasmJs DependencyFileImpl        Downloaded https://repo1.maven.org/maven2/org/jetbrains/kotlin/kotlin-daemon-embeddable/2.3.21/kotlin-daemon-embeddable-2.3.21.jar for the dependency org.jetbrains.kotlin:kotlin-daemon-embeddable:2.3.21
00:17.950 DEBUG :portfolio-in-compose-multiplatform:compileWasmJs DependencyFileImpl        Downloaded https://repo1.maven.org/maven2/org/jetbrains/annotations/23.0.0/annotations-23.0.0.jar for the dependency org.jetbrains:annotations:23.0.0
00:17.955 DEBUG :portfolio-in-compose-multiplatform:compileWasmJs DependencyFileImpl        Downloaded https://repo1.maven.org/maven2/org/jetbrains/kotlin/kotlin-script-runtime/2.3.21/kotlin-script-runtime-2.3.21.jar for the dependency org.jetbrains.kotlin:kotlin-script-runtime:2.3.21
00:18.212 DEBUG :portfolio-in-compose-multiplatform:compileWasmJs DependencyFileImpl        Downloaded https://repo1.maven.org/maven2/org/jetbrains/kotlin/kotlin-compiler-embeddable/2.3.21/kotlin-compiler-embeddable-2.3.21.jar for the dependency org.jetbrains.kotlin:kotlin-compiler-embeddable:2.3.21
00:18.251 DEBUG :portfolio-in-compose-multiplatform:compileWasmJs DependencyFileImpl        Not found URL: https://repo1.maven.org/maven2/org/jetbrains/kotlin/kotlin-reflect/1.6.10/kotlin-reflect-1.6.10.jar.sha512
00:18.400 DEBUG :portfolio-in-compose-multiplatform:compileWasmJs DependencyFileImpl        Not found URL: https://packages.jetbrains.team/maven/p/kt/bootstrap/org/jetbrains/kotlin/kotlin-reflect/1.6.10/kotlin-reflect-1.6.10.jar.sha512
00:18.439 DEBUG :portfolio-in-compose-multiplatform:compileWasmJs DependencyFileImpl        Not found URL: https://repo1.maven.org/maven2/org/jetbrains/kotlin/kotlin-reflect/1.6.10/kotlin-reflect-1.6.10.jar.sha256
00:18.583 DEBUG :portfolio-in-compose-multiplatform:compileWasmJs DependencyFileImpl        Not found URL: https://packages.jetbrains.team/maven/p/kt/bootstrap/org/jetbrains/kotlin/kotlin-reflect/1.6.10/kotlin-reflect-1.6.10.jar.sha256
00:18.595 DEBUG :portfolio-in-compose-multiplatform:compileWasmJs DependencyFileImpl        Downloaded https://repo1.maven.org/maven2/org/jetbrains/kotlin/kotlin-reflect/1.6.10/kotlin-reflect-1.6.10.jar.sha1 for the dependency org.jetbrains.kotlin:kotlin-reflect:1.6.10
00:18.623 DEBUG :portfolio-in-compose-multiplatform:compileWasmJs DependencyFileImpl        Downloaded https://repo1.maven.org/maven2/org/jetbrains/kotlin/kotlin-reflect/1.6.10/kotlin-reflect-1.6.10.jar for the dependency org.jetbrains.kotlin:kotlin-reflect:1.6.10
00:18.626 DEBUG :portfolio-in-compose-multiplatform:compileWasmJs IncrementalCache          [inc] 'resolve-org.jetbrains.kotlin-kotlin-compiler-embeddable-2.3.21' changes: '/home/runner/.cache/JetBrains/Kotlin/.m2.cache/org/jetbrains/kotlin/kotlin-compiler-embeddable/2.3.21/kotlin-compiler-embeddable-2.3.21.jar' CREATED, '/home/runner/.cache/JetBrains/Kotlin/.m2.cache/org/jetbrains/kotlin/kotlin-stdlib/2.3.21/kotlin-stdlib-2.3.21.jar' CREATED, '/home/runner/.cache/JetBrains/Kotlin/.m2.cache/org/jetbrains/kotlin/kotlin-script-runtime/2.3.21/kotlin-script-runtime-2.3.21.jar' CREATED, '/home/runner/.cache/JetBrains/Kotlin/.m2.cache/org/jetbrains/kotlin/kotlin-reflect/1.6.10/kotlin-reflect-1.6.10.jar' CREATED, '/home/runner/.cache/JetBrains/Kotlin/.m2.cache/org/jetbrains/kotlin/kotlin-daemon-embeddable/2.3.21/kotlin-daemon-embeddable-2.3.21.jar' CREATED, '/home/runner/.cache/JetBrains/Kotlin/.m2.cache/org/jetbrains/kotlinx/kotlinx-coroutines-core-jvm/1.8.0/kotlinx-coroutines-core-jvm-1.8.0.jar' CREATED, '/home/runner/.cache/JetBrains/Kotlin/.m2.cache/org/jetbrains/annotations/23.0.0/annotations-23.0.0.jar' CREATED
00:18.628 DEBUG :portfolio-in-compose-multiplatform:compileWasmJs StateKt                   [inc] state file is missing or empty at '/home/runner/work/portfolio-in-compose-multiplatform/portfolio-in-compose-multiplatform/build/incremental.state/resolve-org.jetbrains.kotlin-kotlin-compose-compil-eccb4c4535' -> cache miss
00:18.628 DEBUG :portfolio-in-compose-multiplatform:compileWasmJs IncrementalCache          [inc] building 'resolve-org.jetbrains.kotlin-kotlin-compose-compiler-plugin-embeddable-2.3.21'
00:18.673 DEBUG :portfolio-in-compose-multiplatform:compileWasmJs DependencyFileImpl        Not found URL: https://repo1.maven.org/maven2/org/jetbrains/kotlin/kotlin-compose-compiler-plugin-embeddable/2.3.21/kotlin-compose-compiler-plugin-embeddable-2.3.21.pom.sha512
00:18.788 DEBUG :portfolio-in-compose-multiplatform:compileWasmJs DependencyFileImpl        Not found URL: https://maven.google.com/org/jetbrains/kotlin/kotlin-compose-compiler-plugin-embeddable/2.3.21/kotlin-compose-compiler-plugin-embeddable-2.3.21.pom.sha512
00:18.832 DEBUG :portfolio-in-compose-multiplatform:compileWasmJs DependencyFileImpl        Not found URL: https://repo1.maven.org/maven2/org/jetbrains/kotlin/kotlin-compose-compiler-plugin-embeddable/2.3.21/kotlin-compose-compiler-plugin-embeddable-2.3.21.pom.sha256
00:18.964 DEBUG :portfolio-in-compose-multiplatform:compileWasmJs DependencyFileImpl        Not found URL: https://maven.google.com/org/jetbrains/kotlin/kotlin-compose-compiler-plugin-embeddable/2.3.21/kotlin-compose-compiler-plugin-embeddable-2.3.21.pom.sha256
00:18.978 DEBUG :portfolio-in-compose-multiplatform:compileWasmJs DependencyFileImpl        Downloaded https://repo1.maven.org/maven2/org/jetbrains/kotlin/kotlin-compose-compiler-plugin-embeddable/2.3.21/kotlin-compose-compiler-plugin-embeddable-2.3.21.pom.sha1 for the dependency org.jetbrains.kotlin:kotlin-compose-compiler-plugin-embeddable:2.3.21
00:18.990 DEBUG :portfolio-in-compose-multiplatform:compileWasmJs DependencyFileImpl        Downloaded https://repo1.maven.org/maven2/org/jetbrains/kotlin/kotlin-compose-compiler-plugin-embeddable/2.3.21/kotlin-compose-compiler-plugin-embeddable-2.3.21.pom for the dependency org.jetbrains.kotlin:kotlin-compose-compiler-plugin-embeddable:2.3.21
00:19.102 DEBUG :portfolio-in-compose-multiplatform:compileWasmJs DependencyFileImpl        Not found URL: https://repo1.maven.org/maven2/org/jetbrains/kotlin/kotlin-compose-compiler-plugin-embeddable/2.3.21/kotlin-compose-compiler-plugin-embeddable-2.3.21.jar.sha512
00:19.281 DEBUG :portfolio-in-compose-multiplatform:compileWasmJs DependencyFileImpl        Not found URL: https://maven.google.com/org/jetbrains/kotlin/kotlin-compose-compiler-plugin-embeddable/2.3.21/kotlin-compose-compiler-plugin-embeddable-2.3.21.jar.sha512
00:19.324 DEBUG :portfolio-in-compose-multiplatform:compileWasmJs DependencyFileImpl        Not found URL: https://repo1.maven.org/maven2/org/jetbrains/kotlin/kotlin-compose-compiler-plugin-embeddable/2.3.21/kotlin-compose-compiler-plugin-embeddable-2.3.21.jar.sha256
00:19.446 DEBUG :portfolio-in-compose-multiplatform:compileWasmJs DependencyFileImpl        Not found URL: https://maven.google.com/org/jetbrains/kotlin/kotlin-compose-compiler-plugin-embeddable/2.3.21/kotlin-compose-compiler-plugin-embeddable-2.3.21.jar.sha256
00:19.461 DEBUG :portfolio-in-compose-multiplatform:compileWasmJs DependencyFileImpl        Downloaded https://repo1.maven.org/maven2/org/jetbrains/kotlin/kotlin-compose-compiler-plugin-embeddable/2.3.21/kotlin-compose-compiler-plugin-embeddable-2.3.21.jar.sha1 for the dependency org.jetbrains.kotlin:kotlin-compose-compiler-plugin-embeddable:2.3.21
00:19.485 DEBUG :portfolio-in-compose-multiplatform:compileWasmJs DependencyFileImpl        Downloaded https://repo1.maven.org/maven2/org/jetbrains/kotlin/kotlin-compose-compiler-plugin-embeddable/2.3.21/kotlin-compose-compiler-plugin-embeddable-2.3.21.jar for the dependency org.jetbrains.kotlin:kotlin-compose-compiler-plugin-embeddable:2.3.21
00:19.487 DEBUG :portfolio-in-compose-multiplatform:compileWasmJs IncrementalCache          [inc] 'resolve-org.jetbrains.kotlin-kotlin-compose-compiler-plugin-embeddable-2.3.21' changes: '/home/runner/.cache/JetBrains/Kotlin/.m2.cache/org/jetbrains/kotlin/kotlin-compose-compiler-plugin-embeddable/2.3.21/kotlin-compose-compiler-plugin-embeddable-2.3.21.jar' CREATED
00:19.491 INFO  :portfolio-in-compose-multiplatform:compileWasmJs Slf4jExtensionsKt         Compiling module 'portfolio-in-compose-multiplatform' for platform 'wasmJs'...
00:19.495 DEBUG :portfolio-in-compose-multiplatform:compileWasmJs ProcessRunner             [cmd] /home/runner/.cache/JetBrains/Kotlin/extract.cache/f6ae9b8207-OpenJDK21U-jdk_x64_linux_hotspot_21.0.12_8.tar.gz.4ffc7e.d/jdk-21.0.12+8/bin/java @/home/runner/work/portfolio-in-compose-multiplatform/portfolio-in-compose-multiplatform/build/temp/java-args-1048263323054219525.txt
00:25.413 INFO  :portfolio-in-compose-multiplatform:compileWasmJs MessagesKt                Compilation successful for 'portfolio-in-compose-multiplatform' [wasmJs]
00:25.416 DEBUG :portfolio-in-compose-multiplatform:compileWasmJs IncrementalCache          [inc] ':portfolio-in-compose-multiplatform:compileWasmJs' changes: '/home/runner/work/portfolio-in-compose-multiplatform/portfolio-in-compose-multiplatform/build/tasks/_portfolio-in-compose-multiplatform_compileWasmJs/portfolio-in-compose-multiplatform.klib' CREATED
00:25.417 DEBUG :portfolio-in-compose-multiplatform:compileWasmJsTest WebCompileKlibTask        WASM_JS compile portfolio-in-compose-multiplatform -- collected external dependencies

00:25.417 DEBUG :portfolio-in-compose-multiplatform:compileWasmJsTest JdkProvider               `JAVA_HOME` was found but doesn't match the JDK selection criteria: major version mismatch: expected 21 but got 17. The Kotlin Toolchain will provision a suitable JDK instead.
00:25.417 DEBUG :portfolio-in-compose-multiplatform:linkWasmJsRelease JdkProvider               `JAVA_HOME` was found but doesn't match the JDK selection criteria: major version mismatch: expected 21 but got 17. The Kotlin Toolchain will provision a suitable JDK instead.
00:25.418 DEBUG :portfolio-in-compose-multiplatform:linkWasmJsRelease WebLinkTask               WASM_JS link 'portfolio-in-compose-multiplatform' -- web common wasmJs
00:25.418 DEBUG :portfolio-in-compose-multiplatform:compileWasmJsTest StateKt                   [inc] state file is missing or empty at '/home/runner/work/portfolio-in-compose-multiplatform/portfolio-in-compose-multiplatform/build/incremental.state/_portfolio-in-compose-multiplatform_compileWasmJsT-4175c4f363' -> cache miss
00:25.418 DEBUG :portfolio-in-compose-multiplatform:compileWasmJsTest IncrementalCache          [inc] building ':portfolio-in-compose-multiplatform:compileWasmJsTest'
00:25.419 DEBUG :portfolio-in-compose-multiplatform:linkWasmJsRelease StateKt                   [inc] state file is missing or empty at '/home/runner/work/portfolio-in-compose-multiplatform/portfolio-in-compose-multiplatform/build/incremental.state/_portfolio-in-compose-multiplatform_linkWasmJsRele-b5c1d30551' -> cache miss
00:25.419 DEBUG :portfolio-in-compose-multiplatform:linkWasmJsRelease IncrementalCache          [inc] building ':portfolio-in-compose-multiplatform:linkWasmJsRelease'
00:25.420 DEBUG :portfolio-in-compose-multiplatform:compileWasmJsTest WebCompileKlibTask        No sources were found for fragments [commonTest, wasmJsTest, webTest] of module 'portfolio-in-compose-multiplatform', skipping compilation
00:25.422 DEBUG :portfolio-in-compose-multiplatform:linkWasmJsRelease IncrementalCache          [inc] 'resolve-org.jetbrains.kotlin-kotlin-compiler-embeddable-2.3.21' is up-to-date according to state file at '/home/runner/work/portfolio-in-compose-multiplatform/portfolio-in-compose-multiplatform/build/incremental.state/resolve-org.jetbrains.kotlin-kotlin-compiler-embed-a46a77a16d'
00:25.422 DEBUG :portfolio-in-compose-multiplatform:compileWasmJsTest IncrementalCache          [inc] ':portfolio-in-compose-multiplatform:compileWasmJsTest' changes: 
00:25.423 DEBUG :portfolio-in-compose-multiplatform:linkWasmJsRelease IncrementalCache          [inc] 'resolve-org.jetbrains.kotlin-kotlin-compose-compiler-plugin-embeddable-2.3.21' is up-to-date according to state file at '/home/runner/work/portfolio-in-compose-multiplatform/portfolio-in-compose-multiplatform/build/incremental.state/resolve-org.jetbrains.kotlin-kotlin-compose-compil-eccb4c4535'
00:25.423 INFO  :portfolio-in-compose-multiplatform:linkWasmJsRelease Slf4jExtensionsKt         Linking wasmJs executable for module 'portfolio-in-compose-multiplatform'...
00:25.423 DEBUG :portfolio-in-compose-multiplatform:linkWasmJsTestRelease WebLinkTask               No test code was found compiled for fragments [commonTest, wasmJsTest, webTest] of module 'portfolio-in-compose-multiplatform', skipping linking
00:25.425 DEBUG :portfolio-in-compose-multiplatform:linkWasmJsRelease ProcessRunner             [cmd] /home/runner/.cache/JetBrains/Kotlin/extract.cache/f6ae9b8207-OpenJDK21U-jdk_x64_linux_hotspot_21.0.12_8.tar.gz.4ffc7e.d/jdk-21.0.12+8/bin/java @/home/runner/work/portfolio-in-compose-multiplatform/portfolio-in-compose-multiplatform/build/temp/java-args-18297890104263466551.txt
01:04.146 DEBUG :portfolio-in-compose-multiplatform:linkWasmJsRelease IncrementalCache          [inc] ':portfolio-in-compose-multiplatform:linkWasmJsRelease' changes: '/home/runner/work/portfolio-in-compose-multiplatform/portfolio-in-compose-multiplatform/build/artifacts/CompiledWebArtifact/portfolio-in-compose-multiplatformwasmJsrelease/kotlin-output/portfolio-in-compose-multiplatform.mjs' CREATED, '/home/runner/work/portfolio-in-compose-multiplatform/portfolio-in-compose-multiplatform/build/artifacts/CompiledWebArtifact/portfolio-in-compose-multiplatformwasmJsrelease/kotlin-output/portfolio-in-compose-multiplatform.js-builtins.mjs' CREATED, '/home/runner/work/portfolio-in-compose-multiplatform/portfolio-in-compose-multiplatform/build/artifacts/CompiledWebArtifact/portfolio-in-compose-multiplatformwasmJsrelease/kotlin-output/portfolio-in-compose-multiplatform.import-object.mjs' CREATED, '/home/runner/work/portfolio-in-compose-multiplatform/portfolio-in-compose-multiplatform/build/artifacts/CompiledWebArtifact/portfolio-in-compose-multiplatformwasmJsrelease/kotlin-output/portfolio-in-compose-multiplatform.wasm' CREATED
01:04.150 DEBUG :portfolio-in-compose-multiplatform:buildWasmJsAppWasmJsRelease StateKt                   [inc] state file is missing or empty at '/home/runner/work/portfolio-in-compose-multiplatform/portfolio-in-compose-multiplatform/build/incremental.state/_portfolio-in-compose-multiplatform_buildWasmJsApp-df509c2a64' -> cache miss
01:04.150 DEBUG :portfolio-in-compose-multiplatform:buildWasmJsAppWasmJsRelease IncrementalCache          [inc] building ':portfolio-in-compose-multiplatform:buildWasmJsAppWasmJsRelease'
01:04.290 DEBUG :portfolio-in-compose-multiplatform:buildWasmJsAppWasmJsRelease IncrementalCache          [inc] ':portfolio-in-compose-multiplatform:buildWasmJsAppWasmJsRelease' changes: '/home/runner/work/portfolio-in-compose-multiplatform/portfolio-in-compose-multiplatform/build/tasks/_portfolio-in-compose-multiplatform_buildWasmJsAppWasmJsRelease/portfolio-in-compose-multiplatform.mjs' CREATED, '/home/runner/work/portfolio-in-compose-multiplatform/portfolio-in-compose-multiplatform/build/tasks/_portfolio-in-compose-multiplatform_buildWasmJsAppWasmJsRelease/portfolio-in-compose-multiplatform.js-builtins.mjs' CREATED, '/home/runner/work/portfolio-in-compose-multiplatform/portfolio-in-compose-multiplatform/build/tasks/_portfolio-in-compose-multiplatform_buildWasmJsAppWasmJsRelease/vendors/@js-joda/core/CHANGELOG.md' CREATED, '/home/runner/work/portfolio-in-compose-multiplatform/portfolio-in-compose-multiplatform/build/tasks/_portfolio-in-compose-multiplatform_buildWasmJsAppWasmJsRelease/vendors/@js-joda/core/bower.json' CREATED, '/home/runner/work/portfolio-in-compose-multiplatform/portfolio-in-compose-multiplatform/build/tasks/_portfolio-in-compose-multiplatform_buildWasmJsAppWasmJsRelease/vendors/@js-joda/core/package.json' CREATED, '/home/runner/work/portfolio-in-compose-multiplatform/portfolio-in-compose-multiplatform/build/tasks/_portfolio-in-compose-multiplatform_buildWasmJsAppWasmJsRelease/vendors/@js-joda/core/src/MonthDay.js' CREATED, '/home/runner/work/portfolio-in-compose-multiplatform/portfolio-in-compose-multiplatform/build/tasks/_portfolio-in-compose-multiplatform_buildWasmJsAppWasmJsRelease/vendors/@js-joda/core/src/Clock.js' CREATED, '/home/runner/work/portfolio-in-compose-multiplatform/portfolio-in-compose-multiplatform/build/tasks/_portfolio-in-compose-multiplatform_buildWasmJsAppWasmJsRelease/vendors/@js-joda/core/src/LocalDateTime.js' CREATED, '/home/runner/work/portfolio-in-compose-multiplatform/portfolio-in-compose-multiplatform/build/tasks/_portfolio-in-compose-multiplatform_buildWasmJsAppWasmJsRelease/vendors/@js-joda/core/src/LocalDate.js' CREATED, '/home/runner/work/portfolio-in-compose-multiplatform/portfolio-in-compose-multiplatform/build/tasks/_portfolio-in-compose-multiplatform_buildWasmJsAppWasmJsRelease/vendors/@js-joda/core/src/assert.js' CREATED, '/home/runner/work/portfolio-in-compose-multiplatform/portfolio-in-compose-multiplatform/build/tasks/_portfolio-in-compose-multiplatform_buildWasmJsAppWasmJsRelease/vendors/@js-joda/core/src/Year.js' CREATED, '/home/runner/work/portfolio-in-compose-multiplatform/portfolio-in-compose-multiplatform/build/tasks/_portfolio-in-compose-multiplatform_buildWasmJsAppWasmJsRelease/vendors/@js-joda/core/src/zone/ZoneOffsetTransition.js' CREATED, '/home/runner/work/portfolio-in-compose-multiplatform/portfolio-in-compose-multiplatform/build/tasks/_portfolio-in-compose-multiplatform_buildWasmJsAppWasmJsRelease/vendors/@js-joda/core/src/zone/ZoneRules.js' CREATED, '/home/runner/work/portfolio-in-compose-multiplatform/portfolio-in-compose-multiplatform/build/tasks/_portfolio-in-compose-multiplatform_buildWasmJsAppWasmJsRelease/vendors/@js-joda/core/src/zone/SystemDefaultZoneId.js' CREATED, '/home/runner/work/portfolio-in-compose-multiplatform/portfolio-in-compose-multiplatform/build/tasks/_portfolio-in-compose-multiplatform_buildWasmJsAppWasmJsRelease/vendors/@js-joda/core/src/zone/SystemDefaultZoneRules.js' CREATED, '/home/runner/work/portfolio-in-compose-multiplatform/portfolio-in-compose-multiplatform/build/tasks/_portfolio-in-compose-multiplatform_buildWasmJsAppWasmJsRelease/vendors/@js-joda/core/src/zone/ZoneRulesProvider.js' CREATED, '/home/runner/work/portfolio-in-compose-multiplatform/portfolio-in-compose-multiplatform/build/tasks/_portfolio-in-compose-multiplatform_buildWasmJsAppWasmJsRelease/vendors/@js-joda/core/src/Enum.js' CREATED, '/home/runner/work/portfolio-in-compose-multiplatform/portfolio-in-compose-multiplatform/build/tasks/_portfolio-in-compose-multiplatform_buildWasmJsAppWasmJsRelease/vendors/@js-joda/core/src/temporal/TemporalAdjusters.js' CREATED, '/home/runner/work/portfolio-in-compose-multiplatform/portfolio-in-compose-multiplatform/build/tasks/_portfolio-in-compose-multiplatform_buildWasmJsAppWasmJsRelease/vendors/@js-joda/core/src/temporal/TemporalQuery.js' CREATED, '/home/runner/work/portfolio-in-compose-multiplatform/portfolio-in-compose-multiplatform/build/tasks/_portfolio-in-compose-multiplatform_buildWasmJsAppWasmJsRelease/vendors/@js-joda/core/src/temporal/TemporalAdjuster.js' CREATED, '/home/runner/work/portfolio-in-compose-multiplatform/portfolio-in-compose-multiplatform/build/tasks/_portfolio-in-compose-multiplatform_buildWasmJsAppWasmJsRelease/vendors/@js-joda/core/src/temporal/TemporalQueries.js' CREATED, '/home/runner/work/portfolio-in-compose-multiplatform/portfolio-in-compose-multiplatform/build/tasks/_portfolio-in-compose-multiplatform_buildWasmJsAppWasmJsRelease/vendors/@js-joda/core/src/temporal/TemporalField.js' CREATED, '/home/runner/work/portfolio-in-compose-multiplatform/portfolio-in-compose-multiplatform/build/tasks/_portfolio-in-compose-multiplatform_buildWasmJsAppWasmJsRelease/vendors/@js-joda/core/src/temporal/IsoFields.js' CREATED, '/home/runner/work/portfolio-in-compose-multiplatform/portfolio-in-compose-multiplatform/build/tasks/_portfolio-in-compose-multiplatform_buildWasmJsAppWasmJsRelease/vendors/@js-joda/core/src/temporal/ChronoUnit.js' CREATED, '/home/runner/work/portfolio-in-compose-multiplatform/portfolio-in-compose-multiplatform/build/tasks/_portfolio-in-compose-multiplatform_buildWasmJsAppWasmJsRelease/vendors/@js-joda/core/src/temporal/ValueRange.js' CREATED, '/home/runner/work/portfolio-in-compose-multiplatform/portfolio-in-compose-multiplatform/build/tasks/_portfolio-in-compose-multiplatform_buildWasmJsAppWasmJsRelease/vendors/@js-joda/core/src/temporal/Temporal.js' CREATED, '/home/runner/work/portfolio-in-compose-multiplatform/portfolio-in-compose-multiplatform/build/tasks/_portfolio-in-compose-multiplatform_buildWasmJsAppWasmJsRelease/vendors/@js-joda/core/src/temporal/ChronoField.js' CREATED, '/home/runner/work/portfolio-in-compose-multiplatform/portfolio-in-compose-multiplatform/build/tasks/_portfolio-in-compose-multiplatform_buildWasmJsAppWasmJsRelease/vendors/@js-joda/core/src/temporal/TemporalAmount.js' CREATED, '/home/runner/work/portfolio-in-compose-multiplatform/portfolio-in-compose-multiplatform/build/tasks/_portfolio-in-compose-multiplatform_buildWasmJsAppWasmJsRelease/vendors/@js-joda/core/src/temporal/TemporalQueriesFactory.js' CREATED, '/home/runner/work/portfolio-in-compose-multiplatform/portfolio-in-compose-multiplatform/build/tasks/_portfolio-in-compose-multiplatform_buildWasmJsAppWasmJsRelease/vendors/@js-joda/core/src/temporal/NativeJsTemporal.js' CREATED, '/home/runner/work/portfolio-in-compose-multiplatform/portfolio-in-compose-multiplatform/build/tasks/_portfolio-in-compose-multiplatform_buildWasmJsAppWasmJsRelease/vendors/@js-joda/core/src/temporal/TemporalAccessor.js' CREATED, '/home/runner/work/portfolio-in-compose-multiplatform/portfolio-in-compose-multiplatform/build/tasks/_portfolio-in-compose-multiplatform_buildWasmJsAppWasmJsRelease/vendors/@js-joda/core/src/temporal/TemporalUnit.js' CREATED, '/home/runner/work/portfolio-in-compose-multiplatform/portfolio-in-compose-multiplatform/build/tasks/_portfolio-in-compose-multiplatform_buildWasmJsAppWasmJsRelease/vendors/@js-joda/core/src/temporal/DefaultInterfaceTemporal.js' CREATED, '/home/runner/work/portfolio-in-compose-multiplatform/portfolio-in-compose-multiplatform/build/tasks/_portfolio-in-compose-multiplatform_buildWasmJsAppWasmJsRelease/vendors/@js-joda/core/src/format/DateTimeParseContext.js' CREATED, '/home/runner/work/portfolio-in-compose-multiplatform/portfolio-in-compose-multiplatform/build/tasks/_portfolio-in-compose-multiplatform_buildWasmJsAppWasmJsRelease/vendors/@js-joda/core/src/format/DateTimePrintContext.js' CREATED, '/home/runner/work/portfolio-in-compose-multiplatform/portfolio-in-compose-multiplatform/build/tasks/_portfolio-in-compose-multiplatform_buildWasmJsAppWasmJsRelease/vendors/@js-joda/core/src/format/DecimalStyle.js' CREATED, '/home/runner/work/portfolio-in-compose-multiplatform/portfolio-in-compose-multiplatform/build/tasks/_portfolio-in-compose-multiplatform_buildWasmJsAppWasmJsRelease/vendors/@js-joda/core/src/format/ResolverStyle.js' CREATED, '/home/runner/work/portfolio-in-compose-multiplatform/portfolio-in-compose-multiplatform/build/tasks/_portfolio-in-compose-multiplatform_buildWasmJsAppWasmJsRelease/vendors/@js-joda/core/src/format/EnumMap.js' CREATED, '/home/runner/work/portfolio-in-compose-multiplatform/portfolio-in-compose-multiplatform/build/tasks/_portfolio-in-compose-multiplatform_buildWasmJsAppWasmJsRelease/vendors/@js-joda/core/src/format/ParsePosition.js' CREATED, '/home/runner/work/portfolio-in-compose-multiplatform/portfolio-in-compose-multiplatform/build/tasks/_portfolio-in-compose-multiplatform_buildWasmJsAppWasmJsRelease/vendors/@js-joda/core/src/format/parser/CompositePrinterParser.js' CREATED, '/home/runner/work/portfolio-in-compose-multiplatform/portfolio-in-compose-multiplatform/build/tasks/_portfolio-in-compose-multiplatform_buildWasmJsAppWasmJsRelease/vendors/@js-joda/core/src/format/parser/OffsetIdPrinterParser.js' CREATED, '/home/runner/work/portfolio-in-compose-multiplatform/portfolio-in-compose-multiplatform/build/tasks/_portfolio-in-compose-multiplatform_buildWasmJsAppWasmJsRelease/vendors/@js-joda/core/src/format/parser/SettingsParser.js' CREATED, '/home/runner/work/portfolio-in-compose-multiplatform/portfolio-in-compose-multiplatform/build/tasks/_portfolio-in-compose-multiplatform_buildWasmJsAppWasmJsRelease/vendors/@js-joda/core/src/format/parser/CharLiteralPrinterParser.js' CREATED, '/home/runner/work/portfolio-in-compose-multiplatform/portfolio-in-compose-multiplatform/build/tasks/_portfolio-in-compose-multiplatform_buildWasmJsAppWasmJsRelease/vendors/@js-joda/core/src/format/parser/FractionPrinterParser.js' CREATED, '/home/runner/work/portfolio-in-compose-multiplatform/portfolio-in-compose-multiplatform/build/tasks/_portfolio-in-compose-multiplatform_buildWasmJsAppWasmJsRelease/vendors/@js-joda/core/src/format/parser/NumberPrinterParser.js' CREATED, '/home/runner/work/portfolio-in-compose-multiplatform/portfolio-in-compose-multiplatform/build/tasks/_portfolio-in-compose-multiplatform_buildWasmJsAppWasmJsRelease/vendors/@js-joda/core/src/format/parser/PadPrinterParserDecorator.js' CREATED, '/home/runner/work/portfolio-in-compose-multiplatform/portfolio-in-compose-multiplatform/build/tasks/_portfolio-in-compose-multiplatform_buildWasmJsAppWasmJsRelease/vendors/@js-joda/core/src/format/parser/StringLiteralPrinterParser.js' CREATED, '/home/runner/work/portfolio-in-compose-multiplatform/portfolio-in-compose-multiplatform/build/tasks/_portfolio-in-compose-multiplatform_buildWasmJsAppWasmJsRelease/vendors/@js-joda/core/src/format/parser/ZoneIdPrinterParser.js' CREATED, '/home/runner/work/portfolio-in-compose-multiplatform/portfolio-in-compose-multiplatform/build/tasks/_portfolio-in-compose-multiplatform_buildWasmJsAppWasmJsRelease/vendors/@js-joda/core/src/format/TextStyle.js' CREATED, '/home/runner/work/portfolio-in-compose-multiplatform/portfolio-in-compose-multiplatform/build/tasks/_portfolio-in-compose-multiplatform_buildWasmJsAppWasmJsRelease/vendors/@js-joda/core/src/format/DateTimeFormatter.js' CREATED, '/home/runner/work/portfolio-in-compose-multiplatform/portfolio-in-compose-multiplatform/build/tasks/_portfolio-in-compose-multiplatform_buildWasmJsAppWasmJsRelease/vendors/@js-joda/core/src/format/SignStyle.js' CREATED, '/home/runner/work/portfolio-in-compose-multiplatform/portfolio-in-compose-multiplatform/build/tasks/_portfolio-in-compose-multiplatform_buildWasmJsAppWasmJsRelease/vendors/@js-joda/core/src/format/DateTimeBuilder.js' CREATED, '/home/runner/work/portfolio-in-compose-multiplatform/portfolio-in-compose-multiplatform/build/tasks/_portfolio-in-compose-multiplatform_buildWasmJsAppWasmJsRelease/vendors/@js-joda/core/src/format/DateTimeFormatterBuilder.js' CREATED, '/home/runner/work/portfolio-in-compose-multiplatform/portfolio-in-compose-multiplatform/build/tasks/_portfolio-in-compose-multiplatform_buildWasmJsAppWasmJsRelease/vendors/@js-joda/core/src/format/StringBuilder.js' CREATED, '/home/runner/work/portfolio-in-compose-multiplatform/portfolio-in-compose-multiplatform/build/tasks/_portfolio-in-compose-multiplatform_buildWasmJsAppWasmJsRelease/vendors/@js-joda/core/src/Month.js' CREATED, '/home/runner/work/portfolio-in-compose-multiplatform/portfolio-in-compose-multiplatform/build/tasks/_portfolio-in-compose-multiplatform_buildWasmJsAppWasmJsRelease/vendors/@js-joda/core/src/Period.js' CREATED, '/home/runner/work/portfolio-in-compose-multiplatform/portfolio-in-compose-multiplatform/build/tasks/_portfolio-in-compose-multiplatform_buildWasmJsAppWasmJsRelease/vendors/@js-joda/core/src/use.js' CREATED, '/home/runner/work/portfolio-in-compose-multiplatform/portfolio-in-compose-multiplatform/build/tasks/_portfolio-in-compose-multiplatform_buildWasmJsAppWasmJsRelease/vendors/@js-joda/core/src/OffsetTime.js' CREATED, '/home/runner/work/portfolio-in-compose-multiplatform/portfolio-in-compose-multiplatform/build/tasks/_portfolio-in-compose-multiplatform_buildWasmJsAppWasmJsRelease/vendors/@js-joda/core/src/ZoneOffset.js' CREATED, '/home/runner/work/portfolio-in-compose-multiplatform/portfolio-in-compose-multiplatform/build/tasks/_portfolio-in-compose-multiplatform_buildWasmJsAppWasmJsRelease/vendors/@js-joda/core/src/MathUtil.js' CREATED, '/home/runner/work/portfolio-in-compose-multiplatform/portfolio-in-compose-multiplatform/build/tasks/_portfolio-in-compose-multiplatform_buildWasmJsAppWasmJsRelease/vendors/@js-joda/core/src/convert.js' CREATED, '/home/runner/work/portfolio-in-compose-multiplatform/portfolio-in-compose-multiplatform/build/tasks/_portfolio-in-compose-multiplatform_buildWasmJsAppWasmJsRelease/vendors/@js-joda/core/src/ZonedDateTime.js' CREATED, '/home/runner/work/portfolio-in-compose-multiplatform/portfolio-in-compose-multiplatform/build/tasks/_portfolio-in-compose-multiplatform_buildWasmJsAppWasmJsRelease/vendors/@js-joda/core/src/YearConstants.js' CREATED, '/home/runner/work/portfolio-in-compose-multiplatform/portfolio-in-compose-multiplatform/build/tasks/_portfolio-in-compose-multiplatform_buildWasmJsAppWasmJsRelease/vendors/@js-joda/core/src/ZoneId.js' CREATED, '/home/runner/work/portfolio-in-compose-multiplatform/portfolio-in-compose-multiplatform/build/tasks/_portfolio-in-compose-multiplatform_buildWasmJsAppWasmJsRelease/vendors/@js-joda/core/src/Duration.js' CREATED, '/home/runner/work/portfolio-in-compose-multiplatform/portfolio-in-compose-multiplatform/build/tasks/_portfolio-in-compose-multiplatform_buildWasmJsAppWasmJsRelease/vendors/@js-joda/core/src/OffsetDateTime.js' CREATED, '/home/runner/work/portfolio-in-compose-multiplatform/portfolio-in-compose-multiplatform/build/tasks/_portfolio-in-compose-multiplatform_buildWasmJsAppWasmJsRelease/vendors/@js-joda/core/src/DayOfWeek.js' CREATED, '/home/runner/work/portfolio-in-compose-multiplatform/portfolio-in-compose-multiplatform/build/tasks/_portfolio-in-compose-multiplatform_buildWasmJsAppWasmJsRelease/vendors/@js-joda/core/src/Instant.js' CREATED, '/home/runner/work/portfolio-in-compose-multiplatform/portfolio-in-compose-multiplatform/build/tasks/_portfolio-in-compose-multiplatform_buildWasmJsAppWasmJsRelease/vendors/@js-joda/core/src/YearMonth.js' CREATED, '/home/runner/work/portfolio-in-compose-multiplatform/portfolio-in-compose-multiplatform/build/tasks/_portfolio-in-compose-multiplatform_buildWasmJsAppWasmJsRelease/vendors/@js-joda/core/src/errors.js' CREATED, '/home/runner/work/portfolio-in-compose-multiplatform/portfolio-in-compose-multiplatform/build/tasks/_portfolio-in-compose-multiplatform_buildWasmJsAppWasmJsRelease/vendors/@js-joda/core/src/LocalTime.js' CREATED, '/home/runner/work/portfolio-in-compose-multiplatform/portfolio-in-compose-multiplatform/build/tasks/_portfolio-in-compose-multiplatform_buildWasmJsAppWasmJsRelease/vendors/@js-joda/core/src/ZoneIdFactory.js' CREATED, '/home/runner/work/portfolio-in-compose-multiplatform/portfolio-in-compose-multiplatform/build/tasks/_portfolio-in-compose-multiplatform_buildWasmJsAppWasmJsRelease/vendors/@js-joda/core/src/chrono/ChronoLocalDateTime.js' CREATED, '/home/runner/work/portfolio-in-compose-multiplatform/portfolio-in-compose-multiplatform/build/tasks/_portfolio-in-compose-multiplatform_buildWasmJsAppWasmJsRelease/vendors/@js-joda/core/src/chrono/ChronoLocalDate.js' CREATED, '/home/runner/work/portfolio-in-compose-multiplatform/portfolio-in-compose-multiplatform/build/tasks/_portfolio-in-compose-multiplatform_buildWasmJsAppWasmJsRelease/vendors/@js-joda/core/src/chrono/IsoChronology.js' CREATED, '/home/runner/work/portfolio-in-compose-multiplatform/portfolio-in-compose-multiplatform/build/tasks/_portfolio-in-compose-multiplatform_buildWasmJsAppWasmJsRelease/vendors/@js-joda/core/src/chrono/ChronoZonedDateTime.js' CREATED, '/home/runner/work/portfolio-in-compose-multiplatform/portfolio-in-compose-multiplatform/build/tasks/_portfolio-in-compose-multiplatform_buildWasmJsAppWasmJsRelease/vendors/@js-joda/core/src/js-joda.js' CREATED, '/home/runner/work/portfolio-in-compose-multiplatform/portfolio-in-compose-multiplatform/build/tasks/_portfolio-in-compose-multiplatform_buildWasmJsAppWasmJsRelease/vendors/@js-joda/core/src/StringUtil.js' CREATED, '/home/runner/work/portfolio-in-compose-multiplatform/portfolio-in-compose-multiplatform/build/tasks/_portfolio-in-compose-multiplatform_buildWasmJsAppWasmJsRelease/vendors/@js-joda/core/src/_init.js' CREATED, '/home/runner/work/portfolio-in-compose-multiplatform/portfolio-in-compose-multiplatform/build/tasks/_portfolio-in-compose-multiplatform_buildWasmJsAppWasmJsRelease/vendors/@js-joda/core/src/license-preamble.js' CREATED, '/home/runner/work/portfolio-in-compose-multiplatform/portfolio-in-compose-multiplatform/build/tasks/_portfolio-in-compose-multiplatform_buildWasmJsAppWasmJsRelease/vendors/@js-joda/core/src/ZoneRegion.js' CREATED, '/home/runner/work/portfolio-in-compose-multiplatform/portfolio-in-compose-multiplatform/build/tasks/_portfolio-in-compose-multiplatform_buildWasmJsAppWasmJsRelease/vendors/@js-joda/core/LICENSE' CREATED, '/home/runner/work/portfolio-in-compose-multiplatform/portfolio-in-compose-multiplatform/build/tasks/_portfolio-in-compose-multiplatform_buildWasmJsAppWasmJsRelease/vendors/@js-joda/core/CheatSheet.md' CREATED, '/home/runner/work/portfolio-in-compose-multiplatform/portfolio-in-compose-multiplatform/build/tasks/_portfolio-in-compose-multiplatform_buildWasmJsAppWasmJsRelease/vendors/@js-joda/core/dist/js-joda.d.ts' CREATED, '/home/runner/work/portfolio-in-compose-multiplatform/portfolio-in-compose-multiplatform/build/tasks/_portfolio-in-compose-multiplatform_buildWasmJsAppWasmJsRelease/vendors/@js-joda/core/dist/js-joda.flow.js' CREATED, '/home/runner/work/portfolio-in-compose-multiplatform/portfolio-in-compose-multiplatform/build/tasks/_portfolio-in-compose-multiplatform_buildWasmJsAppWasmJsRelease/vendors/@js-joda/core/dist/js-joda.js.map' CREATED, '/home/runner/work/portfolio-in-compose-multiplatform/portfolio-in-compose-multiplatform/build/tasks/_portfolio-in-compose-multiplatform_buildWasmJsAppWasmJsRelease/vendors/@js-joda/core/dist/js-joda.esm.js' CREATED, '/home/runner/work/portfolio-in-compose-multiplatform/portfolio-in-compose-multiplatform/build/tasks/_portfolio-in-compose-multiplatform_buildWasmJsAppWasmJsRelease/vendors/@js-joda/core/dist/js-joda.js' CREATED, '/home/runner/work/portfolio-in-compose-multiplatform/portfolio-in-compose-multiplatform/build/tasks/_portfolio-in-compose-multiplatform_buildWasmJsAppWasmJsRelease/vendors/@js-joda/core/dist/js-joda.min.js' CREATED, '/home/runner/work/portfolio-in-compose-multiplatform/portfolio-in-compose-multiplatform/build/tasks/_portfolio-in-compose-multiplatform_buildWasmJsAppWasmJsRelease/vendors/@js-joda/core/README.md' CREATED, '/home/runner/work/portfolio-in-compose-multiplatform/portfolio-in-compose-multiplatform/build/tasks/_portfolio-in-compose-multiplatform_buildWasmJsAppWasmJsRelease/import-map-loader.js' CREATED, '/home/runner/work/portfolio-in-compose-multiplatform/portfolio-in-compose-multiplatform/build/tasks/_portfolio-in-compose-multiplatform_buildWasmJsAppWasmJsRelease/index.html' CREATED, '/home/runner/work/portfolio-in-compose-multiplatform/portfolio-in-compose-multiplatform/build/tasks/_portfolio-in-compose-multiplatform_buildWasmJsAppWasmJsRelease/skiko.mjs' CREATED, '/home/runner/work/portfolio-in-compose-multiplatform/portfolio-in-compose-multiplatform/build/tasks/_portfolio-in-compose-multiplatform_buildWasmJsAppWasmJsRelease/skiko.wasm' CREATED, '/home/runner/work/portfolio-in-compose-multiplatform/portfolio-in-compose-multiplatform/build/tasks/_portfolio-in-compose-multiplatform_buildWasmJsAppWasmJsRelease/portfolio-in-compose-multiplatform.import-object.mjs' CREATED, '/home/runner/work/portfolio-in-compose-multiplatform/portfolio-in-compose-multiplatform/build/tasks/_portfolio-in-compose-multiplatform_buildWasmJsAppWasmJsRelease/portfolio-in-compose-multiplatform.wasm' CREATED
