Kotlin Toolchain version 0.13.0-dev-4320 (752e561, 2026-08-26)
running on Linux 6.17.0-1022-azure jvm arch amd64

00:01.367 DEBUG                           AmperBackend              Selected tasks to compile: :portfolio-in-compose-multiplatform:buildWasmJsAppWasmJsRelease :portfolio-in-compose-multiplatform:compileWasmJs :portfolio-in-compose-multiplatform:compileWasmJsTest :portfolio-in-compose-multiplatform:linkWasmJsRelease :portfolio-in-compose-multiplatform:linkWasmJsTestRelease
00:01.409 DEBUG :portfolio-in-compose-multiplatform:resolveDependenciesWasmJs ResolveExternalDependenciesTask$Companion resolve dependencies portfolio-in-compose-multiplatform -- common wasmJs web -- org.jetbrains.compose.components:components-resources:1.11.1 org.jetbrains.compose.foundation:foundation:1.11.1 org.jetbrains.compose.material3:material3:1.11.0-alpha07 org.jetbrains.compose.runtime:runtime:1.11.1 org.jetbrains.compose.ui:ui:1.11.1 org.jetbrains.kotlin:kotlin-stdlib:2.4.10 -- resolvePlatform=wasm nativeTarget=null wasmTarget=js
00:01.418 DEBUG generated/portfolio-in-compose-multiplatform/wasmJsTest/preparedComposeResources StateKt                   [inc] state file is missing or empty at '/home/runner/work/portfolio-in-compose-multiplatform/portfolio-in-compose-multiplatform/build/incremental.state/generated_portfolio-in-compose-multiplatform_wasmJ-6d53906b58' -> cache miss
00:01.418 DEBUG generated/portfolio-in-compose-multiplatform/wasmJsTest/preparedComposeResources IncrementalCache          [inc] building 'generated/portfolio-in-compose-multiplatform/wasmJsTest/preparedComposeResources'
00:01.420 DEBUG generated/portfolio-in-compose-multiplatform/common/src/compose/resources/commonResClass StateKt                   [inc] state file is missing or empty at '/home/runner/work/portfolio-in-compose-multiplatform/portfolio-in-compose-multiplatform/build/incremental.state/generated_portfolio-in-compose-multiplatform_commo-932110bb67' -> cache miss
00:01.420 DEBUG generated/portfolio-in-compose-multiplatform/common/src/compose/resources/commonResClass IncrementalCache          [inc] building 'generated/portfolio-in-compose-multiplatform/common/src/compose/resources/commonResClass'
00:01.422 DEBUG :portfolio-in-compose-multiplatform:resolveDependenciesWasmJs StateKt                   [inc] state file is missing or empty at '/home/runner/work/portfolio-in-compose-multiplatform/portfolio-in-compose-multiplatform/build/incremental.state/portfolio-in-compose-multiplatform_wasmJs_main-b357d9526c' -> cache miss
00:01.422 DEBUG :portfolio-in-compose-multiplatform:resolveDependenciesWasmJs IncrementalCache          [inc] building 'portfolio-in-compose-multiplatform:wasmJs:main'
00:01.424 DEBUG generated/portfolio-in-compose-multiplatform/wasmJs/preparedComposeResources StateKt                   [inc] state file is missing or empty at '/home/runner/work/portfolio-in-compose-multiplatform/portfolio-in-compose-multiplatform/build/incremental.state/generated_portfolio-in-compose-multiplatform_wasmJ-a5b90c0335' -> cache miss
00:01.424 DEBUG generated/portfolio-in-compose-multiplatform/wasmJs/preparedComposeResources IncrementalCache          [inc] building 'generated/portfolio-in-compose-multiplatform/wasmJs/preparedComposeResources'
00:01.427 DEBUG generated/portfolio-in-compose-multiplatform/common/src/compose/resources/collectors StateKt                   [inc] state file is missing or empty at '/home/runner/work/portfolio-in-compose-multiplatform/portfolio-in-compose-multiplatform/build/incremental.state/generated_portfolio-in-compose-multiplatform_commo-74d0c05194' -> cache miss
00:01.428 DEBUG generated/portfolio-in-compose-multiplatform/common/src/compose/resources/collectors IncrementalCache          [inc] building 'generated/portfolio-in-compose-multiplatform/common/src/compose/resources/collectors'
00:01.435 DEBUG generated/portfolio-in-compose-multiplatform/wasmJs/preparedComposeResources IncrementalCache          [inc] 'generated/portfolio-in-compose-multiplatform/wasmJs/preparedComposeResources' changes: 
00:01.435 DEBUG generated/portfolio-in-compose-multiplatform/common/src/compose/resources/commonResClass IncrementalCache          [inc] 'generated/portfolio-in-compose-multiplatform/common/src/compose/resources/commonResClass' changes: 
00:01.436 DEBUG generated/portfolio-in-compose-multiplatform/common/src/compose/resources/collectors IncrementalCache          [inc] 'generated/portfolio-in-compose-multiplatform/common/src/compose/resources/collectors' changes: 
00:01.437 DEBUG generated/portfolio-in-compose-multiplatform/webTest/preparedComposeResources StateKt                   [inc] state file is missing or empty at '/home/runner/work/portfolio-in-compose-multiplatform/portfolio-in-compose-multiplatform/build/incremental.state/generated_portfolio-in-compose-multiplatform_webTe-0b2acf7621' -> cache miss
00:01.437 DEBUG generated/portfolio-in-compose-multiplatform/webTest/preparedComposeResources IncrementalCache          [inc] building 'generated/portfolio-in-compose-multiplatform/webTest/preparedComposeResources'
00:01.438 DEBUG generated/portfolio-in-compose-multiplatform/webTest/preparedComposeResources IncrementalCache          [inc] 'generated/portfolio-in-compose-multiplatform/webTest/preparedComposeResources' changes: 
00:01.439 DEBUG generated/portfolio-in-compose-multiplatform/common/preparedComposeResources StateKt                   [inc] state file is missing or empty at '/home/runner/work/portfolio-in-compose-multiplatform/portfolio-in-compose-multiplatform/build/incremental.state/generated_portfolio-in-compose-multiplatform_commo-5ebdfa949c' -> cache miss
00:01.439 DEBUG generated/portfolio-in-compose-multiplatform/common/preparedComposeResources IncrementalCache          [inc] building 'generated/portfolio-in-compose-multiplatform/common/preparedComposeResources'
00:01.440 DEBUG generated/portfolio-in-compose-multiplatform/web/preparedComposeResources StateKt                   [inc] state file is missing or empty at '/home/runner/work/portfolio-in-compose-multiplatform/portfolio-in-compose-multiplatform/build/incremental.state/generated_portfolio-in-compose-multiplatform_web_p-21dcea8bf2' -> cache miss
00:01.440 DEBUG generated/portfolio-in-compose-multiplatform/web/preparedComposeResources IncrementalCache          [inc] building 'generated/portfolio-in-compose-multiplatform/web/preparedComposeResources'
00:01.440 DEBUG generated/portfolio-in-compose-multiplatform/common/preparedComposeResources IncrementalCache          [inc] 'generated/portfolio-in-compose-multiplatform/common/preparedComposeResources' changes: 
00:01.441 DEBUG generated/portfolio-in-compose-multiplatform/wasmJsTest/preparedComposeResources IncrementalCache          [inc] 'generated/portfolio-in-compose-multiplatform/wasmJsTest/preparedComposeResources' changes: 
00:01.442 DEBUG generated/portfolio-in-compose-multiplatform/commonTest/preparedComposeResources StateKt                   [inc] state file is missing or empty at '/home/runner/work/portfolio-in-compose-multiplatform/portfolio-in-compose-multiplatform/build/incremental.state/generated_portfolio-in-compose-multiplatform_commo-5b73ff78cf' -> cache miss
00:01.442 DEBUG generated/portfolio-in-compose-multiplatform/commonTest/preparedComposeResources IncrementalCache          [inc] building 'generated/portfolio-in-compose-multiplatform/commonTest/preparedComposeResources'
00:01.443 DEBUG generated/portfolio-in-compose-multiplatform/web/preparedComposeResources IncrementalCache          [inc] 'generated/portfolio-in-compose-multiplatform/web/preparedComposeResources' changes: 
00:01.443 DEBUG generated/portfolio-in-compose-multiplatform/commonTest/preparedComposeResources IncrementalCache          [inc] 'generated/portfolio-in-compose-multiplatform/commonTest/preparedComposeResources' changes: 
00:01.444 DEBUG generated/portfolio-in-compose-multiplatform/wasmJs/src/compose/resources/accessors StateKt                   [inc] state file is missing or empty at '/home/runner/work/portfolio-in-compose-multiplatform/portfolio-in-compose-multiplatform/build/incremental.state/generated_portfolio-in-compose-multiplatform_wasmJ-b1ffe85cd6' -> cache miss
00:01.444 DEBUG generated/portfolio-in-compose-multiplatform/webTest/src/compose/resources/accessors StateKt                   [inc] state file is missing or empty at '/home/runner/work/portfolio-in-compose-multiplatform/portfolio-in-compose-multiplatform/build/incremental.state/generated_portfolio-in-compose-multiplatform_webTe-f25735bb35' -> cache miss
00:01.444 DEBUG generated/portfolio-in-compose-multiplatform/wasmJs/src/compose/resources/accessors IncrementalCache          [inc] building 'generated/portfolio-in-compose-multiplatform/wasmJs/src/compose/resources/accessors'
00:01.445 DEBUG generated/portfolio-in-compose-multiplatform/webTest/src/compose/resources/accessors IncrementalCache          [inc] building 'generated/portfolio-in-compose-multiplatform/webTest/src/compose/resources/accessors'
00:01.447 DEBUG :portfolio-in-compose-multiplatform:resolveDependenciesWasmJsTest ResolveExternalDependenciesTask$Companion resolve dependencies portfolio-in-compose-multiplatform -- commonTest wasmJsTest webTest -- org.jetbrains.compose.components:components-resources:1.11.1 org.jetbrains.compose.foundation:foundation:1.11.1 org.jetbrains.compose.material3:material3:1.11.0-alpha07 org.jetbrains.compose.runtime:runtime:1.11.1 org.jetbrains.compose.ui:ui:1.11.1 org.jetbrains.kotlin:kotlin-stdlib:2.4.10 org.jetbrains.kotlin:kotlin-test-annotations-common:2.4.10 org.jetbrains.kotlin:kotlin-test:2.4.10 -- resolvePlatform=wasm nativeTarget=null wasmTarget=js
00:01.447 DEBUG generated/portfolio-in-compose-multiplatform/webTest/src/compose/resources/accessors IncrementalCache          [inc] 'generated/portfolio-in-compose-multiplatform/webTest/src/compose/resources/accessors' changes: 
00:01.448 DEBUG :portfolio-in-compose-multiplatform:resolveDependenciesWasmJsTest StateKt                   [inc] state file is missing or empty at '/home/runner/work/portfolio-in-compose-multiplatform/portfolio-in-compose-multiplatform/build/incremental.state/portfolio-in-compose-multiplatform_wasmJs_test-87897ba12d' -> cache miss
00:01.448 DEBUG generated/portfolio-in-compose-multiplatform/common/src/compose/resources/accessors StateKt                   [inc] state file is missing or empty at '/home/runner/work/portfolio-in-compose-multiplatform/portfolio-in-compose-multiplatform/build/incremental.state/generated_portfolio-in-compose-multiplatform_commo-faa021a546' -> cache miss
00:01.448 DEBUG :portfolio-in-compose-multiplatform:resolveDependenciesWasmJsTest IncrementalCache          [inc] building 'portfolio-in-compose-multiplatform:wasmJs:test'
00:01.448 DEBUG generated/portfolio-in-compose-multiplatform/common/src/compose/resources/accessors IncrementalCache          [inc] building 'generated/portfolio-in-compose-multiplatform/common/src/compose/resources/accessors'
00:01.450 DEBUG generated/portfolio-in-compose-multiplatform/wasmJs/src/compose/resources/accessors IncrementalCache          [inc] 'generated/portfolio-in-compose-multiplatform/wasmJs/src/compose/resources/accessors' changes: 
00:01.450 DEBUG generated/portfolio-in-compose-multiplatform/common/src/compose/resources/accessors IncrementalCache          [inc] 'generated/portfolio-in-compose-multiplatform/common/src/compose/resources/accessors' changes: 
00:01.451 DEBUG generated/portfolio-in-compose-multiplatform/wasmJsTest/src/compose/resources/accessors StateKt                   [inc] state file is missing or empty at '/home/runner/work/portfolio-in-compose-multiplatform/portfolio-in-compose-multiplatform/build/incremental.state/generated_portfolio-in-compose-multiplatform_wasmJ-fc0ab1ea76' -> cache miss
00:01.451 DEBUG generated/portfolio-in-compose-multiplatform/wasmJsTest/src/compose/resources/accessors IncrementalCache          [inc] building 'generated/portfolio-in-compose-multiplatform/wasmJsTest/src/compose/resources/accessors'
00:01.453 DEBUG generated/portfolio-in-compose-multiplatform/web/src/compose/resources/accessors StateKt                   [inc] state file is missing or empty at '/home/runner/work/portfolio-in-compose-multiplatform/portfolio-in-compose-multiplatform/build/incremental.state/generated_portfolio-in-compose-multiplatform_web_s-2ad102e62b' -> cache miss
00:01.453 DEBUG generated/portfolio-in-compose-multiplatform/web/src/compose/resources/accessors IncrementalCache          [inc] building 'generated/portfolio-in-compose-multiplatform/web/src/compose/resources/accessors'
00:01.453 DEBUG artifacts/MergedPreparedComposeResourcesDirArtifact/portfolio-in-compose-multiplatformwasmJs StateKt                   [inc] state file is missing or empty at '/home/runner/work/portfolio-in-compose-multiplatform/portfolio-in-compose-multiplatform/build/incremental.state/artifacts_MergedPreparedComposeResourcesDirArtifac-890e5955c0' -> cache miss
00:01.453 DEBUG artifacts/MergedPreparedComposeResourcesDirArtifact/portfolio-in-compose-multiplatformwasmJs IncrementalCache          [inc] building 'artifacts/MergedPreparedComposeResourcesDirArtifact/portfolio-in-compose-multiplatformwasmJs'
00:01.454 DEBUG generated/portfolio-in-compose-multiplatform/web/src/compose/resources/accessors IncrementalCache          [inc] 'generated/portfolio-in-compose-multiplatform/web/src/compose/resources/accessors' changes: 
00:01.454 DEBUG artifacts/MergedPreparedComposeResourcesDirArtifact/portfolio-in-compose-multiplatformwasmJs IncrementalCache          [inc] 'artifacts/MergedPreparedComposeResourcesDirArtifact/portfolio-in-compose-multiplatformwasmJs' changes: 
00:01.455 DEBUG generated/portfolio-in-compose-multiplatform/wasmJsTest/src/compose/resources/accessors IncrementalCache          [inc] 'generated/portfolio-in-compose-multiplatform/wasmJsTest/src/compose/resources/accessors' changes: 
00:01.457 DEBUG generated/portfolio-in-compose-multiplatform/commonTest/src/compose/resources/accessors StateKt                   [inc] state file is missing or empty at '/home/runner/work/portfolio-in-compose-multiplatform/portfolio-in-compose-multiplatform/build/incremental.state/generated_portfolio-in-compose-multiplatform_commo-5d975efab3' -> cache miss
00:01.457 DEBUG generated/portfolio-in-compose-multiplatform/commonTest/src/compose/resources/accessors IncrementalCache          [inc] building 'generated/portfolio-in-compose-multiplatform/commonTest/src/compose/resources/accessors'
00:01.458 DEBUG generated/portfolio-in-compose-multiplatform/wasmJs/src/compose/resources/collectors StateKt                   [inc] state file is missing or empty at '/home/runner/work/portfolio-in-compose-multiplatform/portfolio-in-compose-multiplatform/build/incremental.state/generated_portfolio-in-compose-multiplatform_wasmJ-d16b9c0646' -> cache miss
00:01.458 DEBUG generated/portfolio-in-compose-multiplatform/commonTest/src/compose/resources/accessors IncrementalCache          [inc] 'generated/portfolio-in-compose-multiplatform/commonTest/src/compose/resources/accessors' changes: 
00:01.458 DEBUG generated/portfolio-in-compose-multiplatform/wasmJs/src/compose/resources/collectors IncrementalCache          [inc] building 'generated/portfolio-in-compose-multiplatform/wasmJs/src/compose/resources/collectors'
00:01.459 DEBUG generated/portfolio-in-compose-multiplatform/wasmJs/src/compose/resources/collectors IncrementalCache          [inc] 'generated/portfolio-in-compose-multiplatform/wasmJs/src/compose/resources/collectors' changes: 
00:01.487 DEBUG :portfolio-in-compose-multiplatform:resolveDependenciesWasmJsTest StateKt                   [inc] state file is missing or empty at '/home/runner/work/portfolio-in-compose-multiplatform/portfolio-in-compose-multiplatform/build/incremental.state/_home_runner_work_portfolio-in-compose-multiplatfo-9512098049' -> cache miss
00:01.487 DEBUG :portfolio-in-compose-multiplatform:resolveDependenciesWasmJsTest IncrementalCache          [inc] building '/home/runner/work/portfolio-in-compose-multiplatform/portfolio-in-compose-multiplatform,leaf platforms,true,ResolutionConfigPlain(scope=COMPILE, platforms=[JVM], repositoryUrls=[https://repo1.maven.org/maven2]),false,true,NETWORK'
00:01.489 DEBUG :portfolio-in-compose-multiplatform:resolveDependenciesWasmJs StateKt                   [inc] state file is missing or empty at '/home/runner/work/portfolio-in-compose-multiplatform/portfolio-in-compose-multiplatform/build/incremental.state/_home_runner_work_portfolio-in-compose-multiplatfo-d5d20ceee9' -> cache miss
00:01.489 DEBUG :portfolio-in-compose-multiplatform:resolveDependenciesWasmJs IncrementalCache          [inc] building '/home/runner/work/portfolio-in-compose-multiplatform/portfolio-in-compose-multiplatform,leaf platforms,false,ResolutionConfigPlain(scope=COMPILE, platforms=[JVM], repositoryUrls=[https://repo1.maven.org/maven2]),false,true,NETWORK'
00:02.165 DEBUG :portfolio-in-compose-multiplatform:resolveDependenciesWasmJs DependencyFileImpl        Downloaded https://repo1.maven.org/maven2/org/jetbrains/compose/ui/ui/1.11.1/ui-1.11.1.pom.sha512 for the dependency org.jetbrains.compose.ui:ui:1.11.1
00:02.166 DEBUG :portfolio-in-compose-multiplatform:resolveDependenciesWasmJsTest DependencyFileImpl        Downloaded https://repo1.maven.org/maven2/org/jetbrains/compose/material3/material3/1.11.0-alpha07/material3-1.11.0-alpha07.pom.sha512 for the dependency org.jetbrains.compose.material3:material3:1.11.0-alpha07
00:02.169 DEBUG :portfolio-in-compose-multiplatform:resolveDependenciesWasmJsTest DependencyFileImpl        Downloaded https://repo1.maven.org/maven2/org/jetbrains/compose/runtime/runtime/1.11.1/runtime-1.11.1.pom.sha512 for the dependency org.jetbrains.compose.runtime:runtime:1.11.1
00:02.169 DEBUG :portfolio-in-compose-multiplatform:resolveDependenciesWasmJsTest DependencyFileImpl        Downloaded https://repo1.maven.org/maven2/org/jetbrains/compose/foundation/foundation/1.11.1/foundation-1.11.1.pom.sha512 for the dependency org.jetbrains.compose.foundation:foundation:1.11.1
00:02.174 DEBUG :portfolio-in-compose-multiplatform:resolveDependenciesWasmJs DependencyFileImpl        Downloaded https://repo1.maven.org/maven2/org/jetbrains/compose/components/components-resources/1.11.1/components-resources-1.11.1.pom.sha512 for the dependency org.jetbrains.compose.components:components-resources:1.11.1
00:02.198 DEBUG :portfolio-in-compose-multiplatform:resolveDependenciesWasmJs DependencyFileImpl        Downloaded https://repo1.maven.org/maven2/org/jetbrains/compose/components/components-resources/1.11.1/components-resources-1.11.1.pom for the dependency org.jetbrains.compose.components:components-resources:1.11.1
00:02.203 DEBUG :portfolio-in-compose-multiplatform:resolveDependenciesWasmJsTest DependencyFileImpl        Downloaded https://repo1.maven.org/maven2/org/jetbrains/compose/foundation/foundation/1.11.1/foundation-1.11.1.pom for the dependency org.jetbrains.compose.foundation:foundation:1.11.1
00:02.211 DEBUG :portfolio-in-compose-multiplatform:resolveDependenciesWasmJsTest DependencyFileImpl        Downloaded https://repo1.maven.org/maven2/org/jetbrains/compose/material3/material3/1.11.0-alpha07/material3-1.11.0-alpha07.pom for the dependency org.jetbrains.compose.material3:material3:1.11.0-alpha07
00:02.220 DEBUG :portfolio-in-compose-multiplatform:resolveDependenciesWasmJsTest DependencyFileImpl        Downloaded https://repo1.maven.org/maven2/org/jetbrains/compose/runtime/runtime/1.11.1/runtime-1.11.1.pom for the dependency org.jetbrains.compose.runtime:runtime:1.11.1
00:02.225 DEBUG :portfolio-in-compose-multiplatform:resolveDependenciesWasmJs DependencyFileImpl        Downloaded https://repo1.maven.org/maven2/org/jetbrains/compose/ui/ui/1.11.1/ui-1.11.1.pom for the dependency org.jetbrains.compose.ui:ui:1.11.1
00:02.228 DEBUG :portfolio-in-compose-multiplatform:resolveDependenciesWasmJsTest DependencyFileImpl        Not found URL: https://repo1.maven.org/maven2/org/jetbrains/kotlin/kotlin-stdlib/2.4.10/kotlin-stdlib-2.4.10.pom.sha512
00:02.237 DEBUG :portfolio-in-compose-multiplatform:resolveDependenciesWasmJsTest DependencyFileImpl        Downloaded https://repo1.maven.org/maven2/org/jetbrains/compose/foundation/foundation/1.11.1/foundation-1.11.1.module.sha512 for the dependency org.jetbrains.compose.foundation:foundation:1.11.1
00:02.242 DEBUG :portfolio-in-compose-multiplatform:resolveDependenciesWasmJs DependencyFileImpl        Downloaded https://repo1.maven.org/maven2/org/jetbrains/compose/components/components-resources/1.11.1/components-resources-1.11.1.module.sha512 for the dependency org.jetbrains.compose.components:components-resources:1.11.1
00:02.248 DEBUG :portfolio-in-compose-multiplatform:resolveDependenciesWasmJsTest DependencyFileImpl        Downloaded https://repo1.maven.org/maven2/org/jetbrains/compose/material3/material3/1.11.0-alpha07/material3-1.11.0-alpha07.module.sha512 for the dependency org.jetbrains.compose.material3:material3:1.11.0-alpha07
00:02.248 DEBUG :portfolio-in-compose-multiplatform:resolveDependenciesWasmJsTest DependencyFileImpl        Downloaded https://repo1.maven.org/maven2/org/jetbrains/compose/runtime/runtime/1.11.1/runtime-1.11.1.module.sha512 for the dependency org.jetbrains.compose.runtime:runtime:1.11.1
00:02.252 DEBUG :portfolio-in-compose-multiplatform:resolveDependenciesWasmJs DependencyFileImpl        Downloaded https://repo1.maven.org/maven2/org/jetbrains/compose/ui/ui/1.11.1/ui-1.11.1.module.sha512 for the dependency org.jetbrains.compose.ui:ui:1.11.1
00:02.260 DEBUG :portfolio-in-compose-multiplatform:resolveDependenciesWasmJsTest DependencyFileImpl        Downloaded https://repo1.maven.org/maven2/org/jetbrains/compose/foundation/foundation/1.11.1/foundation-1.11.1.module for the dependency org.jetbrains.compose.foundation:foundation:1.11.1
00:02.270 DEBUG :portfolio-in-compose-multiplatform:resolveDependenciesWasmJs DependencyFileImpl        Downloaded https://repo1.maven.org/maven2/org/jetbrains/compose/components/components-resources/1.11.1/components-resources-1.11.1.module for the dependency org.jetbrains.compose.components:components-resources:1.11.1
00:02.279 DEBUG :portfolio-in-compose-multiplatform:resolveDependenciesWasmJsTest DependencyFileImpl        Downloaded https://repo1.maven.org/maven2/org/jetbrains/compose/runtime/runtime/1.11.1/runtime-1.11.1.module for the dependency org.jetbrains.compose.runtime:runtime:1.11.1
00:02.279 DEBUG :portfolio-in-compose-multiplatform:resolveDependenciesWasmJsTest DependencyFileImpl        Not found URL: https://repo1.maven.org/maven2/org/jetbrains/kotlin/kotlin-test/2.4.10/kotlin-test-2.4.10.pom.sha512
00:02.290 DEBUG :portfolio-in-compose-multiplatform:resolveDependenciesWasmJs DependencyFileImpl        Downloaded https://repo1.maven.org/maven2/org/jetbrains/compose/ui/ui/1.11.1/ui-1.11.1.module for the dependency org.jetbrains.compose.ui:ui:1.11.1
00:02.292 DEBUG :portfolio-in-compose-multiplatform:resolveDependenciesWasmJsTest DependencyFileImpl        Not found URL: https://repo1.maven.org/maven2/org/jetbrains/kotlin/kotlin-test-annotations-common/2.4.10/kotlin-test-annotations-common-2.4.10.pom.sha512
00:02.323 DEBUG :portfolio-in-compose-multiplatform:resolveDependenciesWasmJsTest DependencyFileImpl        Downloaded https://repo1.maven.org/maven2/org/jetbrains/compose/material3/material3/1.11.0-alpha07/material3-1.11.0-alpha07.module for the dependency org.jetbrains.compose.material3:material3:1.11.0-alpha07
00:02.365 DEBUG :portfolio-in-compose-multiplatform:resolveDependenciesWasmJsTest DependencyFileImpl        Downloaded https://repo1.maven.org/maven2/org/jetbrains/compose/components/components-resources-wasmJs/1.11.1/components-resources-wasmJs-1.11.1.pom.sha512 for the dependency org.jetbrains.compose.components:components-resources-wasmJs:1.11.1
00:02.368 DEBUG :portfolio-in-compose-multiplatform:resolveDependenciesWasmJsTest DependencyFileImpl        Downloaded https://repo1.maven.org/maven2/org/jetbrains/compose/runtime/runtime-wasm-js/1.11.1/runtime-wasm-js-1.11.1.pom.sha512 for the dependency org.jetbrains.compose.runtime:runtime-wasm-js:1.11.1
00:02.371 DEBUG :portfolio-in-compose-multiplatform:resolveDependenciesWasmJs DependencyFileImpl        Downloaded https://repo1.maven.org/maven2/org/jetbrains/compose/foundation/foundation-wasm-js/1.11.1/foundation-wasm-js-1.11.1.pom.sha512 for the dependency org.jetbrains.compose.foundation:foundation-wasm-js:1.11.1
00:02.372 DEBUG :portfolio-in-compose-multiplatform:resolveDependenciesWasmJs DependencyFileImpl        Downloaded https://repo1.maven.org/maven2/org/jetbrains/compose/material3/material3-wasm-js/1.11.0-alpha07/material3-wasm-js-1.11.0-alpha07.pom.sha512 for the dependency org.jetbrains.compose.material3:material3-wasm-js:1.11.0-alpha07
00:02.384 DEBUG :portfolio-in-compose-multiplatform:resolveDependenciesWasmJsTest DependencyFileImpl        Downloaded https://repo1.maven.org/maven2/org/jetbrains/compose/components/components-resources-wasmJs/1.11.1/components-resources-wasmJs-1.11.1.pom for the dependency org.jetbrains.compose.components:components-resources-wasmJs:1.11.1
00:02.392 DEBUG :portfolio-in-compose-multiplatform:resolveDependenciesWasmJsTest DependencyFileImpl        Downloaded https://repo1.maven.org/maven2/org/jetbrains/compose/runtime/runtime-wasm-js/1.11.1/runtime-wasm-js-1.11.1.pom for the dependency org.jetbrains.compose.runtime:runtime-wasm-js:1.11.1
00:02.395 DEBUG :portfolio-in-compose-multiplatform:resolveDependenciesWasmJs DependencyFileImpl        Downloaded https://repo1.maven.org/maven2/org/jetbrains/compose/foundation/foundation-wasm-js/1.11.1/foundation-wasm-js-1.11.1.pom for the dependency org.jetbrains.compose.foundation:foundation-wasm-js:1.11.1
00:02.401 DEBUG :portfolio-in-compose-multiplatform:resolveDependenciesWasmJs DependencyFileImpl        Downloaded https://repo1.maven.org/maven2/org/jetbrains/compose/material3/material3-wasm-js/1.11.0-alpha07/material3-wasm-js-1.11.0-alpha07.pom for the dependency org.jetbrains.compose.material3:material3-wasm-js:1.11.0-alpha07
00:02.410 DEBUG :portfolio-in-compose-multiplatform:resolveDependenciesWasmJsTest DependencyFileImpl        Downloaded https://repo1.maven.org/maven2/org/jetbrains/compose/components/components-resources-wasmJs/1.11.1/components-resources-wasmJs-1.11.1.module.sha512 for the dependency org.jetbrains.compose.components:components-resources-wasmJs:1.11.1
00:02.417 DEBUG :portfolio-in-compose-multiplatform:resolveDependenciesWasmJsTest DependencyFileImpl        Downloaded https://repo1.maven.org/maven2/org/jetbrains/compose/ui/ui-wasm-js/1.11.1/ui-wasm-js-1.11.1.pom.sha512 for the dependency org.jetbrains.compose.ui:ui-wasm-js:1.11.1
00:02.420 DEBUG :portfolio-in-compose-multiplatform:resolveDependenciesWasmJs DependencyFileImpl        Downloaded https://repo1.maven.org/maven2/org/jetbrains/compose/foundation/foundation-wasm-js/1.11.1/foundation-wasm-js-1.11.1.module.sha512 for the dependency org.jetbrains.compose.foundation:foundation-wasm-js:1.11.1
00:02.422 DEBUG :portfolio-in-compose-multiplatform:resolveDependenciesWasmJsTest DependencyFileImpl        Not found URL: https://maven.google.com/org/jetbrains/kotlin/kotlin-stdlib/2.4.10/kotlin-stdlib-2.4.10.pom.sha512
00:02.425 DEBUG :portfolio-in-compose-multiplatform:resolveDependenciesWasmJsTest DependencyFileImpl        Downloaded https://repo1.maven.org/maven2/org/jetbrains/compose/runtime/runtime-wasm-js/1.11.1/runtime-wasm-js-1.11.1.module.sha512 for the dependency org.jetbrains.compose.runtime:runtime-wasm-js:1.11.1
00:02.428 DEBUG :portfolio-in-compose-multiplatform:resolveDependenciesWasmJsTest DependencyFileImpl        Downloaded https://repo1.maven.org/maven2/org/jetbrains/compose/material3/material3-wasm-js/1.11.0-alpha07/material3-wasm-js-1.11.0-alpha07.module.sha512 for the dependency org.jetbrains.compose.material3:material3-wasm-js:1.11.0-alpha07
00:02.431 DEBUG :portfolio-in-compose-multiplatform:resolveDependenciesWasmJsTest DependencyFileImpl        Downloaded https://repo1.maven.org/maven2/org/jetbrains/compose/components/components-resources-wasmJs/1.11.1/components-resources-wasmJs-1.11.1.module for the dependency org.jetbrains.compose.components:components-resources-wasmJs:1.11.1
00:02.433 DEBUG :portfolio-in-compose-multiplatform:resolveDependenciesWasmJsTest DependencyFileImpl        Not found URL: https://maven.google.com/org/jetbrains/kotlin/kotlin-test/2.4.10/kotlin-test-2.4.10.pom.sha512
00:02.437 DEBUG :portfolio-in-compose-multiplatform:resolveDependenciesWasmJsTest DependencyFileImpl        Not found URL: https://maven.google.com/org/jetbrains/kotlin/kotlin-test-annotations-common/2.4.10/kotlin-test-annotations-common-2.4.10.pom.sha512
00:02.442 DEBUG :portfolio-in-compose-multiplatform:resolveDependenciesWasmJsTest DependencyFileImpl        Downloaded https://repo1.maven.org/maven2/org/jetbrains/compose/ui/ui-wasm-js/1.11.1/ui-wasm-js-1.11.1.pom for the dependency org.jetbrains.compose.ui:ui-wasm-js:1.11.1
00:02.444 DEBUG :portfolio-in-compose-multiplatform:resolveDependenciesWasmJs DependencyFileImpl        Downloaded https://repo1.maven.org/maven2/org/jetbrains/compose/foundation/foundation-wasm-js/1.11.1/foundation-wasm-js-1.11.1.module for the dependency org.jetbrains.compose.foundation:foundation-wasm-js:1.11.1
00:02.453 DEBUG :portfolio-in-compose-multiplatform:resolveDependenciesWasmJsTest DependencyFileImpl        Downloaded https://repo1.maven.org/maven2/org/jetbrains/compose/runtime/runtime-wasm-js/1.11.1/runtime-wasm-js-1.11.1.module for the dependency org.jetbrains.compose.runtime:runtime-wasm-js:1.11.1
00:02.456 DEBUG :portfolio-in-compose-multiplatform:resolveDependenciesWasmJsTest DependencyFileImpl        Downloaded https://repo1.maven.org/maven2/org/jetbrains/compose/material3/material3-wasm-js/1.11.0-alpha07/material3-wasm-js-1.11.0-alpha07.module for the dependency org.jetbrains.compose.material3:material3-wasm-js:1.11.0-alpha07
00:02.528 DEBUG :portfolio-in-compose-multiplatform:resolveDependenciesWasmJs DependencyFileImpl        Downloaded https://repo1.maven.org/maven2/org/jetbrains/kotlinx/kotlinx-coroutines-core/1.8.0/kotlinx-coroutines-core-1.8.0.pom.sha512 for the dependency org.jetbrains.kotlinx:kotlinx-coroutines-core:1.8.0
00:02.529 DEBUG :portfolio-in-compose-multiplatform:resolveDependenciesWasmJs DependencyFileImpl        Downloaded https://repo1.maven.org/maven2/org/jetbrains/compose/animation/animation-core/1.11.0-beta03/animation-core-1.11.0-beta03.pom.sha512 for the dependency org.jetbrains.compose.animation:animation-core:1.11.0-beta03
00:02.531 DEBUG :portfolio-in-compose-multiplatform:resolveDependenciesWasmJs DependencyFileImpl        Downloaded https://repo1.maven.org/maven2/org/jetbrains/compose/material/material-ripple/1.11.0-beta03/material-ripple-1.11.0-beta03.pom.sha512 for the dependency org.jetbrains.compose.material:material-ripple:1.11.0-beta03
00:02.550 DEBUG :portfolio-in-compose-multiplatform:resolveDependenciesWasmJs DependencyFileImpl        Downloaded https://repo1.maven.org/maven2/org/jetbrains/kotlinx/kotlinx-coroutines-core/1.8.0/kotlinx-coroutines-core-1.8.0.pom for the dependency org.jetbrains.kotlinx:kotlinx-coroutines-core:1.8.0
00:02.554 DEBUG :portfolio-in-compose-multiplatform:resolveDependenciesWasmJs DependencyFileImpl        Downloaded https://repo1.maven.org/maven2/org/jetbrains/compose/animation/animation-core/1.11.0-beta03/animation-core-1.11.0-beta03.pom for the dependency org.jetbrains.compose.animation:animation-core:1.11.0-beta03
00:02.571 DEBUG :portfolio-in-compose-multiplatform:resolveDependenciesWasmJs DependencyFileImpl        Downloaded https://repo1.maven.org/maven2/org/jetbrains/kotlinx/kotlinx-coroutines-core/1.8.0/kotlinx-coroutines-core-1.8.0.module.sha512 for the dependency org.jetbrains.kotlinx:kotlinx-coroutines-core:1.8.0
00:02.573 DEBUG :portfolio-in-compose-multiplatform:resolveDependenciesWasmJs DependencyFileImpl        Downloaded https://repo1.maven.org/maven2/org/jetbrains/compose/material/material-ripple/1.11.0-beta03/material-ripple-1.11.0-beta03.pom for the dependency org.jetbrains.compose.material:material-ripple:1.11.0-beta03
00:02.577 DEBUG :portfolio-in-compose-multiplatform:resolveDependenciesWasmJsTest DependencyFileImpl        Not found URL: https://repo1.maven.org/maven2/org/jetbrains/kotlin/kotlin-test-annotations-common/2.4.10/kotlin-test-annotations-common-2.4.10.pom.sha256
00:02.587 DEBUG :portfolio-in-compose-multiplatform:resolveDependenciesWasmJsTest DependencyFileImpl        Not found URL: https://repo1.maven.org/maven2/org/jetbrains/kotlin/kotlin-test/2.4.10/kotlin-test-2.4.10.pom.sha256
00:02.589 DEBUG :portfolio-in-compose-multiplatform:resolveDependenciesWasmJs DependencyFileImpl        Downloaded https://repo1.maven.org/maven2/org/jetbrains/compose/animation/animation-core/1.11.0-beta03/animation-core-1.11.0-beta03.module.sha512 for the dependency org.jetbrains.compose.animation:animation-core:1.11.0-beta03
00:02.597 DEBUG :portfolio-in-compose-multiplatform:resolveDependenciesWasmJs DependencyFileImpl        Downloaded https://repo1.maven.org/maven2/org/jetbrains/kotlinx/kotlinx-coroutines-core/1.8.0/kotlinx-coroutines-core-1.8.0.module for the dependency org.jetbrains.kotlinx:kotlinx-coroutines-core:1.8.0
00:02.605 DEBUG :portfolio-in-compose-multiplatform:resolveDependenciesWasmJs DependencyFileImpl        Downloaded https://repo1.maven.org/maven2/org/jetbrains/compose/material/material-ripple/1.11.0-beta03/material-ripple-1.11.0-beta03.module.sha512 for the dependency org.jetbrains.compose.material:material-ripple:1.11.0-beta03
00:02.617 DEBUG :portfolio-in-compose-multiplatform:resolveDependenciesWasmJs DependencyFileImpl        Downloaded https://repo1.maven.org/maven2/org/jetbrains/compose/animation/animation-core/1.11.0-beta03/animation-core-1.11.0-beta03.module for the dependency org.jetbrains.compose.animation:animation-core:1.11.0-beta03
00:02.628 DEBUG :portfolio-in-compose-multiplatform:resolveDependenciesWasmJs DependencyFileImpl        Downloaded https://repo1.maven.org/maven2/org/jetbrains/compose/material/material-ripple/1.11.0-beta03/material-ripple-1.11.0-beta03.module for the dependency org.jetbrains.compose.material:material-ripple:1.11.0-beta03
00:02.640 DEBUG :portfolio-in-compose-multiplatform:resolveDependenciesWasmJsTest DependencyFileImpl        Downloaded https://repo1.maven.org/maven2/org/jetbrains/kotlinx/kotlinx-coroutines-core-wasm-js/1.8.0/kotlinx-coroutines-core-wasm-js-1.8.0.pom.sha512 for the dependency org.jetbrains.kotlinx:kotlinx-coroutines-core-wasm-js:1.8.0
00:02.648 DEBUG :portfolio-in-compose-multiplatform:resolveDependenciesWasmJs DependencyFileImpl        Downloaded https://repo1.maven.org/maven2/org/jetbrains/compose/animation/animation-core-wasm-js/1.11.0-beta03/animation-core-wasm-js-1.11.0-beta03.pom.sha512 for the dependency org.jetbrains.compose.animation:animation-core-wasm-js:1.11.0-beta03
00:02.650 DEBUG :portfolio-in-compose-multiplatform:resolveDependenciesWasmJsTest DependencyFileImpl        Not found URL: https://maven.google.com/org/jetbrains/kotlin/kotlin-test-annotations-common/2.4.10/kotlin-test-annotations-common-2.4.10.pom.sha256
00:02.651 DEBUG :portfolio-in-compose-multiplatform:resolveDependenciesWasmJs DependencyFileImpl        Not found URL: https://repo1.maven.org/maven2/org/jetbrains/kotlinx/kotlinx-browser/0.5.0/kotlinx-browser-0.5.0.pom.sha512
00:02.658 DEBUG :portfolio-in-compose-multiplatform:resolveDependenciesWasmJsTest DependencyFileImpl        Not found URL: https://repo1.maven.org/maven2/org/jetbrains/kotlinx/atomicfu/0.28.0/atomicfu-0.28.0.pom.sha512
00:02.660 DEBUG :portfolio-in-compose-multiplatform:resolveDependenciesWasmJsTest DependencyFileImpl        Not found URL: https://repo1.maven.org/maven2/androidx/collection/collection/1.5.0/collection-1.5.0.pom.sha512
00:02.661 DEBUG :portfolio-in-compose-multiplatform:resolveDependenciesWasmJsTest DependencyFileImpl        Not found URL: https://repo1.maven.org/maven2/org/jetbrains/kotlin/kotlin-stdlib-wasm-js/2.3.20/kotlin-stdlib-wasm-js-2.3.20.pom.sha512
00:02.661 DEBUG :portfolio-in-compose-multiplatform:resolveDependenciesWasmJsTest DependencyFileImpl        Downloaded https://repo1.maven.org/maven2/org/jetbrains/compose/material/material-ripple-wasm-js/1.11.0-beta03/material-ripple-wasm-js-1.11.0-beta03.pom.sha512 for the dependency org.jetbrains.compose.material:material-ripple-wasm-js:1.11.0-beta03
00:02.667 DEBUG :portfolio-in-compose-multiplatform:resolveDependenciesWasmJsTest DependencyFileImpl        Downloaded https://repo1.maven.org/maven2/org/jetbrains/kotlinx/kotlinx-coroutines-core-wasm-js/1.8.0/kotlinx-coroutines-core-wasm-js-1.8.0.pom for the dependency org.jetbrains.kotlinx:kotlinx-coroutines-core-wasm-js:1.8.0
00:02.669 DEBUG :portfolio-in-compose-multiplatform:resolveDependenciesWasmJs DependencyFileImpl        Downloaded https://repo1.maven.org/maven2/org/jetbrains/compose/animation/animation-core-wasm-js/1.11.0-beta03/animation-core-wasm-js-1.11.0-beta03.pom for the dependency org.jetbrains.compose.animation:animation-core-wasm-js:1.11.0-beta03
00:02.669 DEBUG :portfolio-in-compose-multiplatform:resolveDependenciesWasmJsTest DependencyFileImpl        Downloaded https://repo1.maven.org/maven2/org/jetbrains/kotlin/kotlin-test-annotations-common/2.4.10/kotlin-test-annotations-common-2.4.10.pom.sha1 for the dependency org.jetbrains.kotlin:kotlin-test-annotations-common:2.4.10
00:02.675 DEBUG :portfolio-in-compose-multiplatform:resolveDependenciesWasmJs DependencyFileImpl        Not found URL: https://repo1.maven.org/maven2/org/jetbrains/kotlinx/kotlinx-datetime/0.7.1/kotlinx-datetime-0.7.1.pom.sha512
00:02.685 DEBUG :portfolio-in-compose-multiplatform:resolveDependenciesWasmJsTest DependencyFileImpl        Not found URL: https://maven.google.com/org/jetbrains/kotlin/kotlin-test/2.4.10/kotlin-test-2.4.10.pom.sha256
00:02.688 DEBUG :portfolio-in-compose-multiplatform:resolveDependenciesWasmJs DependencyFileImpl        Not found URL: https://repo1.maven.org/maven2/androidx/graphics/graphics-shapes/1.1.0/graphics-shapes-1.1.0.pom.sha512
00:02.690 DEBUG :portfolio-in-compose-multiplatform:resolveDependenciesWasmJsTest DependencyFileImpl        Downloaded https://repo1.maven.org/maven2/org/jetbrains/compose/material/material-ripple-wasm-js/1.11.0-beta03/material-ripple-wasm-js-1.11.0-beta03.pom for the dependency org.jetbrains.compose.material:material-ripple-wasm-js:1.11.0-beta03
00:02.696 DEBUG :portfolio-in-compose-multiplatform:resolveDependenciesWasmJsTest DependencyFileImpl        Downloaded https://repo1.maven.org/maven2/org/jetbrains/kotlin/kotlin-test-annotations-common/2.4.10/kotlin-test-annotations-common-2.4.10.pom for the dependency org.jetbrains.kotlin:kotlin-test-annotations-common:2.4.10
00:02.697 DEBUG :portfolio-in-compose-multiplatform:resolveDependenciesWasmJs DependencyFileImpl        Downloaded https://repo1.maven.org/maven2/org/jetbrains/compose/animation/animation-core-wasm-js/1.11.0-beta03/animation-core-wasm-js-1.11.0-beta03.module.sha512 for the dependency org.jetbrains.compose.animation:animation-core-wasm-js:1.11.0-beta03
00:02.706 DEBUG :portfolio-in-compose-multiplatform:resolveDependenciesWasmJsTest DependencyFileImpl        Downloaded https://repo1.maven.org/maven2/org/jetbrains/kotlinx/kotlinx-coroutines-core-wasm-js/1.8.0/kotlinx-coroutines-core-wasm-js-1.8.0.module.sha512 for the dependency org.jetbrains.kotlinx:kotlinx-coroutines-core-wasm-js:1.8.0
00:02.708 DEBUG :portfolio-in-compose-multiplatform:resolveDependenciesWasmJsTest DependencyFileImpl        Downloaded https://repo1.maven.org/maven2/org/jetbrains/kotlin/kotlin-test/2.4.10/kotlin-test-2.4.10.pom.sha1 for the dependency org.jetbrains.kotlin:kotlin-test:2.4.10
00:02.714 DEBUG :portfolio-in-compose-multiplatform:resolveDependenciesWasmJsTest DependencyFileImpl        Downloaded https://repo1.maven.org/maven2/org/jetbrains/compose/material/material-ripple-wasm-js/1.11.0-beta03/material-ripple-wasm-js-1.11.0-beta03.module.sha512 for the dependency org.jetbrains.compose.material:material-ripple-wasm-js:1.11.0-beta03
00:02.718 DEBUG :portfolio-in-compose-multiplatform:resolveDependenciesWasmJs DependencyFileImpl        Downloaded https://repo1.maven.org/maven2/org/jetbrains/compose/animation/animation-core-wasm-js/1.11.0-beta03/animation-core-wasm-js-1.11.0-beta03.module for the dependency org.jetbrains.compose.animation:animation-core-wasm-js:1.11.0-beta03
00:02.728 DEBUG :portfolio-in-compose-multiplatform:resolveDependenciesWasmJsTest DependencyFileImpl        Downloaded https://repo1.maven.org/maven2/org/jetbrains/kotlin/kotlin-test/2.4.10/kotlin-test-2.4.10.pom for the dependency org.jetbrains.kotlin:kotlin-test:2.4.10
00:02.735 DEBUG :portfolio-in-compose-multiplatform:resolveDependenciesWasmJsTest DependencyFileImpl        Downloaded https://repo1.maven.org/maven2/org/jetbrains/compose/material/material-ripple-wasm-js/1.11.0-beta03/material-ripple-wasm-js-1.11.0-beta03.module for the dependency org.jetbrains.compose.material:material-ripple-wasm-js:1.11.0-beta03
00:02.737 DEBUG :portfolio-in-compose-multiplatform:resolveDependenciesWasmJs DependencyFileImpl        Not found URL: https://maven.google.com/org/jetbrains/kotlinx/kotlinx-browser/0.5.0/kotlinx-browser-0.5.0.pom.sha512
00:02.740 DEBUG :portfolio-in-compose-multiplatform:resolveDependenciesWasmJsTest DependencyFileImpl        Not found URL: https://maven.google.com/org/jetbrains/kotlin/kotlin-stdlib-wasm-js/2.3.20/kotlin-stdlib-wasm-js-2.3.20.pom.sha512
00:02.742 DEBUG :portfolio-in-compose-multiplatform:resolveDependenciesWasmJsTest DependencyFileImpl        Not found URL: https://maven.google.com/org/jetbrains/kotlinx/atomicfu/0.28.0/atomicfu-0.28.0.pom.sha512
00:02.745 DEBUG :portfolio-in-compose-multiplatform:resolveDependenciesWasmJsTest DependencyFileImpl        Downloaded https://repo1.maven.org/maven2/org/jetbrains/compose/collection-internal/collection/1.10.0/collection-1.10.0.pom.sha512 for the dependency org.jetbrains.compose.collection-internal:collection:1.10.0
00:02.749 DEBUG :portfolio-in-compose-multiplatform:resolveDependenciesWasmJsTest DependencyFileImpl        Downloaded https://repo1.maven.org/maven2/org/jetbrains/compose/ui/ui-graphics/1.11.0-beta03/ui-graphics-1.11.0-beta03.pom.sha512 for the dependency org.jetbrains.compose.ui:ui-graphics:1.11.0-beta03
00:02.751 DEBUG :portfolio-in-compose-multiplatform:resolveDependenciesWasmJsTest DependencyFileImpl        Downloaded https://maven.google.com/androidx/collection/collection/1.5.0/collection-1.5.0.pom.sha512 for the dependency androidx.collection:collection:1.5.0
00:02.753 DEBUG :portfolio-in-compose-multiplatform:resolveDependenciesWasmJs DependencyFileImpl        Downloaded https://repo1.maven.org/maven2/org/jetbrains/compose/ui/ui-backhandler/1.11.0-beta03/ui-backhandler-1.11.0-beta03.pom.sha512 for the dependency org.jetbrains.compose.ui:ui-backhandler:1.11.0-beta03
00:02.761 DEBUG :portfolio-in-compose-multiplatform:resolveDependenciesWasmJsTest DependencyFileImpl        Downloaded https://repo1.maven.org/maven2/org/jetbrains/compose/ui/ui-unit/1.11.0-beta03/ui-unit-1.11.0-beta03.pom.sha512 for the dependency org.jetbrains.compose.ui:ui-unit:1.11.0-beta03
00:02.762 DEBUG :portfolio-in-compose-multiplatform:resolveDependenciesWasmJs DependencyFileImpl        Not found URL: https://maven.google.com/org/jetbrains/kotlinx/kotlinx-datetime/0.7.1/kotlinx-datetime-0.7.1.pom.sha512
00:02.768 DEBUG :portfolio-in-compose-multiplatform:resolveDependenciesWasmJsTest DependencyFileImpl        Downloaded https://repo1.maven.org/maven2/org/jetbrains/compose/collection-internal/collection/1.10.0/collection-1.10.0.pom for the dependency org.jetbrains.compose.collection-internal:collection:1.10.0
00:02.772 DEBUG :portfolio-in-compose-multiplatform:resolveDependenciesWasmJsTest DependencyFileImpl        Downloaded https://repo1.maven.org/maven2/org/jetbrains/compose/ui/ui-graphics/1.11.0-beta03/ui-graphics-1.11.0-beta03.pom for the dependency org.jetbrains.compose.ui:ui-graphics:1.11.0-beta03
00:02.779 DEBUG :portfolio-in-compose-multiplatform:resolveDependenciesWasmJs DependencyFileImpl        Downloaded https://repo1.maven.org/maven2/org/jetbrains/compose/ui/ui-backhandler/1.11.0-beta03/ui-backhandler-1.11.0-beta03.pom for the dependency org.jetbrains.compose.ui:ui-backhandler:1.11.0-beta03
00:02.785 DEBUG :portfolio-in-compose-multiplatform:resolveDependenciesWasmJsTest DependencyFileImpl        Downloaded https://repo1.maven.org/maven2/org/jetbrains/compose/ui/ui-unit/1.11.0-beta03/ui-unit-1.11.0-beta03.pom for the dependency org.jetbrains.compose.ui:ui-unit:1.11.0-beta03
00:02.791 DEBUG :portfolio-in-compose-multiplatform:resolveDependenciesWasmJsTest DependencyFileImpl        Downloaded https://maven.google.com/androidx/collection/collection/1.5.0/collection-1.5.0.pom for the dependency androidx.collection:collection:1.5.0
00:02.795 DEBUG :portfolio-in-compose-multiplatform:resolveDependenciesWasmJsTest DependencyFileImpl        Downloaded https://repo1.maven.org/maven2/org/jetbrains/compose/collection-internal/collection/1.10.0/collection-1.10.0.module.sha512 for the dependency org.jetbrains.compose.collection-internal:collection:1.10.0
00:02.800 DEBUG :portfolio-in-compose-multiplatform:resolveDependenciesWasmJs DependencyFileImpl        Downloaded https://maven.google.com/androidx/graphics/graphics-shapes/1.1.0/graphics-shapes-1.1.0.pom.sha512 for the dependency androidx.graphics:graphics-shapes:1.1.0
00:02.803 DEBUG :portfolio-in-compose-multiplatform:resolveDependenciesWasmJsTest DependencyFileImpl        Downloaded https://repo1.maven.org/maven2/org/jetbrains/compose/ui/ui-graphics/1.11.0-beta03/ui-graphics-1.11.0-beta03.module.sha512 for the dependency org.jetbrains.compose.ui:ui-graphics:1.11.0-beta03
00:02.812 DEBUG :portfolio-in-compose-multiplatform:resolveDependenciesWasmJsTest DependencyFileImpl        Downloaded https://repo1.maven.org/maven2/org/jetbrains/compose/ui/ui-unit/1.11.0-beta03/ui-unit-1.11.0-beta03.module.sha512 for the dependency org.jetbrains.compose.ui:ui-unit:1.11.0-beta03
00:02.819 DEBUG :portfolio-in-compose-multiplatform:resolveDependenciesWasmJsTest DependencyFileImpl        Downloaded https://repo1.maven.org/maven2/org/jetbrains/compose/collection-internal/collection/1.10.0/collection-1.10.0.module for the dependency org.jetbrains.compose.collection-internal:collection:1.10.0
00:02.829 DEBUG :portfolio-in-compose-multiplatform:resolveDependenciesWasmJsTest DependencyFileImpl        Downloaded https://repo1.maven.org/maven2/org/jetbrains/compose/ui/ui-graphics/1.11.0-beta03/ui-graphics-1.11.0-beta03.module for the dependency org.jetbrains.compose.ui:ui-graphics:1.11.0-beta03
00:02.843 DEBUG :portfolio-in-compose-multiplatform:resolveDependenciesWasmJs DependencyFileImpl        Downloaded https://maven.google.com/androidx/graphics/graphics-shapes/1.1.0/graphics-shapes-1.1.0.pom for the dependency androidx.graphics:graphics-shapes:1.1.0
00:02.845 DEBUG :portfolio-in-compose-multiplatform:resolveDependenciesWasmJsTest DependencyFileImpl        Downloaded https://repo1.maven.org/maven2/org/jetbrains/compose/ui/ui-unit/1.11.0-beta03/ui-unit-1.11.0-beta03.module for the dependency org.jetbrains.compose.ui:ui-unit:1.11.0-beta03
00:02.848 DEBUG :portfolio-in-compose-multiplatform:resolveDependenciesWasmJsTest DependencyFileImpl        Not found URL: https://repo1.maven.org/maven2/org/jetbrains/kotlin/kotlin-test-annotations-common/2.4.10/kotlin-test-annotations-common-2.4.10.module.sha512
00:02.853 DEBUG :portfolio-in-compose-multiplatform:resolveDependenciesWasmJs DependencyFileImpl        Downloaded https://repo1.maven.org/maven2/org/jetbrains/compose/collection-internal/collection-wasm-js/1.10.0/collection-wasm-js-1.10.0.pom.sha512 for the dependency org.jetbrains.compose.collection-internal:collection-wasm-js:1.10.0
00:02.862 DEBUG :portfolio-in-compose-multiplatform:resolveDependenciesWasmJsTest DependencyFileImpl        Downloaded https://repo1.maven.org/maven2/org/jetbrains/compose/ui/ui-graphics-wasm-js/1.11.0-beta03/ui-graphics-wasm-js-1.11.0-beta03.pom.sha512 for the dependency org.jetbrains.compose.ui:ui-graphics-wasm-js:1.11.0-beta03
00:02.866 DEBUG :portfolio-in-compose-multiplatform:resolveDependenciesWasmJsTest DependencyFileImpl        Downloaded https://maven.google.com/androidx/collection/collection/1.5.0/collection-1.5.0.module.sha512 for the dependency androidx.collection:collection:1.5.0
00:02.872 DEBUG :portfolio-in-compose-multiplatform:resolveDependenciesWasmJsTest DependencyFileImpl        Downloaded https://repo1.maven.org/maven2/org/jetbrains/compose/ui/ui-unit-wasm-js/1.11.0-beta03/ui-unit-wasm-js-1.11.0-beta03.pom.sha512 for the dependency org.jetbrains.compose.ui:ui-unit-wasm-js:1.11.0-beta03
00:02.879 DEBUG :portfolio-in-compose-multiplatform:resolveDependenciesWasmJs DependencyFileImpl        Downloaded https://repo1.maven.org/maven2/org/jetbrains/compose/collection-internal/collection-wasm-js/1.10.0/collection-wasm-js-1.10.0.pom for the dependency org.jetbrains.compose.collection-internal:collection-wasm-js:1.10.0
00:02.879 DEBUG :portfolio-in-compose-multiplatform:resolveDependenciesWasmJsTest DependencyFileImpl        Not found URL: https://repo1.maven.org/maven2/org/jetbrains/kotlin/kotlin-test/2.4.10/kotlin-test-2.4.10.module.sha512
00:02.882 DEBUG :portfolio-in-compose-multiplatform:resolveDependenciesWasmJsTest DependencyFileImpl        Downloaded https://repo1.maven.org/maven2/org/jetbrains/compose/ui/ui-graphics-wasm-js/1.11.0-beta03/ui-graphics-wasm-js-1.11.0-beta03.pom for the dependency org.jetbrains.compose.ui:ui-graphics-wasm-js:1.11.0-beta03
00:02.886 DEBUG :portfolio-in-compose-multiplatform:resolveDependenciesWasmJs DependencyFileImpl        Not found URL: https://repo1.maven.org/maven2/org/jetbrains/kotlinx/kotlinx-browser/0.5.0/kotlinx-browser-0.5.0.pom.sha256
00:02.898 DEBUG :portfolio-in-compose-multiplatform:resolveDependenciesWasmJsTest DependencyFileImpl        Not found URL: https://repo1.maven.org/maven2/org/jetbrains/kotlinx/atomicfu/0.28.0/atomicfu-0.28.0.pom.sha256
00:02.905 DEBUG :portfolio-in-compose-multiplatform:resolveDependenciesWasmJsTest DependencyFileImpl        Downloaded https://repo1.maven.org/maven2/org/jetbrains/compose/ui/ui-unit-wasm-js/1.11.0-beta03/ui-unit-wasm-js-1.11.0-beta03.pom for the dependency org.jetbrains.compose.ui:ui-unit-wasm-js:1.11.0-beta03
00:02.906 DEBUG :portfolio-in-compose-multiplatform:resolveDependenciesWasmJsTest DependencyFileImpl        Downloaded https://repo1.maven.org/maven2/org/jetbrains/compose/ui/ui-graphics-wasm-js/1.11.0-beta03/ui-graphics-wasm-js-1.11.0-beta03.module.sha512 for the dependency org.jetbrains.compose.ui:ui-graphics-wasm-js:1.11.0-beta03
00:02.906 DEBUG :portfolio-in-compose-multiplatform:resolveDependenciesWasmJs DependencyFileImpl        Downloaded https://repo1.maven.org/maven2/org/jetbrains/compose/collection-internal/collection-wasm-js/1.10.0/collection-wasm-js-1.10.0.module.sha512 for the dependency org.jetbrains.compose.collection-internal:collection-wasm-js:1.10.0
00:02.913 DEBUG :portfolio-in-compose-multiplatform:resolveDependenciesWasmJsTest DependencyFileImpl        Downloaded https://maven.google.com/androidx/collection/collection/1.5.0/collection-1.5.0.module for the dependency androidx.collection:collection:1.5.0
00:02.913 DEBUG :portfolio-in-compose-multiplatform:resolveDependenciesWasmJsTest DependencyFileImpl        Not found URL: https://repo1.maven.org/maven2/org/jetbrains/kotlin/kotlin-stdlib-wasm-js/2.3.20/kotlin-stdlib-wasm-js-2.3.20.pom.sha256
00:02.915 DEBUG :portfolio-in-compose-multiplatform:resolveDependenciesWasmJs DependencyFileImpl        Not found URL: https://repo1.maven.org/maven2/org/jetbrains/kotlinx/kotlinx-datetime/0.7.1/kotlinx-datetime-0.7.1.pom.sha256
00:02.924 DEBUG :portfolio-in-compose-multiplatform:resolveDependenciesWasmJsTest DependencyFileImpl        Not found URL: https://maven.google.com/org/jetbrains/kotlin/kotlin-test-annotations-common/2.4.10/kotlin-test-annotations-common-2.4.10.module.sha512
00:02.926 DEBUG :portfolio-in-compose-multiplatform:resolveDependenciesWasmJs DependencyFileImpl        Downloaded https://repo1.maven.org/maven2/org/jetbrains/compose/collection-internal/collection-wasm-js/1.10.0/collection-wasm-js-1.10.0.module for the dependency org.jetbrains.compose.collection-internal:collection-wasm-js:1.10.0
00:02.928 DEBUG :portfolio-in-compose-multiplatform:resolveDependenciesWasmJsTest DependencyFileImpl        Downloaded https://repo1.maven.org/maven2/org/jetbrains/compose/ui/ui-graphics-wasm-js/1.11.0-beta03/ui-graphics-wasm-js-1.11.0-beta03.module for the dependency org.jetbrains.compose.ui:ui-graphics-wasm-js:1.11.0-beta03
00:02.933 DEBUG :portfolio-in-compose-multiplatform:resolveDependenciesWasmJsTest DependencyFileImpl        Downloaded https://repo1.maven.org/maven2/org/jetbrains/compose/ui/ui-unit-wasm-js/1.11.0-beta03/ui-unit-wasm-js-1.11.0-beta03.module.sha512 for the dependency org.jetbrains.compose.ui:ui-unit-wasm-js:1.11.0-beta03
00:02.942 DEBUG :portfolio-in-compose-multiplatform:resolveDependenciesWasmJs DependencyFileImpl        Downloaded https://maven.google.com/androidx/graphics/graphics-shapes/1.1.0/graphics-shapes-1.1.0.module.sha512 for the dependency androidx.graphics:graphics-shapes:1.1.0
00:02.952 DEBUG :portfolio-in-compose-multiplatform:resolveDependenciesWasmJsTest DependencyFileImpl        Downloaded https://repo1.maven.org/maven2/org/jetbrains/compose/ui/ui-unit-wasm-js/1.11.0-beta03/ui-unit-wasm-js-1.11.0-beta03.module for the dependency org.jetbrains.compose.ui:ui-unit-wasm-js:1.11.0-beta03
00:02.955 DEBUG :portfolio-in-compose-multiplatform:resolveDependenciesWasmJsTest DependencyFileImpl        Downloaded https://repo1.maven.org/maven2/org/jetbrains/skiko/skiko-js-wasm-runtime/0.144.5/skiko-js-wasm-runtime-0.144.5.pom.sha512 for the dependency org.jetbrains.skiko:skiko-js-wasm-runtime:0.144.5
00:02.958 DEBUG :portfolio-in-compose-multiplatform:resolveDependenciesWasmJsTest DependencyFileImpl        Not found URL: https://maven.google.com/org/jetbrains/kotlin/kotlin-test/2.4.10/kotlin-test-2.4.10.module.sha512
00:02.962 DEBUG :portfolio-in-compose-multiplatform:resolveDependenciesWasmJsTest DependencyFileImpl        Downloaded https://repo1.maven.org/maven2/org/jetbrains/skiko/skiko-wasm-js/0.144.5/skiko-wasm-js-0.144.5.pom.sha512 for the dependency org.jetbrains.skiko:skiko-wasm-js:0.144.5
00:02.970 DEBUG :portfolio-in-compose-multiplatform:resolveDependenciesWasmJsTest DependencyFileImpl        Downloaded https://repo1.maven.org/maven2/org/jetbrains/skiko/skiko-js-wasm-runtime/0.144.5/skiko-js-wasm-runtime-0.144.5.pom for the dependency org.jetbrains.skiko:skiko-js-wasm-runtime:0.144.5
00:02.977 DEBUG :portfolio-in-compose-multiplatform:resolveDependenciesWasmJsTest DependencyFileImpl        Downloaded https://repo1.maven.org/maven2/org/jetbrains/compose/ui/ui-geometry/1.11.0-beta03/ui-geometry-1.11.0-beta03.pom.sha512 for the dependency org.jetbrains.compose.ui:ui-geometry:1.11.0-beta03
00:02.985 DEBUG :portfolio-in-compose-multiplatform:resolveDependenciesWasmJsTest DependencyFileImpl        Not found URL: https://maven.google.com/org/jetbrains/kotlinx/atomicfu/0.28.0/atomicfu-0.28.0.pom.sha256
00:02.988 DEBUG :portfolio-in-compose-multiplatform:resolveDependenciesWasmJsTest DependencyFileImpl        Downloaded https://repo1.maven.org/maven2/org/jetbrains/compose/annotation-internal/annotation/1.10.0/annotation-1.10.0.pom.sha512 for the dependency org.jetbrains.compose.annotation-internal:annotation:1.10.0
00:02.992 DEBUG :portfolio-in-compose-multiplatform:resolveDependenciesWasmJs DependencyFileImpl        Not found URL: https://maven.google.com/org/jetbrains/kotlinx/kotlinx-browser/0.5.0/kotlinx-browser-0.5.0.pom.sha256
00:02.998 DEBUG :portfolio-in-compose-multiplatform:resolveDependenciesWasmJsTest DependencyFileImpl        Downloaded https://repo1.maven.org/maven2/org/jetbrains/skiko/skiko-wasm-js/0.144.5/skiko-wasm-js-0.144.5.pom for the dependency org.jetbrains.skiko:skiko-wasm-js:0.144.5
00:03.004 DEBUG :portfolio-in-compose-multiplatform:resolveDependenciesWasmJsTest DependencyFileImpl        Downloaded https://repo1.maven.org/maven2/org/jetbrains/compose/ui/ui-geometry/1.11.0-beta03/ui-geometry-1.11.0-beta03.pom for the dependency org.jetbrains.compose.ui:ui-geometry:1.11.0-beta03
00:03.008 DEBUG :portfolio-in-compose-multiplatform:resolveDependenciesWasmJsTest DependencyFileImpl        Downloaded https://repo1.maven.org/maven2/org/jetbrains/kotlinx/atomicfu/0.28.0/atomicfu-0.28.0.pom.sha1 for the dependency org.jetbrains.kotlinx:atomicfu:0.28.0
00:03.009 DEBUG :portfolio-in-compose-multiplatform:resolveDependenciesWasmJsTest DependencyFileImpl        Downloaded https://repo1.maven.org/maven2/org/jetbrains/compose/annotation-internal/annotation/1.10.0/annotation-1.10.0.pom for the dependency org.jetbrains.compose.annotation-internal:annotation:1.10.0
00:03.013 DEBUG :portfolio-in-compose-multiplatform:resolveDependenciesWasmJs DependencyFileImpl        Downloaded https://repo1.maven.org/maven2/org/jetbrains/kotlinx/kotlinx-browser/0.5.0/kotlinx-browser-0.5.0.pom.sha1 for the dependency org.jetbrains.kotlinx:kotlinx-browser:0.5.0
00:03.014 DEBUG :portfolio-in-compose-multiplatform:resolveDependenciesWasmJs DependencyFileImpl        Not found URL: https://maven.google.com/org/jetbrains/kotlinx/kotlinx-datetime/0.7.1/kotlinx-datetime-0.7.1.pom.sha256
00:03.018 DEBUG :portfolio-in-compose-multiplatform:resolveDependenciesWasmJsTest DependencyFileImpl        Downloaded https://repo1.maven.org/maven2/org/jetbrains/skiko/skiko-wasm-js/0.144.5/skiko-wasm-js-0.144.5.module.sha512 for the dependency org.jetbrains.skiko:skiko-wasm-js:0.144.5
00:03.023 DEBUG :portfolio-in-compose-multiplatform:resolveDependenciesWasmJsTest DependencyFileImpl        Downloaded https://repo1.maven.org/maven2/org/jetbrains/compose/ui/ui-geometry/1.11.0-beta03/ui-geometry-1.11.0-beta03.module.sha512 for the dependency org.jetbrains.compose.ui:ui-geometry:1.11.0-beta03
00:03.025 DEBUG :portfolio-in-compose-multiplatform:resolveDependenciesWasmJsTest DependencyFileImpl        Downloaded https://repo1.maven.org/maven2/org/jetbrains/kotlinx/atomicfu/0.28.0/atomicfu-0.28.0.pom for the dependency org.jetbrains.kotlinx:atomicfu:0.28.0
00:03.028 DEBUG :portfolio-in-compose-multiplatform:resolveDependenciesWasmJs DependencyFileImpl        Downloaded https://repo1.maven.org/maven2/org/jetbrains/kotlinx/kotlinx-datetime/0.7.1/kotlinx-datetime-0.7.1.pom.sha1 for the dependency org.jetbrains.kotlinx:kotlinx-datetime:0.7.1
00:03.030 DEBUG :portfolio-in-compose-multiplatform:resolveDependenciesWasmJsTest DependencyFileImpl        Downloaded https://repo1.maven.org/maven2/org/jetbrains/compose/annotation-internal/annotation/1.10.0/annotation-1.10.0.module.sha512 for the dependency org.jetbrains.compose.annotation-internal:annotation:1.10.0
00:03.034 DEBUG :portfolio-in-compose-multiplatform:resolveDependenciesWasmJs DependencyFileImpl        Downloaded https://maven.google.com/androidx/graphics/graphics-shapes/1.1.0/graphics-shapes-1.1.0.module for the dependency androidx.graphics:graphics-shapes:1.1.0
00:03.036 DEBUG :portfolio-in-compose-multiplatform:resolveDependenciesWasmJs DependencyFileImpl        Downloaded https://repo1.maven.org/maven2/org/jetbrains/kotlinx/kotlinx-browser/0.5.0/kotlinx-browser-0.5.0.pom for the dependency org.jetbrains.kotlinx:kotlinx-browser:0.5.0
00:03.043 DEBUG :portfolio-in-compose-multiplatform:resolveDependenciesWasmJsTest DependencyFileImpl        Downloaded https://repo1.maven.org/maven2/org/jetbrains/skiko/skiko-wasm-js/0.144.5/skiko-wasm-js-0.144.5.module for the dependency org.jetbrains.skiko:skiko-wasm-js:0.144.5
00:03.047 DEBUG :portfolio-in-compose-multiplatform:resolveDependenciesWasmJs DependencyFileImpl        Downloaded https://repo1.maven.org/maven2/org/jetbrains/kotlinx/kotlinx-datetime/0.7.1/kotlinx-datetime-0.7.1.pom for the dependency org.jetbrains.kotlinx:kotlinx-datetime:0.7.1
00:03.048 DEBUG :portfolio-in-compose-multiplatform:resolveDependenciesWasmJsTest DependencyFileImpl        Downloaded https://repo1.maven.org/maven2/org/jetbrains/compose/ui/ui-geometry/1.11.0-beta03/ui-geometry-1.11.0-beta03.module for the dependency org.jetbrains.compose.ui:ui-geometry:1.11.0-beta03
00:03.054 DEBUG :portfolio-in-compose-multiplatform:resolveDependenciesWasmJsTest DependencyFileImpl        Downloaded https://repo1.maven.org/maven2/org/jetbrains/compose/annotation-internal/annotation/1.10.0/annotation-1.10.0.module for the dependency org.jetbrains.compose.annotation-internal:annotation:1.10.0
00:03.067 DEBUG :portfolio-in-compose-multiplatform:resolveDependenciesWasmJsTest DependencyFileImpl        Not found URL: https://repo1.maven.org/maven2/org/jetbrains/kotlin/kotlin-test-annotations-common/2.4.10/kotlin-test-annotations-common-2.4.10.module.sha256
00:03.076 DEBUG :portfolio-in-compose-multiplatform:resolveDependenciesWasmJsTest DependencyFileImpl        Downloaded https://repo1.maven.org/maven2/org/jetbrains/compose/ui/ui-geometry-wasm-js/1.11.0-beta03/ui-geometry-wasm-js-1.11.0-beta03.pom.sha512 for the dependency org.jetbrains.compose.ui:ui-geometry-wasm-js:1.11.0-beta03
00:03.082 DEBUG :portfolio-in-compose-multiplatform:resolveDependenciesWasmJsTest DependencyFileImpl        Not found URL: https://repo1.maven.org/maven2/androidx/collection/collection-wasm-js/1.5.0/collection-wasm-js-1.5.0.pom.sha512
00:03.085 DEBUG :portfolio-in-compose-multiplatform:resolveDependenciesWasmJs DependencyFileImpl        Downloaded https://repo1.maven.org/maven2/org/jetbrains/compose/annotation-internal/annotation-wasm-js/1.10.0/annotation-wasm-js-1.10.0.pom.sha512 for the dependency org.jetbrains.compose.annotation-internal:annotation-wasm-js:1.10.0
00:03.095 DEBUG :portfolio-in-compose-multiplatform:resolveDependenciesWasmJsTest DependencyFileImpl        Downloaded https://repo1.maven.org/maven2/org/jetbrains/compose/ui/ui-geometry-wasm-js/1.11.0-beta03/ui-geometry-wasm-js-1.11.0-beta03.pom for the dependency org.jetbrains.compose.ui:ui-geometry-wasm-js:1.11.0-beta03
00:03.099 DEBUG :portfolio-in-compose-multiplatform:resolveDependenciesWasmJsTest DependencyFileImpl        Not found URL: https://repo1.maven.org/maven2/org/jetbrains/kotlin/kotlin-test/2.4.10/kotlin-test-2.4.10.module.sha256
00:03.102 DEBUG :portfolio-in-compose-multiplatform:resolveDependenciesWasmJs DependencyFileImpl        Downloaded https://repo1.maven.org/maven2/org/jetbrains/compose/annotation-internal/annotation-wasm-js/1.10.0/annotation-wasm-js-1.10.0.pom for the dependency org.jetbrains.compose.annotation-internal:annotation-wasm-js:1.10.0
00:03.114 DEBUG :portfolio-in-compose-multiplatform:resolveDependenciesWasmJsTest DependencyFileImpl        Downloaded https://repo1.maven.org/maven2/org/jetbrains/compose/ui/ui-geometry-wasm-js/1.11.0-beta03/ui-geometry-wasm-js-1.11.0-beta03.module.sha512 for the dependency org.jetbrains.compose.ui:ui-geometry-wasm-js:1.11.0-beta03
00:03.120 DEBUG :portfolio-in-compose-multiplatform:resolveDependenciesWasmJs DependencyFileImpl        Downloaded https://repo1.maven.org/maven2/org/jetbrains/compose/annotation-internal/annotation-wasm-js/1.10.0/annotation-wasm-js-1.10.0.module.sha512 for the dependency org.jetbrains.compose.annotation-internal:annotation-wasm-js:1.10.0
00:03.129 DEBUG :portfolio-in-compose-multiplatform:resolveDependenciesWasmJsTest DependencyFileImpl        Downloaded https://repo1.maven.org/maven2/org/jetbrains/compose/ui/ui-geometry-wasm-js/1.11.0-beta03/ui-geometry-wasm-js-1.11.0-beta03.module for the dependency org.jetbrains.compose.ui:ui-geometry-wasm-js:1.11.0-beta03
00:03.139 DEBUG :portfolio-in-compose-multiplatform:resolveDependenciesWasmJs DependencyFileImpl        Downloaded https://repo1.maven.org/maven2/org/jetbrains/compose/annotation-internal/annotation-wasm-js/1.10.0/annotation-wasm-js-1.10.0.module for the dependency org.jetbrains.compose.annotation-internal:annotation-wasm-js:1.10.0
00:03.140 DEBUG :portfolio-in-compose-multiplatform:resolveDependenciesWasmJsTest DependencyFileImpl        Not found URL: https://maven.google.com/org/jetbrains/kotlin/kotlin-test-annotations-common/2.4.10/kotlin-test-annotations-common-2.4.10.module.sha256
00:03.156 DEBUG :portfolio-in-compose-multiplatform:resolveDependenciesWasmJsTest DependencyFileImpl        Not found URL: https://maven.google.com/org/jetbrains/kotlin/kotlin-test/2.4.10/kotlin-test-2.4.10.module.sha256
00:03.158 DEBUG :portfolio-in-compose-multiplatform:resolveDependenciesWasmJsTest DependencyFileImpl        Downloaded https://repo1.maven.org/maven2/org/jetbrains/kotlin/kotlin-test-annotations-common/2.4.10/kotlin-test-annotations-common-2.4.10.module.sha1 for the dependency org.jetbrains.kotlin:kotlin-test-annotations-common:2.4.10
00:03.172 DEBUG :portfolio-in-compose-multiplatform:resolveDependenciesWasmJsTest DependencyFileImpl        Downloaded https://maven.google.com/androidx/collection/collection-wasm-js/1.5.0/collection-wasm-js-1.5.0.pom.sha512 for the dependency androidx.collection:collection-wasm-js:1.5.0
00:03.173 DEBUG :portfolio-in-compose-multiplatform:resolveDependenciesWasmJsTest DependencyFileImpl        Downloaded https://repo1.maven.org/maven2/org/jetbrains/kotlin/kotlin-test/2.4.10/kotlin-test-2.4.10.module.sha1 for the dependency org.jetbrains.kotlin:kotlin-test:2.4.10
00:03.176 DEBUG :portfolio-in-compose-multiplatform:resolveDependenciesWasmJsTest DependencyFileImpl        Downloaded https://repo1.maven.org/maven2/org/jetbrains/kotlin/kotlin-test-annotations-common/2.4.10/kotlin-test-annotations-common-2.4.10.module for the dependency org.jetbrains.kotlin:kotlin-test-annotations-common:2.4.10
00:03.177 DEBUG :portfolio-in-compose-multiplatform:resolveDependenciesWasmJsTest DependencyFileImpl        Not found URL: https://repo1.maven.org/maven2/org/jetbrains/kotlinx/atomicfu/0.28.0/atomicfu-0.28.0.module.sha512
00:03.179 DEBUG :portfolio-in-compose-multiplatform:resolveDependenciesWasmJs DependencyFileImpl        Not found URL: https://repo1.maven.org/maven2/org/jetbrains/kotlinx/kotlinx-browser/0.5.0/kotlinx-browser-0.5.0.module.sha512
00:03.188 DEBUG :portfolio-in-compose-multiplatform:resolveDependenciesWasmJsTest DependencyFileImpl        Not found URL: https://repo1.maven.org/maven2/androidx/graphics/graphics-shapes-wasm-js/1.1.0/graphics-shapes-wasm-js-1.1.0.pom.sha512
00:03.190 DEBUG :portfolio-in-compose-multiplatform:resolveDependenciesWasmJsTest DependencyFileImpl        Downloaded https://repo1.maven.org/maven2/org/jetbrains/kotlin/kotlin-test/2.4.10/kotlin-test-2.4.10.module for the dependency org.jetbrains.kotlin:kotlin-test:2.4.10
00:03.212 DEBUG :portfolio-in-compose-multiplatform:resolveDependenciesWasmJs DependencyFileImpl        Downloaded https://repo1.maven.org/maven2/org/jetbrains/compose/ui/ui-backhandler/1.11.0-beta03/ui-backhandler-1.11.0-beta03.module.sha512 for the dependency org.jetbrains.compose.ui:ui-backhandler:1.11.0-beta03
00:03.219 DEBUG :portfolio-in-compose-multiplatform:resolveDependenciesWasmJsTest DependencyFileImpl        Not found URL: https://repo1.maven.org/maven2/androidx/annotation/annotation/1.9.1/annotation-1.9.1.pom.sha512
00:03.228 DEBUG :portfolio-in-compose-multiplatform:resolveDependenciesWasmJs DependencyFileImpl        Downloaded https://repo1.maven.org/maven2/org/jetbrains/compose/ui/ui-backhandler/1.11.0-beta03/ui-backhandler-1.11.0-beta03.module for the dependency org.jetbrains.compose.ui:ui-backhandler:1.11.0-beta03
00:03.234 DEBUG :portfolio-in-compose-multiplatform:resolveDependenciesWasmJs DependencyFileImpl        Not found URL: https://repo1.maven.org/maven2/org/jetbrains/kotlinx/kotlinx-datetime/0.7.1/kotlinx-datetime-0.7.1.module.sha512
00:03.237 DEBUG :portfolio-in-compose-multiplatform:resolveDependenciesWasmJsTest DependencyFileImpl        Downloaded https://maven.google.com/androidx/collection/collection-wasm-js/1.5.0/collection-wasm-js-1.5.0.pom for the dependency androidx.collection:collection-wasm-js:1.5.0
00:03.256 DEBUG :portfolio-in-compose-multiplatform:resolveDependenciesWasmJsTest DependencyFileImpl        Downloaded https://maven.google.com/androidx/graphics/graphics-shapes-wasm-js/1.1.0/graphics-shapes-wasm-js-1.1.0.pom.sha512 for the dependency androidx.graphics:graphics-shapes-wasm-js:1.1.0
00:03.257 DEBUG :portfolio-in-compose-multiplatform:resolveDependenciesWasmJsTest DependencyFileImpl        Not found URL: https://maven.google.com/org/jetbrains/kotlinx/atomicfu/0.28.0/atomicfu-0.28.0.module.sha512
00:03.258 DEBUG :portfolio-in-compose-multiplatform:resolveDependenciesWasmJs DependencyFileImpl        Downloaded https://repo1.maven.org/maven2/org/jetbrains/compose/ui/ui-backhandler-wasm-js/1.11.0-beta03/ui-backhandler-wasm-js-1.11.0-beta03.pom.sha512 for the dependency org.jetbrains.compose.ui:ui-backhandler-wasm-js:1.11.0-beta03
00:03.264 DEBUG :portfolio-in-compose-multiplatform:resolveDependenciesWasmJs DependencyFileImpl        Not found URL: https://maven.google.com/org/jetbrains/kotlinx/kotlinx-browser/0.5.0/kotlinx-browser-0.5.0.module.sha512
00:03.280 DEBUG :portfolio-in-compose-multiplatform:resolveDependenciesWasmJs DependencyFileImpl        Downloaded https://repo1.maven.org/maven2/org/jetbrains/compose/ui/ui-backhandler-wasm-js/1.11.0-beta03/ui-backhandler-wasm-js-1.11.0-beta03.pom for the dependency org.jetbrains.compose.ui:ui-backhandler-wasm-js:1.11.0-beta03
00:03.309 DEBUG :portfolio-in-compose-multiplatform:resolveDependenciesWasmJs DependencyFileImpl        Not found URL: https://maven.google.com/org/jetbrains/kotlinx/kotlinx-datetime/0.7.1/kotlinx-datetime-0.7.1.module.sha512
00:03.309 DEBUG :portfolio-in-compose-multiplatform:resolveDependenciesWasmJs DependencyFileImpl        Downloaded https://repo1.maven.org/maven2/org/jetbrains/compose/ui/ui-backhandler-wasm-js/1.11.0-beta03/ui-backhandler-wasm-js-1.11.0-beta03.module.sha512 for the dependency org.jetbrains.compose.ui:ui-backhandler-wasm-js:1.11.0-beta03
00:03.313 DEBUG :portfolio-in-compose-multiplatform:resolveDependenciesWasmJsTest DependencyFileImpl        Downloaded https://maven.google.com/androidx/collection/collection-wasm-js/1.5.0/collection-wasm-js-1.5.0.module.sha512 for the dependency androidx.collection:collection-wasm-js:1.5.0
00:03.316 DEBUG :portfolio-in-compose-multiplatform:resolveDependenciesWasmJsTest DependencyFileImpl        Downloaded https://maven.google.com/androidx/annotation/annotation/1.9.1/annotation-1.9.1.pom.sha512 for the dependency androidx.annotation:annotation:1.9.1
00:03.338 DEBUG :portfolio-in-compose-multiplatform:resolveDependenciesWasmJs DependencyFileImpl        Downloaded https://repo1.maven.org/maven2/org/jetbrains/compose/ui/ui-backhandler-wasm-js/1.11.0-beta03/ui-backhandler-wasm-js-1.11.0-beta03.module for the dependency org.jetbrains.compose.ui:ui-backhandler-wasm-js:1.11.0-beta03
00:03.338 DEBUG :portfolio-in-compose-multiplatform:resolveDependenciesWasmJsTest DependencyFileImpl        Not found URL: https://repo1.maven.org/maven2/org/jetbrains/kotlin/kotlin-test-wasm-js/2.4.10/kotlin-test-wasm-js-2.4.10.pom.sha512
00:03.341 DEBUG :portfolio-in-compose-multiplatform:resolveDependenciesWasmJsTest DependencyFileImpl        Downloaded https://maven.google.com/androidx/graphics/graphics-shapes-wasm-js/1.1.0/graphics-shapes-wasm-js-1.1.0.pom for the dependency androidx.graphics:graphics-shapes-wasm-js:1.1.0
00:03.379 DEBUG :portfolio-in-compose-multiplatform:resolveDependenciesWasmJsTest DependencyFileImpl        Downloaded https://maven.google.com/androidx/collection/collection-wasm-js/1.5.0/collection-wasm-js-1.5.0.module for the dependency androidx.collection:collection-wasm-js:1.5.0
00:03.384 DEBUG :portfolio-in-compose-multiplatform:resolveDependenciesWasmJsTest DependencyFileImpl        Downloaded https://maven.google.com/androidx/annotation/annotation/1.9.1/annotation-1.9.1.pom for the dependency androidx.annotation:annotation:1.9.1
00:03.405 DEBUG :portfolio-in-compose-multiplatform:resolveDependenciesWasmJs DependencyFileImpl        Not found URL: https://repo1.maven.org/maven2/org/jetbrains/kotlinx/kotlinx-browser/0.5.0/kotlinx-browser-0.5.0.module.sha256
00:03.413 DEBUG :portfolio-in-compose-multiplatform:resolveDependenciesWasmJsTest DependencyFileImpl        Not found URL: https://maven.google.com/org/jetbrains/kotlin/kotlin-test-wasm-js/2.4.10/kotlin-test-wasm-js-2.4.10.pom.sha512
00:03.442 DEBUG :portfolio-in-compose-multiplatform:resolveDependenciesWasmJsTest DependencyFileImpl        Not found URL: https://repo1.maven.org/maven2/org/jetbrains/kotlinx/atomicfu/0.28.0/atomicfu-0.28.0.module.sha256
00:03.452 DEBUG :portfolio-in-compose-multiplatform:resolveDependenciesWasmJs DependencyFileImpl        Not found URL: https://repo1.maven.org/maven2/org/jetbrains/kotlinx/kotlinx-datetime/0.7.1/kotlinx-datetime-0.7.1.module.sha256
00:03.461 DEBUG :portfolio-in-compose-multiplatform:resolveDependenciesWasmJsTest DependencyFileImpl        Downloaded https://maven.google.com/androidx/annotation/annotation/1.9.1/annotation-1.9.1.module.sha512 for the dependency androidx.annotation:annotation:1.9.1
00:03.490 DEBUG :portfolio-in-compose-multiplatform:resolveDependenciesWasmJs DependencyFileImpl        Not found URL: https://repo1.maven.org/maven2/androidx/navigationevent/navigationevent/1.0.1/navigationevent-1.0.1.pom.sha512
00:03.492 DEBUG :portfolio-in-compose-multiplatform:resolveDependenciesWasmJs DependencyFileImpl        Not found URL: https://repo1.maven.org/maven2/androidx/graphics/graphics-shapes-wasm-js/1.1.0/graphics-shapes-wasm-js-1.1.0.module.sha512
00:03.498 DEBUG :portfolio-in-compose-multiplatform:resolveDependenciesWasmJsTest DependencyFileImpl        Downloaded https://maven.google.com/androidx/annotation/annotation/1.9.1/annotation-1.9.1.module for the dependency androidx.annotation:annotation:1.9.1
00:03.522 DEBUG :portfolio-in-compose-multiplatform:resolveDependenciesWasmJsTest DependencyFileImpl        Not found URL: https://maven.google.com/org/jetbrains/kotlinx/atomicfu/0.28.0/atomicfu-0.28.0.module.sha256
00:03.537 DEBUG :portfolio-in-compose-multiplatform:resolveDependenciesWasmJsTest DependencyFileImpl        Downloaded https://repo1.maven.org/maven2/org/jetbrains/kotlinx/atomicfu/0.28.0/atomicfu-0.28.0.module.sha1 for the dependency org.jetbrains.kotlinx:atomicfu:0.28.0
00:03.539 DEBUG :portfolio-in-compose-multiplatform:resolveDependenciesWasmJs DependencyFileImpl        Not found URL: https://maven.google.com/org/jetbrains/kotlinx/kotlinx-datetime/0.7.1/kotlinx-datetime-0.7.1.module.sha256
00:03.546 DEBUG :portfolio-in-compose-multiplatform:resolveDependenciesWasmJsTest DependencyFileImpl        Not found URL: https://repo1.maven.org/maven2/org/jetbrains/kotlin/kotlin-test-wasm-js/2.4.10/kotlin-test-wasm-js-2.4.10.pom.sha256
00:03.555 DEBUG :portfolio-in-compose-multiplatform:resolveDependenciesWasmJs DependencyFileImpl        Downloaded https://repo1.maven.org/maven2/org/jetbrains/kotlinx/kotlinx-datetime/0.7.1/kotlinx-datetime-0.7.1.module.sha1 for the dependency org.jetbrains.kotlinx:kotlinx-datetime:0.7.1
00:03.556 DEBUG :portfolio-in-compose-multiplatform:resolveDependenciesWasmJsTest DependencyFileImpl        Downloaded https://repo1.maven.org/maven2/org/jetbrains/kotlinx/atomicfu/0.28.0/atomicfu-0.28.0.module for the dependency org.jetbrains.kotlinx:atomicfu:0.28.0
00:03.557 DEBUG :portfolio-in-compose-multiplatform:resolveDependenciesWasmJs DependencyFileImpl        Downloaded https://maven.google.com/androidx/navigationevent/navigationevent/1.0.1/navigationevent-1.0.1.pom.sha512 for the dependency androidx.navigationevent:navigationevent:1.0.1
00:03.558 DEBUG :portfolio-in-compose-multiplatform:resolveDependenciesWasmJs DependencyFileImpl        Not found URL: https://maven.google.com/org/jetbrains/kotlinx/kotlinx-browser/0.5.0/kotlinx-browser-0.5.0.module.sha256
00:03.572 DEBUG :portfolio-in-compose-multiplatform:resolveDependenciesWasmJs DependencyFileImpl        Downloaded https://maven.google.com/androidx/graphics/graphics-shapes-wasm-js/1.1.0/graphics-shapes-wasm-js-1.1.0.module.sha512 for the dependency androidx.graphics:graphics-shapes-wasm-js:1.1.0
00:03.575 DEBUG :portfolio-in-compose-multiplatform:resolveDependenciesWasmJs DependencyFileImpl        Downloaded https://repo1.maven.org/maven2/org/jetbrains/kotlinx/kotlinx-datetime/0.7.1/kotlinx-datetime-0.7.1.module for the dependency org.jetbrains.kotlinx:kotlinx-datetime:0.7.1
00:03.575 DEBUG :portfolio-in-compose-multiplatform:resolveDependenciesWasmJs DependencyFileImpl        Downloaded https://repo1.maven.org/maven2/org/jetbrains/kotlinx/kotlinx-browser/0.5.0/kotlinx-browser-0.5.0.module.sha1 for the dependency org.jetbrains.kotlinx:kotlinx-browser:0.5.0
00:03.585 DEBUG :portfolio-in-compose-multiplatform:resolveDependenciesWasmJs DependencyFileImpl        Downloaded https://maven.google.com/androidx/navigationevent/navigationevent/1.0.1/navigationevent-1.0.1.pom for the dependency androidx.navigationevent:navigationevent:1.0.1
00:03.594 DEBUG :portfolio-in-compose-multiplatform:resolveDependenciesWasmJs DependencyFileImpl        Downloaded https://repo1.maven.org/maven2/org/jetbrains/kotlinx/kotlinx-browser/0.5.0/kotlinx-browser-0.5.0.module for the dependency org.jetbrains.kotlinx:kotlinx-browser:0.5.0
00:03.620 DEBUG :portfolio-in-compose-multiplatform:resolveDependenciesWasmJsTest DependencyFileImpl        Not found URL: https://maven.google.com/org/jetbrains/kotlin/kotlin-test-wasm-js/2.4.10/kotlin-test-wasm-js-2.4.10.pom.sha256
00:03.636 DEBUG :portfolio-in-compose-multiplatform:resolveDependenciesWasmJsTest DependencyFileImpl        Downloaded https://repo1.maven.org/maven2/org/jetbrains/kotlin/kotlin-test-wasm-js/2.4.10/kotlin-test-wasm-js-2.4.10.pom.sha1 for the dependency org.jetbrains.kotlin:kotlin-test-wasm-js:2.4.10
00:03.645 DEBUG :portfolio-in-compose-multiplatform:resolveDependenciesWasmJs DependencyFileImpl        Not found URL: https://repo1.maven.org/maven2/androidx/annotation/annotation-wasm-js/1.9.1/annotation-wasm-js-1.9.1.pom.sha512
00:03.648 DEBUG :portfolio-in-compose-multiplatform:resolveDependenciesWasmJs DependencyFileImpl        Downloaded https://maven.google.com/androidx/graphics/graphics-shapes-wasm-js/1.1.0/graphics-shapes-wasm-js-1.1.0.module for the dependency androidx.graphics:graphics-shapes-wasm-js:1.1.0
00:03.652 DEBUG :portfolio-in-compose-multiplatform:resolveDependenciesWasmJsTest DependencyFileImpl        Downloaded https://repo1.maven.org/maven2/org/jetbrains/kotlin/kotlin-test-wasm-js/2.4.10/kotlin-test-wasm-js-2.4.10.pom for the dependency org.jetbrains.kotlin:kotlin-test-wasm-js:2.4.10
00:03.658 DEBUG :portfolio-in-compose-multiplatform:resolveDependenciesWasmJs DependencyFileImpl        Downloaded https://maven.google.com/androidx/navigationevent/navigationevent/1.0.1/navigationevent-1.0.1.module.sha512 for the dependency androidx.navigationevent:navigationevent:1.0.1
00:03.689 DEBUG :portfolio-in-compose-multiplatform:resolveDependenciesWasmJs DependencyFileImpl        Downloaded https://maven.google.com/androidx/navigationevent/navigationevent/1.0.1/navigationevent-1.0.1.module for the dependency androidx.navigationevent:navigationevent:1.0.1
00:03.723 DEBUG :portfolio-in-compose-multiplatform:resolveDependenciesWasmJsTest DependencyFileImpl        Not found URL: https://repo1.maven.org/maven2/org/jetbrains/kotlinx/atomicfu-wasm-js/0.28.0/atomicfu-wasm-js-0.28.0.pom.sha512
00:03.724 DEBUG :portfolio-in-compose-multiplatform:resolveDependenciesWasmJs DependencyFileImpl        Not found URL: https://repo1.maven.org/maven2/org/jetbrains/kotlinx/kotlinx-datetime-wasm-js/0.7.1/kotlinx-datetime-wasm-js-0.7.1.pom.sha512
00:03.728 DEBUG :portfolio-in-compose-multiplatform:resolveDependenciesWasmJs DependencyFileImpl        Downloaded https://maven.google.com/androidx/annotation/annotation-wasm-js/1.9.1/annotation-wasm-js-1.9.1.pom.sha512 for the dependency androidx.annotation:annotation-wasm-js:1.9.1
00:03.744 DEBUG :portfolio-in-compose-multiplatform:resolveDependenciesWasmJs DependencyFileImpl        Not found URL: https://repo1.maven.org/maven2/org/jetbrains/kotlinx/kotlinx-browser-wasm-js/0.5.0/kotlinx-browser-wasm-js-0.5.0.pom.sha512
00:03.759 DEBUG :portfolio-in-compose-multiplatform:resolveDependenciesWasmJs DependencyFileImpl        Downloaded https://maven.google.com/androidx/annotation/annotation-wasm-js/1.9.1/annotation-wasm-js-1.9.1.pom for the dependency androidx.annotation:annotation-wasm-js:1.9.1
00:03.798 DEBUG :portfolio-in-compose-multiplatform:resolveDependenciesWasmJsTest DependencyFileImpl        Not found URL: https://maven.google.com/org/jetbrains/kotlinx/atomicfu-wasm-js/0.28.0/atomicfu-wasm-js-0.28.0.pom.sha512
00:03.805 DEBUG :portfolio-in-compose-multiplatform:resolveDependenciesWasmJsTest DependencyFileImpl        Not found URL: https://repo1.maven.org/maven2/org/jetbrains/kotlin/kotlin-test-wasm-js/2.4.10/kotlin-test-wasm-js-2.4.10.module.sha512
00:03.814 DEBUG :portfolio-in-compose-multiplatform:resolveDependenciesWasmJs DependencyFileImpl        Not found URL: https://maven.google.com/org/jetbrains/kotlinx/kotlinx-datetime-wasm-js/0.7.1/kotlinx-datetime-wasm-js-0.7.1.pom.sha512
00:03.815 DEBUG :portfolio-in-compose-multiplatform:resolveDependenciesWasmJs DependencyFileImpl        Not found URL: https://repo1.maven.org/maven2/androidx/navigationevent/navigationevent-wasm-js/1.0.1/navigationevent-wasm-js-1.0.1.pom.sha512
00:03.828 DEBUG :portfolio-in-compose-multiplatform:resolveDependenciesWasmJs DependencyFileImpl        Downloaded https://maven.google.com/androidx/annotation/annotation-wasm-js/1.9.1/annotation-wasm-js-1.9.1.module.sha512 for the dependency androidx.annotation:annotation-wasm-js:1.9.1
00:03.851 DEBUG :portfolio-in-compose-multiplatform:resolveDependenciesWasmJs DependencyFileImpl        Not found URL: https://maven.google.com/org/jetbrains/kotlinx/kotlinx-browser-wasm-js/0.5.0/kotlinx-browser-wasm-js-0.5.0.pom.sha512
00:03.874 DEBUG :portfolio-in-compose-multiplatform:resolveDependenciesWasmJsTest DependencyFileImpl        Not found URL: https://maven.google.com/org/jetbrains/kotlin/kotlin-test-wasm-js/2.4.10/kotlin-test-wasm-js-2.4.10.module.sha512
00:03.926 DEBUG :portfolio-in-compose-multiplatform:resolveDependenciesWasmJs DependencyFileImpl        Downloaded https://maven.google.com/androidx/annotation/annotation-wasm-js/1.9.1/annotation-wasm-js-1.9.1.module for the dependency androidx.annotation:annotation-wasm-js:1.9.1
00:03.932 DEBUG :portfolio-in-compose-multiplatform:resolveDependenciesWasmJs DependencyFileImpl        Downloaded https://maven.google.com/androidx/navigationevent/navigationevent-wasm-js/1.0.1/navigationevent-wasm-js-1.0.1.pom.sha512 for the dependency androidx.navigationevent:navigationevent-wasm-js:1.0.1
00:03.948 DEBUG :portfolio-in-compose-multiplatform:resolveDependenciesWasmJsTest DependencyFileImpl        Not found URL: https://repo1.maven.org/maven2/org/jetbrains/kotlinx/atomicfu-wasm-js/0.28.0/atomicfu-wasm-js-0.28.0.pom.sha256
00:03.988 DEBUG :portfolio-in-compose-multiplatform:resolveDependenciesWasmJs DependencyFileImpl        Not found URL: https://repo1.maven.org/maven2/org/jetbrains/kotlinx/kotlinx-datetime-wasm-js/0.7.1/kotlinx-datetime-wasm-js-0.7.1.pom.sha256
00:04.010 DEBUG :portfolio-in-compose-multiplatform:resolveDependenciesWasmJs DependencyFileImpl        Not found URL: https://repo1.maven.org/maven2/org/jetbrains/kotlinx/kotlinx-browser-wasm-js/0.5.0/kotlinx-browser-wasm-js-0.5.0.pom.sha256
00:04.015 DEBUG :portfolio-in-compose-multiplatform:resolveDependenciesWasmJs DependencyFileImpl        Downloaded https://maven.google.com/androidx/navigationevent/navigationevent-wasm-js/1.0.1/navigationevent-wasm-js-1.0.1.pom for the dependency androidx.navigationevent:navigationevent-wasm-js:1.0.1
00:04.024 DEBUG :portfolio-in-compose-multiplatform:resolveDependenciesWasmJsTest DependencyFileImpl        Not found URL: https://maven.google.com/org/jetbrains/kotlinx/atomicfu-wasm-js/0.28.0/atomicfu-wasm-js-0.28.0.pom.sha256
00:04.033 DEBUG :portfolio-in-compose-multiplatform:resolveDependenciesWasmJsTest DependencyFileImpl        Not found URL: https://repo1.maven.org/maven2/org/jetbrains/kotlin/kotlin-test-wasm-js/2.4.10/kotlin-test-wasm-js-2.4.10.module.sha256
00:04.044 DEBUG :portfolio-in-compose-multiplatform:resolveDependenciesWasmJsTest DependencyFileImpl        Downloaded https://repo1.maven.org/maven2/org/jetbrains/kotlinx/atomicfu-wasm-js/0.28.0/atomicfu-wasm-js-0.28.0.pom.sha1 for the dependency org.jetbrains.kotlinx:atomicfu-wasm-js:0.28.0
00:04.057 DEBUG :portfolio-in-compose-multiplatform:resolveDependenciesWasmJsTest DependencyFileImpl        Downloaded https://repo1.maven.org/maven2/org/jetbrains/kotlinx/atomicfu-wasm-js/0.28.0/atomicfu-wasm-js-0.28.0.pom for the dependency org.jetbrains.kotlinx:atomicfu-wasm-js:0.28.0
00:04.062 DEBUG :portfolio-in-compose-multiplatform:resolveDependenciesWasmJs DependencyFileImpl        Not found URL: https://maven.google.com/org/jetbrains/kotlinx/kotlinx-datetime-wasm-js/0.7.1/kotlinx-datetime-wasm-js-0.7.1.pom.sha256
00:04.076 DEBUG :portfolio-in-compose-multiplatform:resolveDependenciesWasmJs DependencyFileImpl        Downloaded https://repo1.maven.org/maven2/org/jetbrains/kotlinx/kotlinx-datetime-wasm-js/0.7.1/kotlinx-datetime-wasm-js-0.7.1.pom.sha1 for the dependency org.jetbrains.kotlinx:kotlinx-datetime-wasm-js:0.7.1
00:04.090 DEBUG :portfolio-in-compose-multiplatform:resolveDependenciesWasmJs DependencyFileImpl        Downloaded https://repo1.maven.org/maven2/org/jetbrains/kotlinx/kotlinx-datetime-wasm-js/0.7.1/kotlinx-datetime-wasm-js-0.7.1.pom for the dependency org.jetbrains.kotlinx:kotlinx-datetime-wasm-js:0.7.1
00:04.092 DEBUG :portfolio-in-compose-multiplatform:resolveDependenciesWasmJs DependencyFileImpl        Downloaded https://maven.google.com/androidx/navigationevent/navigationevent-wasm-js/1.0.1/navigationevent-wasm-js-1.0.1.module.sha512 for the dependency androidx.navigationevent:navigationevent-wasm-js:1.0.1
00:04.094 DEBUG :portfolio-in-compose-multiplatform:resolveDependenciesWasmJs DependencyFileImpl        Not found URL: https://maven.google.com/org/jetbrains/kotlinx/kotlinx-browser-wasm-js/0.5.0/kotlinx-browser-wasm-js-0.5.0.pom.sha256
00:04.095 DEBUG :portfolio-in-compose-multiplatform:resolveDependenciesWasmJsTest DependencyFileImpl        Not found URL: https://maven.google.com/org/jetbrains/kotlin/kotlin-test-wasm-js/2.4.10/kotlin-test-wasm-js-2.4.10.module.sha256
00:04.108 DEBUG :portfolio-in-compose-multiplatform:resolveDependenciesWasmJs DependencyFileImpl        Downloaded https://repo1.maven.org/maven2/org/jetbrains/kotlinx/kotlinx-browser-wasm-js/0.5.0/kotlinx-browser-wasm-js-0.5.0.pom.sha1 for the dependency org.jetbrains.kotlinx:kotlinx-browser-wasm-js:0.5.0
00:04.112 DEBUG :portfolio-in-compose-multiplatform:resolveDependenciesWasmJsTest DependencyFileImpl        Downloaded https://repo1.maven.org/maven2/org/jetbrains/kotlin/kotlin-test-wasm-js/2.4.10/kotlin-test-wasm-js-2.4.10.module.sha1 for the dependency org.jetbrains.kotlin:kotlin-test-wasm-js:2.4.10
00:04.123 DEBUG :portfolio-in-compose-multiplatform:resolveDependenciesWasmJs DependencyFileImpl        Downloaded https://repo1.maven.org/maven2/org/jetbrains/kotlinx/kotlinx-browser-wasm-js/0.5.0/kotlinx-browser-wasm-js-0.5.0.pom for the dependency org.jetbrains.kotlinx:kotlinx-browser-wasm-js:0.5.0
00:04.126 DEBUG :portfolio-in-compose-multiplatform:resolveDependenciesWasmJsTest DependencyFileImpl        Downloaded https://repo1.maven.org/maven2/org/jetbrains/kotlin/kotlin-test-wasm-js/2.4.10/kotlin-test-wasm-js-2.4.10.module for the dependency org.jetbrains.kotlin:kotlin-test-wasm-js:2.4.10
00:04.169 DEBUG :portfolio-in-compose-multiplatform:resolveDependenciesWasmJs DependencyFileImpl        Downloaded https://maven.google.com/androidx/navigationevent/navigationevent-wasm-js/1.0.1/navigationevent-wasm-js-1.0.1.module for the dependency androidx.navigationevent:navigationevent-wasm-js:1.0.1
00:04.203 DEBUG :portfolio-in-compose-multiplatform:resolveDependenciesWasmJsTest DependencyFileImpl        Not found URL: https://repo1.maven.org/maven2/org/jetbrains/kotlinx/atomicfu-wasm-js/0.28.0/atomicfu-wasm-js-0.28.0.module.sha512
00:04.231 DEBUG :portfolio-in-compose-multiplatform:resolveDependenciesWasmJs DependencyFileImpl        Not found URL: https://repo1.maven.org/maven2/org/jetbrains/kotlinx/kotlinx-datetime-wasm-js/0.7.1/kotlinx-datetime-wasm-js-0.7.1.module.sha512
00:04.273 DEBUG :portfolio-in-compose-multiplatform:resolveDependenciesWasmJsTest DependencyFileImpl        Not found URL: https://maven.google.com/org/jetbrains/kotlinx/atomicfu-wasm-js/0.28.0/atomicfu-wasm-js-0.28.0.module.sha512
00:04.307 DEBUG :portfolio-in-compose-multiplatform:resolveDependenciesWasmJs DependencyFileImpl        Not found URL: https://maven.google.com/org/jetbrains/kotlinx/kotlinx-datetime-wasm-js/0.7.1/kotlinx-datetime-wasm-js-0.7.1.module.sha512
00:04.321 DEBUG :portfolio-in-compose-multiplatform:resolveDependenciesWasmJs DependencyFileImpl        Not found URL: https://repo1.maven.org/maven2/androidx/compose/runtime/runtime-annotation/1.9.0/runtime-annotation-1.9.0.pom.sha512
00:04.402 DEBUG :portfolio-in-compose-multiplatform:resolveDependenciesWasmJs DependencyFileImpl        Downloaded https://maven.google.com/androidx/compose/runtime/runtime-annotation/1.9.0/runtime-annotation-1.9.0.pom.sha512 for the dependency androidx.compose.runtime:runtime-annotation:1.9.0
00:04.407 DEBUG :portfolio-in-compose-multiplatform:resolveDependenciesWasmJsTest DependencyFileImpl        Not found URL: https://repo1.maven.org/maven2/org/jetbrains/kotlinx/atomicfu-wasm-js/0.28.0/atomicfu-wasm-js-0.28.0.module.sha256
00:04.442 DEBUG :portfolio-in-compose-multiplatform:resolveDependenciesWasmJs DependencyFileImpl        Not found URL: https://repo1.maven.org/maven2/org/jetbrains/kotlinx/kotlinx-datetime-wasm-js/0.7.1/kotlinx-datetime-wasm-js-0.7.1.module.sha256
00:04.486 DEBUG :portfolio-in-compose-multiplatform:resolveDependenciesWasmJsTest DependencyFileImpl        Not found URL: https://maven.google.com/org/jetbrains/kotlinx/atomicfu-wasm-js/0.28.0/atomicfu-wasm-js-0.28.0.module.sha256
00:04.488 DEBUG :portfolio-in-compose-multiplatform:resolveDependenciesWasmJs DependencyFileImpl        Downloaded https://maven.google.com/androidx/compose/runtime/runtime-annotation/1.9.0/runtime-annotation-1.9.0.pom for the dependency androidx.compose.runtime:runtime-annotation:1.9.0
00:04.512 DEBUG :portfolio-in-compose-multiplatform:resolveDependenciesWasmJs DependencyFileImpl        Not found URL: https://maven.google.com/org/jetbrains/kotlinx/kotlinx-datetime-wasm-js/0.7.1/kotlinx-datetime-wasm-js-0.7.1.module.sha256
00:04.527 DEBUG :portfolio-in-compose-multiplatform:resolveDependenciesWasmJs DependencyFileImpl        Downloaded https://repo1.maven.org/maven2/org/jetbrains/kotlinx/kotlinx-datetime-wasm-js/0.7.1/kotlinx-datetime-wasm-js-0.7.1.module.sha1 for the dependency org.jetbrains.kotlinx:kotlinx-datetime-wasm-js:0.7.1
00:04.528 DEBUG :portfolio-in-compose-multiplatform:resolveDependenciesWasmJsTest DependencyFileImpl        Downloaded https://repo1.maven.org/maven2/org/jetbrains/kotlinx/atomicfu-wasm-js/0.28.0/atomicfu-wasm-js-0.28.0.module.sha1 for the dependency org.jetbrains.kotlinx:atomicfu-wasm-js:0.28.0
00:04.542 DEBUG :portfolio-in-compose-multiplatform:resolveDependenciesWasmJs DependencyFileImpl        Downloaded https://repo1.maven.org/maven2/org/jetbrains/kotlinx/kotlinx-datetime-wasm-js/0.7.1/kotlinx-datetime-wasm-js-0.7.1.module for the dependency org.jetbrains.kotlinx:kotlinx-datetime-wasm-js:0.7.1
00:04.543 DEBUG :portfolio-in-compose-multiplatform:resolveDependenciesWasmJsTest DependencyFileImpl        Downloaded https://repo1.maven.org/maven2/org/jetbrains/kotlinx/atomicfu-wasm-js/0.28.0/atomicfu-wasm-js-0.28.0.module for the dependency org.jetbrains.kotlinx:atomicfu-wasm-js:0.28.0
00:04.561 DEBUG :portfolio-in-compose-multiplatform:resolveDependenciesWasmJs DependencyFileImpl        Downloaded https://repo1.maven.org/maven2/org/jetbrains/kotlinx/kotlinx-serialization-core/1.6.2/kotlinx-serialization-core-1.6.2.pom.sha512 for the dependency org.jetbrains.kotlinx:kotlinx-serialization-core:1.6.2
00:04.576 DEBUG :portfolio-in-compose-multiplatform:resolveDependenciesWasmJs DependencyFileImpl        Downloaded https://maven.google.com/androidx/compose/runtime/runtime-annotation/1.9.0/runtime-annotation-1.9.0.module.sha512 for the dependency androidx.compose.runtime:runtime-annotation:1.9.0
00:04.581 DEBUG :portfolio-in-compose-multiplatform:resolveDependenciesWasmJs DependencyFileImpl        Downloaded https://repo1.maven.org/maven2/org/jetbrains/kotlinx/kotlinx-serialization-core/1.6.2/kotlinx-serialization-core-1.6.2.pom for the dependency org.jetbrains.kotlinx:kotlinx-serialization-core:1.6.2
00:04.597 DEBUG :portfolio-in-compose-multiplatform:resolveDependenciesWasmJs DependencyFileImpl        Downloaded https://repo1.maven.org/maven2/org/jetbrains/kotlinx/kotlinx-serialization-core/1.6.2/kotlinx-serialization-core-1.6.2.module.sha512 for the dependency org.jetbrains.kotlinx:kotlinx-serialization-core:1.6.2
00:04.604 DEBUG :portfolio-in-compose-multiplatform:resolveDependenciesWasmJs DependencyFileImpl        Downloaded https://maven.google.com/androidx/compose/runtime/runtime-annotation/1.9.0/runtime-annotation-1.9.0.module for the dependency androidx.compose.runtime:runtime-annotation:1.9.0
00:04.612 DEBUG :portfolio-in-compose-multiplatform:resolveDependenciesWasmJs DependencyFileImpl        Downloaded https://repo1.maven.org/maven2/org/jetbrains/kotlinx/kotlinx-serialization-core/1.6.2/kotlinx-serialization-core-1.6.2.module for the dependency org.jetbrains.kotlinx:kotlinx-serialization-core:1.6.2
00:04.629 DEBUG :portfolio-in-compose-multiplatform:resolveDependenciesWasmJs DependencyFileImpl        Downloaded https://repo1.maven.org/maven2/org/jetbrains/kotlinx/kotlinx-serialization-core-wasm-js/1.6.2/kotlinx-serialization-core-wasm-js-1.6.2.pom.sha512 for the dependency org.jetbrains.kotlinx:kotlinx-serialization-core-wasm-js:1.6.2
00:04.644 DEBUG :portfolio-in-compose-multiplatform:resolveDependenciesWasmJs DependencyFileImpl        Downloaded https://repo1.maven.org/maven2/org/jetbrains/kotlinx/kotlinx-serialization-core-wasm-js/1.6.2/kotlinx-serialization-core-wasm-js-1.6.2.pom for the dependency org.jetbrains.kotlinx:kotlinx-serialization-core-wasm-js:1.6.2
00:04.660 DEBUG :portfolio-in-compose-multiplatform:resolveDependenciesWasmJs DependencyFileImpl        Downloaded https://repo1.maven.org/maven2/org/jetbrains/kotlinx/kotlinx-serialization-core-wasm-js/1.6.2/kotlinx-serialization-core-wasm-js-1.6.2.module.sha512 for the dependency org.jetbrains.kotlinx:kotlinx-serialization-core-wasm-js:1.6.2
00:04.680 DEBUG :portfolio-in-compose-multiplatform:resolveDependenciesWasmJs DependencyFileImpl        Downloaded https://repo1.maven.org/maven2/org/jetbrains/kotlinx/kotlinx-serialization-core-wasm-js/1.6.2/kotlinx-serialization-core-wasm-js-1.6.2.module for the dependency org.jetbrains.kotlinx:kotlinx-serialization-core-wasm-js:1.6.2
00:04.739 DEBUG :portfolio-in-compose-multiplatform:resolveDependenciesWasmJs DependencyFileImpl        Not found URL: https://repo1.maven.org/maven2/androidx/compose/runtime/runtime-annotation-wasm-js/1.9.0/runtime-annotation-wasm-js-1.9.0.pom.sha512
00:04.810 DEBUG :portfolio-in-compose-multiplatform:resolveDependenciesWasmJs DependencyFileImpl        Not found URL: https://repo1.maven.org/maven2/org/jetbrains/kotlin/kotlin-stdlib-common/1.9.21/kotlin-stdlib-common-1.9.21.pom.sha512
00:04.857 DEBUG :portfolio-in-compose-multiplatform:resolveDependenciesWasmJs DependencyFileImpl        Downloaded https://maven.google.com/androidx/compose/runtime/runtime-annotation-wasm-js/1.9.0/runtime-annotation-wasm-js-1.9.0.pom.sha512 for the dependency androidx.compose.runtime:runtime-annotation-wasm-js:1.9.0
00:04.871 DEBUG :portfolio-in-compose-multiplatform:resolveDependenciesWasmJs DependencyFileImpl        Not found URL: https://maven.google.com/org/jetbrains/kotlin/kotlin-stdlib-common/1.9.21/kotlin-stdlib-common-1.9.21.pom.sha512
00:04.945 DEBUG :portfolio-in-compose-multiplatform:resolveDependenciesWasmJs DependencyFileImpl        Downloaded https://maven.google.com/androidx/compose/runtime/runtime-annotation-wasm-js/1.9.0/runtime-annotation-wasm-js-1.9.0.pom for the dependency androidx.compose.runtime:runtime-annotation-wasm-js:1.9.0
00:05.002 DEBUG :portfolio-in-compose-multiplatform:resolveDependenciesWasmJs DependencyFileImpl        Not found URL: https://repo1.maven.org/maven2/org/jetbrains/kotlin/kotlin-stdlib-common/1.9.21/kotlin-stdlib-common-1.9.21.pom.sha256
00:05.064 DEBUG :portfolio-in-compose-multiplatform:resolveDependenciesWasmJs DependencyFileImpl        Not found URL: https://maven.google.com/org/jetbrains/kotlin/kotlin-stdlib-common/1.9.21/kotlin-stdlib-common-1.9.21.pom.sha256
00:05.073 DEBUG :portfolio-in-compose-multiplatform:resolveDependenciesWasmJs DependencyFileImpl        Downloaded https://maven.google.com/androidx/compose/runtime/runtime-annotation-wasm-js/1.9.0/runtime-annotation-wasm-js-1.9.0.module.sha512 for the dependency androidx.compose.runtime:runtime-annotation-wasm-js:1.9.0
00:05.079 DEBUG :portfolio-in-compose-multiplatform:resolveDependenciesWasmJs DependencyFileImpl        Downloaded https://repo1.maven.org/maven2/org/jetbrains/kotlin/kotlin-stdlib-common/1.9.21/kotlin-stdlib-common-1.9.21.pom.sha1 for the dependency org.jetbrains.kotlin:kotlin-stdlib-common:1.9.21
00:05.094 DEBUG :portfolio-in-compose-multiplatform:resolveDependenciesWasmJs DependencyFileImpl        Downloaded https://repo1.maven.org/maven2/org/jetbrains/kotlin/kotlin-stdlib-common/1.9.21/kotlin-stdlib-common-1.9.21.pom for the dependency org.jetbrains.kotlin:kotlin-stdlib-common:1.9.21
00:05.158 DEBUG :portfolio-in-compose-multiplatform:resolveDependenciesWasmJs DependencyFileImpl        Downloaded https://maven.google.com/androidx/compose/runtime/runtime-annotation-wasm-js/1.9.0/runtime-annotation-wasm-js-1.9.0.module for the dependency androidx.compose.runtime:runtime-annotation-wasm-js:1.9.0
00:05.247 DEBUG :portfolio-in-compose-multiplatform:resolveDependenciesWasmJs DependencyFileImpl        Not found URL: https://repo1.maven.org/maven2/org/jetbrains/kotlin/kotlin-stdlib-common/1.9.21/kotlin-stdlib-common-1.9.21.module.sha512
00:05.308 DEBUG :portfolio-in-compose-multiplatform:resolveDependenciesWasmJs DependencyFileImpl        Not found URL: https://maven.google.com/org/jetbrains/kotlin/kotlin-stdlib-common/1.9.21/kotlin-stdlib-common-1.9.21.module.sha512
00:05.459 DEBUG :portfolio-in-compose-multiplatform:resolveDependenciesWasmJs DependencyFileImpl        Not found URL: https://repo1.maven.org/maven2/org/jetbrains/kotlin/kotlin-stdlib-common/1.9.21/kotlin-stdlib-common-1.9.21.module.sha256
00:05.522 DEBUG :portfolio-in-compose-multiplatform:resolveDependenciesWasmJs DependencyFileImpl        Not found URL: https://maven.google.com/org/jetbrains/kotlin/kotlin-stdlib-common/1.9.21/kotlin-stdlib-common-1.9.21.module.sha256
00:05.537 DEBUG :portfolio-in-compose-multiplatform:resolveDependenciesWasmJs DependencyFileImpl        Downloaded https://repo1.maven.org/maven2/org/jetbrains/kotlin/kotlin-stdlib-common/1.9.21/kotlin-stdlib-common-1.9.21.module.sha1 for the dependency org.jetbrains.kotlin:kotlin-stdlib-common:1.9.21
00:05.552 DEBUG :portfolio-in-compose-multiplatform:resolveDependenciesWasmJs DependencyFileImpl        Downloaded https://repo1.maven.org/maven2/org/jetbrains/kotlin/kotlin-stdlib-common/1.9.21/kotlin-stdlib-common-1.9.21.module for the dependency org.jetbrains.kotlin:kotlin-stdlib-common:1.9.21
00:05.596 DEBUG :portfolio-in-compose-multiplatform:resolveDependenciesWasmJsTest DependencyFileImpl        Downloaded https://repo1.maven.org/maven2/org/jetbrains/kotlinx/kotlinx-coroutines-core/1.9.0/kotlinx-coroutines-core-1.9.0.pom.sha512 for the dependency org.jetbrains.kotlinx:kotlinx-coroutines-core:1.9.0
00:05.596 DEBUG :portfolio-in-compose-multiplatform:resolveDependenciesWasmJs DependencyFileImpl        Downloaded https://repo1.maven.org/maven2/org/jetbrains/compose/ui/ui-text/1.11.1/ui-text-1.11.1.pom.sha512 for the dependency org.jetbrains.compose.ui:ui-text:1.11.1
00:05.597 DEBUG :portfolio-in-compose-multiplatform:resolveDependenciesWasmJs DependencyFileImpl        Not found URL: https://repo1.maven.org/maven2/org/jetbrains/kotlin/kotlin-stdlib-wasm-js/2.3.20/kotlin-stdlib-wasm-js-2.3.20.pom.sha512
00:05.597 DEBUG :portfolio-in-compose-multiplatform:resolveDependenciesWasmJs DependencyFileImpl        Not found URL: https://repo1.maven.org/maven2/org/jetbrains/kotlinx/kotlinx-browser-wasm-js/0.5.0/kotlinx-browser-wasm-js-0.5.0.module.sha512
00:05.598 DEBUG :portfolio-in-compose-multiplatform:resolveDependenciesWasmJs DependencyFileImpl        Downloaded https://repo1.maven.org/maven2/org/jetbrains/compose/animation/animation/1.11.1/animation-1.11.1.pom.sha512 for the dependency org.jetbrains.compose.animation:animation:1.11.1
00:05.599 DEBUG :portfolio-in-compose-multiplatform:resolveDependenciesWasmJs DependencyFileImpl        Downloaded https://repo1.maven.org/maven2/org/jetbrains/skiko/skiko/0.144.6/skiko-0.144.6.pom.sha512 for the dependency org.jetbrains.skiko:skiko:0.144.6
00:05.599 DEBUG :portfolio-in-compose-multiplatform:resolveDependenciesWasmJs DependencyFileImpl        Downloaded https://repo1.maven.org/maven2/org/jetbrains/compose/foundation/foundation-layout/1.11.1/foundation-layout-1.11.1.pom.sha512 for the dependency org.jetbrains.compose.foundation:foundation-layout:1.11.1
00:05.601 DEBUG :portfolio-in-compose-multiplatform:resolveDependenciesWasmJs DependencyFileImpl        Downloaded https://repo1.maven.org/maven2/org/jetbrains/compose/ui/ui-util/1.11.1/ui-util-1.11.1.pom.sha512 for the dependency org.jetbrains.compose.ui:ui-util:1.11.1
00:05.610 DEBUG :portfolio-in-compose-multiplatform:resolveDependenciesWasmJsTest DependencyFileImpl        Downloaded https://repo1.maven.org/maven2/org/jetbrains/compose/ui/ui-wasm-js/1.11.1/ui-wasm-js-1.11.1.module.sha512 for the dependency org.jetbrains.compose.ui:ui-wasm-js:1.11.1
00:05.611 DEBUG :portfolio-in-compose-multiplatform:resolveDependenciesWasmJsTest DependencyFileImpl        Downloaded https://repo1.maven.org/maven2/org/jetbrains/kotlinx/kotlinx-coroutines-core/1.9.0/kotlinx-coroutines-core-1.9.0.pom for the dependency org.jetbrains.kotlinx:kotlinx-coroutines-core:1.9.0
00:05.612 DEBUG :portfolio-in-compose-multiplatform:resolveDependenciesWasmJs DependencyFileImpl        Downloaded https://repo1.maven.org/maven2/org/jetbrains/compose/ui/ui-text/1.11.1/ui-text-1.11.1.pom for the dependency org.jetbrains.compose.ui:ui-text:1.11.1
00:05.615 DEBUG :portfolio-in-compose-multiplatform:resolveDependenciesWasmJs DependencyFileImpl        Downloaded https://repo1.maven.org/maven2/org/jetbrains/compose/foundation/foundation-layout/1.11.1/foundation-layout-1.11.1.pom for the dependency org.jetbrains.compose.foundation:foundation-layout:1.11.1
00:05.615 DEBUG :portfolio-in-compose-multiplatform:resolveDependenciesWasmJs DependencyFileImpl        Downloaded https://repo1.maven.org/maven2/org/jetbrains/compose/animation/animation/1.11.1/animation-1.11.1.pom for the dependency org.jetbrains.compose.animation:animation:1.11.1
00:05.618 DEBUG :portfolio-in-compose-multiplatform:resolveDependenciesWasmJs DependencyFileImpl        Downloaded https://repo1.maven.org/maven2/org/jetbrains/skiko/skiko/0.144.6/skiko-0.144.6.pom for the dependency org.jetbrains.skiko:skiko:0.144.6
00:05.620 DEBUG :portfolio-in-compose-multiplatform:resolveDependenciesWasmJs DependencyFileImpl        Downloaded https://repo1.maven.org/maven2/org/jetbrains/compose/ui/ui-util/1.11.1/ui-util-1.11.1.pom for the dependency org.jetbrains.compose.ui:ui-util:1.11.1
00:05.626 DEBUG :portfolio-in-compose-multiplatform:resolveDependenciesWasmJsTest DependencyFileImpl        Downloaded https://repo1.maven.org/maven2/org/jetbrains/compose/ui/ui-wasm-js/1.11.1/ui-wasm-js-1.11.1.module for the dependency org.jetbrains.compose.ui:ui-wasm-js:1.11.1
00:05.633 DEBUG :portfolio-in-compose-multiplatform:resolveDependenciesWasmJs DependencyFileImpl        Downloaded https://repo1.maven.org/maven2/org/jetbrains/compose/ui/ui-text/1.11.1/ui-text-1.11.1.module.sha512 for the dependency org.jetbrains.compose.ui:ui-text:1.11.1
00:05.637 DEBUG :portfolio-in-compose-multiplatform:resolveDependenciesWasmJsTest DependencyFileImpl        Downloaded https://repo1.maven.org/maven2/org/jetbrains/kotlinx/kotlinx-coroutines-core/1.9.0/kotlinx-coroutines-core-1.9.0.module.sha512 for the dependency org.jetbrains.kotlinx:kotlinx-coroutines-core:1.9.0
00:05.637 DEBUG :portfolio-in-compose-multiplatform:resolveDependenciesWasmJs DependencyFileImpl        Downloaded https://repo1.maven.org/maven2/org/jetbrains/compose/foundation/foundation-layout/1.11.1/foundation-layout-1.11.1.module.sha512 for the dependency org.jetbrains.compose.foundation:foundation-layout:1.11.1
00:05.638 DEBUG :portfolio-in-compose-multiplatform:resolveDependenciesWasmJs DependencyFileImpl        Downloaded https://repo1.maven.org/maven2/org/jetbrains/compose/animation/animation/1.11.1/animation-1.11.1.module.sha512 for the dependency org.jetbrains.compose.animation:animation:1.11.1
00:05.638 DEBUG :portfolio-in-compose-multiplatform:resolveDependenciesWasmJs DependencyFileImpl        Downloaded https://repo1.maven.org/maven2/org/jetbrains/skiko/skiko/0.144.6/skiko-0.144.6.module.sha512 for the dependency org.jetbrains.skiko:skiko:0.144.6
00:05.640 DEBUG :portfolio-in-compose-multiplatform:resolveDependenciesWasmJs DependencyFileImpl        Downloaded https://repo1.maven.org/maven2/org/jetbrains/compose/ui/ui-util/1.11.1/ui-util-1.11.1.module.sha512 for the dependency org.jetbrains.compose.ui:ui-util:1.11.1
00:05.652 DEBUG :portfolio-in-compose-multiplatform:resolveDependenciesWasmJs DependencyFileImpl        Downloaded https://repo1.maven.org/maven2/org/jetbrains/compose/ui/ui-text/1.11.1/ui-text-1.11.1.module for the dependency org.jetbrains.compose.ui:ui-text:1.11.1
00:05.656 DEBUG :portfolio-in-compose-multiplatform:resolveDependenciesWasmJs DependencyFileImpl        Not found URL: https://maven.google.com/org/jetbrains/kotlin/kotlin-stdlib-wasm-js/2.3.20/kotlin-stdlib-wasm-js-2.3.20.pom.sha512
00:05.657 DEBUG :portfolio-in-compose-multiplatform:resolveDependenciesWasmJsTest DependencyFileImpl        Downloaded https://repo1.maven.org/maven2/org/jetbrains/kotlinx/kotlinx-coroutines-core/1.9.0/kotlinx-coroutines-core-1.9.0.module for the dependency org.jetbrains.kotlinx:kotlinx-coroutines-core:1.9.0
00:05.659 DEBUG :portfolio-in-compose-multiplatform:resolveDependenciesWasmJs DependencyFileImpl        Downloaded https://repo1.maven.org/maven2/org/jetbrains/compose/foundation/foundation-layout/1.11.1/foundation-layout-1.11.1.module for the dependency org.jetbrains.compose.foundation:foundation-layout:1.11.1
00:05.662 DEBUG :portfolio-in-compose-multiplatform:resolveDependenciesWasmJs DependencyFileImpl        Downloaded https://repo1.maven.org/maven2/org/jetbrains/skiko/skiko/0.144.6/skiko-0.144.6.module for the dependency org.jetbrains.skiko:skiko:0.144.6
00:05.664 DEBUG :portfolio-in-compose-multiplatform:resolveDependenciesWasmJs DependencyFileImpl        Downloaded https://repo1.maven.org/maven2/org/jetbrains/compose/animation/animation/1.11.1/animation-1.11.1.module for the dependency org.jetbrains.compose.animation:animation:1.11.1
00:05.667 DEBUG :portfolio-in-compose-multiplatform:resolveDependenciesWasmJs DependencyFileImpl        Downloaded https://repo1.maven.org/maven2/org/jetbrains/androidx/lifecycle/lifecycle-runtime-compose/2.9.6/lifecycle-runtime-compose-2.9.6.pom.sha512 for the dependency org.jetbrains.androidx.lifecycle:lifecycle-runtime-compose:2.9.6
00:05.669 DEBUG :portfolio-in-compose-multiplatform:resolveDependenciesWasmJs DependencyFileImpl        Downloaded https://repo1.maven.org/maven2/org/jetbrains/androidx/lifecycle/lifecycle-viewmodel/2.9.6/lifecycle-viewmodel-2.9.6.pom.sha512 for the dependency org.jetbrains.androidx.lifecycle:lifecycle-viewmodel:2.9.6
00:05.681 DEBUG :portfolio-in-compose-multiplatform:resolveDependenciesWasmJs DependencyFileImpl        Downloaded https://repo1.maven.org/maven2/org/jetbrains/compose/runtime/runtime-saveable/1.11.1/runtime-saveable-1.11.1.pom.sha512 for the dependency org.jetbrains.compose.runtime:runtime-saveable:1.11.1
00:05.686 DEBUG :portfolio-in-compose-multiplatform:resolveDependenciesWasmJs DependencyFileImpl        Downloaded https://repo1.maven.org/maven2/org/jetbrains/androidx/lifecycle/lifecycle-viewmodel-savedstate/2.9.6/lifecycle-viewmodel-savedstate-2.9.6.pom.sha512 for the dependency org.jetbrains.androidx.lifecycle:lifecycle-viewmodel-savedstate:2.9.6
00:05.687 DEBUG :portfolio-in-compose-multiplatform:resolveDependenciesWasmJs DependencyFileImpl        Downloaded https://repo1.maven.org/maven2/org/jetbrains/compose/ui/ui-util/1.11.1/ui-util-1.11.1.module for the dependency org.jetbrains.compose.ui:ui-util:1.11.1
00:05.689 DEBUG :portfolio-in-compose-multiplatform:resolveDependenciesWasmJs DependencyFileImpl        Not found URL: https://maven.google.com/org/jetbrains/kotlinx/kotlinx-browser-wasm-js/0.5.0/kotlinx-browser-wasm-js-0.5.0.module.sha512
00:05.689 DEBUG :portfolio-in-compose-multiplatform:resolveDependenciesWasmJs DependencyFileImpl        Downloaded https://repo1.maven.org/maven2/org/jetbrains/compose/ui/ui-text-wasm-js/1.11.1/ui-text-wasm-js-1.11.1.pom.sha512 for the dependency org.jetbrains.compose.ui:ui-text-wasm-js:1.11.1
00:05.690 DEBUG :portfolio-in-compose-multiplatform:resolveDependenciesWasmJs DependencyFileImpl        Not found URL: https://repo1.maven.org/maven2/org/jetbrains/kotlin/kotlin-stdlib-wasm-js/2.3.20/kotlin-stdlib-wasm-js-2.3.20.pom.sha256
00:05.694 DEBUG :portfolio-in-compose-multiplatform:resolveDependenciesWasmJs DependencyFileImpl        Downloaded https://repo1.maven.org/maven2/org/jetbrains/compose/foundation/foundation-layout-wasm-js/1.11.1/foundation-layout-wasm-js-1.11.1.pom.sha512 for the dependency org.jetbrains.compose.foundation:foundation-layout-wasm-js:1.11.1
00:05.704 DEBUG :portfolio-in-compose-multiplatform:resolveDependenciesWasmJsTest DependencyFileImpl        Downloaded https://repo1.maven.org/maven2/org/jetbrains/compose/animation/animation-wasm-js/1.11.1/animation-wasm-js-1.11.1.pom.sha512 for the dependency org.jetbrains.compose.animation:animation-wasm-js:1.11.1
00:05.705 DEBUG :portfolio-in-compose-multiplatform:resolveDependenciesWasmJs DependencyFileImpl        Downloaded https://repo1.maven.org/maven2/org/jetbrains/androidx/lifecycle/lifecycle-viewmodel/2.9.6/lifecycle-viewmodel-2.9.6.pom for the dependency org.jetbrains.androidx.lifecycle:lifecycle-viewmodel:2.9.6
00:05.706 DEBUG :portfolio-in-compose-multiplatform:resolveDependenciesWasmJs DependencyFileImpl        Downloaded https://repo1.maven.org/maven2/org/jetbrains/compose/runtime/runtime-saveable/1.11.1/runtime-saveable-1.11.1.pom for the dependency org.jetbrains.compose.runtime:runtime-saveable:1.11.1
00:05.710 DEBUG :portfolio-in-compose-multiplatform:resolveDependenciesWasmJs DependencyFileImpl        Downloaded https://repo1.maven.org/maven2/org/jetbrains/androidx/lifecycle/lifecycle-runtime-compose/2.9.6/lifecycle-runtime-compose-2.9.6.pom for the dependency org.jetbrains.androidx.lifecycle:lifecycle-runtime-compose:2.9.6
00:05.710 DEBUG :portfolio-in-compose-multiplatform:resolveDependenciesWasmJs DependencyFileImpl        Downloaded https://repo1.maven.org/maven2/org/jetbrains/androidx/lifecycle/lifecycle-viewmodel-savedstate/2.9.6/lifecycle-viewmodel-savedstate-2.9.6.pom for the dependency org.jetbrains.androidx.lifecycle:lifecycle-viewmodel-savedstate:2.9.6
00:05.717 DEBUG :portfolio-in-compose-multiplatform:resolveDependenciesWasmJs DependencyFileImpl        Not found URL: https://repo1.maven.org/maven2/org/jetbrains/kotlinx/kotlinx-browser-wasm-js/0.5.0/kotlinx-browser-wasm-js-0.5.0.module.sha256
00:05.719 DEBUG :portfolio-in-compose-multiplatform:resolveDependenciesWasmJsTest DependencyFileImpl        Downloaded https://repo1.maven.org/maven2/org/jetbrains/kotlinx/kotlinx-coroutines-core-wasm-js/1.9.0/kotlinx-coroutines-core-wasm-js-1.9.0.pom.sha512 for the dependency org.jetbrains.kotlinx:kotlinx-coroutines-core-wasm-js:1.9.0
00:05.720 DEBUG :portfolio-in-compose-multiplatform:resolveDependenciesWasmJs DependencyFileImpl        Downloaded https://repo1.maven.org/maven2/org/jetbrains/compose/ui/ui-text-wasm-js/1.11.1/ui-text-wasm-js-1.11.1.pom for the dependency org.jetbrains.compose.ui:ui-text-wasm-js:1.11.1
00:05.723 DEBUG :portfolio-in-compose-multiplatform:resolveDependenciesWasmJs DependencyFileImpl        Downloaded https://repo1.maven.org/maven2/org/jetbrains/compose/ui/ui-util-wasm-js/1.11.1/ui-util-wasm-js-1.11.1.pom.sha512 for the dependency org.jetbrains.compose.ui:ui-util-wasm-js:1.11.1
00:05.726 DEBUG :portfolio-in-compose-multiplatform:resolveDependenciesWasmJsTest DependencyFileImpl        Downloaded https://repo1.maven.org/maven2/org/jetbrains/compose/animation/animation-wasm-js/1.11.1/animation-wasm-js-1.11.1.pom for the dependency org.jetbrains.compose.animation:animation-wasm-js:1.11.1
00:05.728 DEBUG :portfolio-in-compose-multiplatform:resolveDependenciesWasmJs DependencyFileImpl        Downloaded https://repo1.maven.org/maven2/org/jetbrains/compose/foundation/foundation-layout-wasm-js/1.11.1/foundation-layout-wasm-js-1.11.1.pom for the dependency org.jetbrains.compose.foundation:foundation-layout-wasm-js:1.11.1
00:05.733 DEBUG :portfolio-in-compose-multiplatform:resolveDependenciesWasmJs DependencyFileImpl        Downloaded https://repo1.maven.org/maven2/org/jetbrains/androidx/lifecycle/lifecycle-viewmodel/2.9.6/lifecycle-viewmodel-2.9.6.module.sha512 for the dependency org.jetbrains.androidx.lifecycle:lifecycle-viewmodel:2.9.6
00:05.735 DEBUG :portfolio-in-compose-multiplatform:resolveDependenciesWasmJs DependencyFileImpl        Downloaded https://repo1.maven.org/maven2/org/jetbrains/compose/runtime/runtime-saveable/1.11.1/runtime-saveable-1.11.1.module.sha512 for the dependency org.jetbrains.compose.runtime:runtime-saveable:1.11.1
00:05.735 DEBUG :portfolio-in-compose-multiplatform:resolveDependenciesWasmJs DependencyFileImpl        Downloaded https://repo1.maven.org/maven2/org/jetbrains/androidx/lifecycle/lifecycle-runtime-compose/2.9.6/lifecycle-runtime-compose-2.9.6.module.sha512 for the dependency org.jetbrains.androidx.lifecycle:lifecycle-runtime-compose:2.9.6
00:05.739 DEBUG :portfolio-in-compose-multiplatform:resolveDependenciesWasmJs DependencyFileImpl        Not found URL: https://repo1.maven.org/maven2/androidx/compose/runtime/runtime/1.11.2/runtime-1.11.2.pom.sha512
00:05.739 DEBUG :portfolio-in-compose-multiplatform:resolveDependenciesWasmJs DependencyFileImpl        Downloaded https://repo1.maven.org/maven2/org/jetbrains/androidx/lifecycle/lifecycle-viewmodel-savedstate/2.9.6/lifecycle-viewmodel-savedstate-2.9.6.module.sha512 for the dependency org.jetbrains.androidx.lifecycle:lifecycle-viewmodel-savedstate:2.9.6
00:05.747 DEBUG :portfolio-in-compose-multiplatform:resolveDependenciesWasmJsTest DependencyFileImpl        Downloaded https://repo1.maven.org/maven2/org/jetbrains/kotlinx/kotlinx-coroutines-core-wasm-js/1.9.0/kotlinx-coroutines-core-wasm-js-1.9.0.pom for the dependency org.jetbrains.kotlinx:kotlinx-coroutines-core-wasm-js:1.9.0
00:05.751 DEBUG :portfolio-in-compose-multiplatform:resolveDependenciesWasmJs DependencyFileImpl        Downloaded https://repo1.maven.org/maven2/org/jetbrains/compose/ui/ui-text-wasm-js/1.11.1/ui-text-wasm-js-1.11.1.module.sha512 for the dependency org.jetbrains.compose.ui:ui-text-wasm-js:1.11.1
00:05.753 DEBUG :portfolio-in-compose-multiplatform:resolveDependenciesWasmJs DependencyFileImpl        Downloaded https://repo1.maven.org/maven2/org/jetbrains/compose/ui/ui-util-wasm-js/1.11.1/ui-util-wasm-js-1.11.1.pom for the dependency org.jetbrains.compose.ui:ui-util-wasm-js:1.11.1
00:05.755 DEBUG :portfolio-in-compose-multiplatform:resolveDependenciesWasmJs DependencyFileImpl        Downloaded https://repo1.maven.org/maven2/org/jetbrains/compose/animation/animation-wasm-js/1.11.1/animation-wasm-js-1.11.1.module.sha512 for the dependency org.jetbrains.compose.animation:animation-wasm-js:1.11.1
00:05.756 DEBUG :portfolio-in-compose-multiplatform:resolveDependenciesWasmJs DependencyFileImpl        Downloaded https://repo1.maven.org/maven2/org/jetbrains/compose/foundation/foundation-layout-wasm-js/1.11.1/foundation-layout-wasm-js-1.11.1.module.sha512 for the dependency org.jetbrains.compose.foundation:foundation-layout-wasm-js:1.11.1
00:05.758 DEBUG :portfolio-in-compose-multiplatform:resolveDependenciesWasmJs DependencyFileImpl        Downloaded https://repo1.maven.org/maven2/org/jetbrains/androidx/lifecycle/lifecycle-viewmodel/2.9.6/lifecycle-viewmodel-2.9.6.module for the dependency org.jetbrains.androidx.lifecycle:lifecycle-viewmodel:2.9.6
00:05.764 DEBUG :portfolio-in-compose-multiplatform:resolveDependenciesWasmJs DependencyFileImpl        Downloaded https://repo1.maven.org/maven2/org/jetbrains/androidx/lifecycle/lifecycle-runtime-compose/2.9.6/lifecycle-runtime-compose-2.9.6.module for the dependency org.jetbrains.androidx.lifecycle:lifecycle-runtime-compose:2.9.6
00:05.770 DEBUG :portfolio-in-compose-multiplatform:resolveDependenciesWasmJs DependencyFileImpl        Not found URL: https://maven.google.com/org/jetbrains/kotlin/kotlin-stdlib-wasm-js/2.3.20/kotlin-stdlib-wasm-js-2.3.20.pom.sha256
00:05.770 DEBUG :portfolio-in-compose-multiplatform:resolveDependenciesWasmJs DependencyFileImpl        Downloaded https://repo1.maven.org/maven2/org/jetbrains/compose/runtime/runtime-saveable/1.11.1/runtime-saveable-1.11.1.module for the dependency org.jetbrains.compose.runtime:runtime-saveable:1.11.1
00:05.773 DEBUG :portfolio-in-compose-multiplatform:resolveDependenciesWasmJs DependencyFileImpl        Downloaded https://repo1.maven.org/maven2/org/jetbrains/androidx/lifecycle/lifecycle-viewmodel-savedstate/2.9.6/lifecycle-viewmodel-savedstate-2.9.6.module for the dependency org.jetbrains.androidx.lifecycle:lifecycle-viewmodel-savedstate:2.9.6
00:05.773 DEBUG :portfolio-in-compose-multiplatform:resolveDependenciesWasmJs DependencyFileImpl        Not found URL: https://repo1.maven.org/maven2/androidx/savedstate/savedstate-compose/1.4.0/savedstate-compose-1.4.0.pom.sha512
00:05.774 DEBUG :portfolio-in-compose-multiplatform:resolveDependenciesWasmJs DependencyFileImpl        Downloaded https://repo1.maven.org/maven2/org/jetbrains/compose/ui/ui-text-wasm-js/1.11.1/ui-text-wasm-js-1.11.1.module for the dependency org.jetbrains.compose.ui:ui-text-wasm-js:1.11.1
00:05.777 DEBUG :portfolio-in-compose-multiplatform:resolveDependenciesWasmJsTest DependencyFileImpl        Downloaded https://repo1.maven.org/maven2/org/jetbrains/kotlinx/kotlinx-coroutines-core-wasm-js/1.9.0/kotlinx-coroutines-core-wasm-js-1.9.0.module.sha512 for the dependency org.jetbrains.kotlinx:kotlinx-coroutines-core-wasm-js:1.9.0
00:05.781 DEBUG :portfolio-in-compose-multiplatform:resolveDependenciesWasmJs DependencyFileImpl        Downloaded https://repo1.maven.org/maven2/org/jetbrains/compose/ui/ui-util-wasm-js/1.11.1/ui-util-wasm-js-1.11.1.module.sha512 for the dependency org.jetbrains.compose.ui:ui-util-wasm-js:1.11.1
00:05.784 DEBUG :portfolio-in-compose-multiplatform:resolveDependenciesWasmJs DependencyFileImpl        Downloaded https://repo1.maven.org/maven2/org/jetbrains/compose/animation/animation-wasm-js/1.11.1/animation-wasm-js-1.11.1.module for the dependency org.jetbrains.compose.animation:animation-wasm-js:1.11.1
00:05.791 DEBUG :portfolio-in-compose-multiplatform:resolveDependenciesWasmJs DependencyFileImpl        Downloaded https://repo1.maven.org/maven2/org/jetbrains/compose/foundation/foundation-layout-wasm-js/1.11.1/foundation-layout-wasm-js-1.11.1.module for the dependency org.jetbrains.compose.foundation:foundation-layout-wasm-js:1.11.1
00:05.791 DEBUG :portfolio-in-compose-multiplatform:resolveDependenciesWasmJsTest DependencyFileImpl        Downloaded https://repo1.maven.org/maven2/org/jetbrains/androidx/lifecycle/lifecycle-viewmodel-wasm-js/2.9.6/lifecycle-viewmodel-wasm-js-2.9.6.pom.sha512 for the dependency org.jetbrains.androidx.lifecycle:lifecycle-viewmodel-wasm-js:2.9.6
00:05.793 DEBUG :portfolio-in-compose-multiplatform:resolveDependenciesWasmJs DependencyFileImpl        Downloaded https://repo1.maven.org/maven2/org/jetbrains/androidx/lifecycle/lifecycle-runtime-compose-wasm-js/2.9.6/lifecycle-runtime-compose-wasm-js-2.9.6.pom.sha512 for the dependency org.jetbrains.androidx.lifecycle:lifecycle-runtime-compose-wasm-js:2.9.6
00:05.794 DEBUG :portfolio-in-compose-multiplatform:resolveDependenciesWasmJs DependencyFileImpl        Downloaded https://repo1.maven.org/maven2/org/jetbrains/kotlin/kotlin-stdlib-wasm-js/2.3.20/kotlin-stdlib-wasm-js-2.3.20.pom.sha1 for the dependency org.jetbrains.kotlin:kotlin-stdlib-wasm-js:2.3.20
00:05.797 DEBUG :portfolio-in-compose-multiplatform:resolveDependenciesWasmJsTest DependencyFileImpl        Downloaded https://repo1.maven.org/maven2/org/jetbrains/compose/runtime/runtime-saveable-wasm-js/1.11.1/runtime-saveable-wasm-js-1.11.1.pom.sha512 for the dependency org.jetbrains.compose.runtime:runtime-saveable-wasm-js:1.11.1
00:05.801 DEBUG :portfolio-in-compose-multiplatform:resolveDependenciesWasmJsTest DependencyFileImpl        Downloaded https://repo1.maven.org/maven2/org/jetbrains/kotlinx/kotlinx-coroutines-core-wasm-js/1.9.0/kotlinx-coroutines-core-wasm-js-1.9.0.module for the dependency org.jetbrains.kotlinx:kotlinx-coroutines-core-wasm-js:1.9.0
00:05.807 DEBUG :portfolio-in-compose-multiplatform:resolveDependenciesWasmJs DependencyFileImpl        Downloaded https://repo1.maven.org/maven2/org/jetbrains/compose/ui/ui-util-wasm-js/1.11.1/ui-util-wasm-js-1.11.1.module for the dependency org.jetbrains.compose.ui:ui-util-wasm-js:1.11.1
00:05.808 DEBUG :portfolio-in-compose-multiplatform:resolveDependenciesWasmJs DependencyFileImpl        Not found URL: https://maven.google.com/org/jetbrains/kotlinx/kotlinx-browser-wasm-js/0.5.0/kotlinx-browser-wasm-js-0.5.0.module.sha256
00:05.809 DEBUG :portfolio-in-compose-multiplatform:resolveDependenciesWasmJs DependencyFileImpl        Not found URL: https://repo1.maven.org/maven2/androidx/compose/runtime/runtime-retain/1.11.2/runtime-retain-1.11.2.pom.sha512
00:05.810 DEBUG :portfolio-in-compose-multiplatform:resolveDependenciesWasmJs DependencyFileImpl        Downloaded https://repo1.maven.org/maven2/org/jetbrains/androidx/lifecycle/lifecycle-viewmodel-savedstate-wasm-js/2.9.6/lifecycle-viewmodel-savedstate-wasm-js-2.9.6.pom.sha512 for the dependency org.jetbrains.androidx.lifecycle:lifecycle-viewmodel-savedstate-wasm-js:2.9.6
00:05.812 DEBUG :portfolio-in-compose-multiplatform:resolveDependenciesWasmJsTest DependencyFileImpl        Downloaded https://repo1.maven.org/maven2/org/jetbrains/androidx/lifecycle/lifecycle-viewmodel-wasm-js/2.9.6/lifecycle-viewmodel-wasm-js-2.9.6.pom for the dependency org.jetbrains.androidx.lifecycle:lifecycle-viewmodel-wasm-js:2.9.6
00:05.815 DEBUG :portfolio-in-compose-multiplatform:resolveDependenciesWasmJs DependencyFileImpl        Downloaded https://repo1.maven.org/maven2/org/jetbrains/androidx/lifecycle/lifecycle-runtime-compose-wasm-js/2.9.6/lifecycle-runtime-compose-wasm-js-2.9.6.pom for the dependency org.jetbrains.androidx.lifecycle:lifecycle-runtime-compose-wasm-js:2.9.6
00:05.815 DEBUG :portfolio-in-compose-multiplatform:resolveDependenciesWasmJs DependencyFileImpl        Downloaded https://repo1.maven.org/maven2/org/jetbrains/kotlin/kotlin-stdlib-wasm-js/2.3.20/kotlin-stdlib-wasm-js-2.3.20.pom for the dependency org.jetbrains.kotlin:kotlin-stdlib-wasm-js:2.3.20
00:05.817 DEBUG :portfolio-in-compose-multiplatform:resolveDependenciesWasmJsTest DependencyFileImpl        Downloaded https://repo1.maven.org/maven2/org/jetbrains/compose/runtime/runtime-saveable-wasm-js/1.11.1/runtime-saveable-wasm-js-1.11.1.pom for the dependency org.jetbrains.compose.runtime:runtime-saveable-wasm-js:1.11.1
00:05.823 DEBUG :portfolio-in-compose-multiplatform:resolveDependenciesWasmJs DependencyFileImpl        Downloaded https://repo1.maven.org/maven2/org/jetbrains/kotlinx/kotlinx-browser-wasm-js/0.5.0/kotlinx-browser-wasm-js-0.5.0.module.sha1 for the dependency org.jetbrains.kotlinx:kotlinx-browser-wasm-js:0.5.0
00:05.827 DEBUG :portfolio-in-compose-multiplatform:resolveDependenciesWasmJs DependencyFileImpl        Downloaded https://repo1.maven.org/maven2/org/jetbrains/androidx/lifecycle/lifecycle-viewmodel-savedstate-wasm-js/2.9.6/lifecycle-viewmodel-savedstate-wasm-js-2.9.6.pom for the dependency org.jetbrains.androidx.lifecycle:lifecycle-viewmodel-savedstate-wasm-js:2.9.6
00:05.829 DEBUG :portfolio-in-compose-multiplatform:resolveDependenciesWasmJs DependencyFileImpl        Downloaded https://maven.google.com/androidx/compose/runtime/runtime/1.11.2/runtime-1.11.2.pom.sha512 for the dependency androidx.compose.runtime:runtime:1.11.2
00:05.830 DEBUG :portfolio-in-compose-multiplatform:resolveDependenciesWasmJsTest DependencyFileImpl        Downloaded https://repo1.maven.org/maven2/org/jetbrains/androidx/lifecycle/lifecycle-viewmodel-wasm-js/2.9.6/lifecycle-viewmodel-wasm-js-2.9.6.module.sha512 for the dependency org.jetbrains.androidx.lifecycle:lifecycle-viewmodel-wasm-js:2.9.6
00:05.843 DEBUG :portfolio-in-compose-multiplatform:resolveDependenciesWasmJs DependencyFileImpl        Downloaded https://repo1.maven.org/maven2/org/jetbrains/compose/runtime/runtime-saveable-wasm-js/1.11.1/runtime-saveable-wasm-js-1.11.1.module.sha512 for the dependency org.jetbrains.compose.runtime:runtime-saveable-wasm-js:1.11.1
00:05.848 DEBUG :portfolio-in-compose-multiplatform:resolveDependenciesWasmJs DependencyFileImpl        Downloaded https://repo1.maven.org/maven2/org/jetbrains/kotlinx/kotlinx-browser-wasm-js/0.5.0/kotlinx-browser-wasm-js-0.5.0.module for the dependency org.jetbrains.kotlinx:kotlinx-browser-wasm-js:0.5.0
00:05.849 DEBUG :portfolio-in-compose-multiplatform:resolveDependenciesWasmJsTest DependencyFileImpl        Downloaded https://repo1.maven.org/maven2/org/jetbrains/androidx/lifecycle/lifecycle-viewmodel-wasm-js/2.9.6/lifecycle-viewmodel-wasm-js-2.9.6.module for the dependency org.jetbrains.androidx.lifecycle:lifecycle-viewmodel-wasm-js:2.9.6
00:05.850 DEBUG :portfolio-in-compose-multiplatform:resolveDependenciesWasmJs DependencyFileImpl        Downloaded https://repo1.maven.org/maven2/org/jetbrains/androidx/lifecycle/lifecycle-viewmodel-savedstate-wasm-js/2.9.6/lifecycle-viewmodel-savedstate-wasm-js-2.9.6.module.sha512 for the dependency org.jetbrains.androidx.lifecycle:lifecycle-viewmodel-savedstate-wasm-js:2.9.6
00:05.850 DEBUG :portfolio-in-compose-multiplatform:resolveDependenciesWasmJs DependencyFileImpl        Downloaded https://repo1.maven.org/maven2/org/jetbrains/androidx/lifecycle/lifecycle-runtime-compose-wasm-js/2.9.6/lifecycle-runtime-compose-wasm-js-2.9.6.module.sha512 for the dependency org.jetbrains.androidx.lifecycle:lifecycle-runtime-compose-wasm-js:2.9.6
00:05.855 DEBUG :portfolio-in-compose-multiplatform:resolveDependenciesWasmJs DependencyFileImpl        Not found URL: https://repo1.maven.org/maven2/org/jetbrains/kotlin/kotlin-stdlib-wasm-js/2.3.20/kotlin-stdlib-wasm-js-2.3.20.module.sha512
00:05.859 DEBUG :portfolio-in-compose-multiplatform:resolveDependenciesWasmJs DependencyFileImpl        Downloaded https://maven.google.com/androidx/compose/runtime/runtime/1.11.2/runtime-1.11.2.pom for the dependency androidx.compose.runtime:runtime:1.11.2
00:05.863 DEBUG :portfolio-in-compose-multiplatform:resolveDependenciesWasmJs DependencyFileImpl        Downloaded https://maven.google.com/androidx/savedstate/savedstate-compose/1.4.0/savedstate-compose-1.4.0.pom.sha512 for the dependency androidx.savedstate:savedstate-compose:1.4.0
00:05.863 DEBUG :portfolio-in-compose-multiplatform:resolveDependenciesWasmJs DependencyFileImpl        Downloaded https://repo1.maven.org/maven2/org/jetbrains/compose/runtime/runtime-saveable-wasm-js/1.11.1/runtime-saveable-wasm-js-1.11.1.module for the dependency org.jetbrains.compose.runtime:runtime-saveable-wasm-js:1.11.1
00:05.868 DEBUG :portfolio-in-compose-multiplatform:resolveDependenciesWasmJs DependencyFileImpl        Downloaded https://repo1.maven.org/maven2/org/jetbrains/androidx/lifecycle/lifecycle-runtime-compose-wasm-js/2.9.6/lifecycle-runtime-compose-wasm-js-2.9.6.module for the dependency org.jetbrains.androidx.lifecycle:lifecycle-runtime-compose-wasm-js:2.9.6
00:05.874 DEBUG :portfolio-in-compose-multiplatform:resolveDependenciesWasmJs DependencyFileImpl        Downloaded https://repo1.maven.org/maven2/org/jetbrains/androidx/lifecycle/lifecycle-viewmodel-savedstate-wasm-js/2.9.6/lifecycle-viewmodel-savedstate-wasm-js-2.9.6.module for the dependency org.jetbrains.androidx.lifecycle:lifecycle-viewmodel-savedstate-wasm-js:2.9.6
00:05.886 DEBUG :portfolio-in-compose-multiplatform:resolveDependenciesWasmJsTest DependencyFileImpl        Downloaded https://repo1.maven.org/maven2/org/jetbrains/androidx/savedstate/savedstate-compose/1.3.6/savedstate-compose-1.3.6.pom.sha512 for the dependency org.jetbrains.androidx.savedstate:savedstate-compose:1.3.6
00:05.890 DEBUG :portfolio-in-compose-multiplatform:resolveDependenciesWasmJs DependencyFileImpl        Downloaded https://maven.google.com/androidx/compose/runtime/runtime-retain/1.11.2/runtime-retain-1.11.2.pom.sha512 for the dependency androidx.compose.runtime:runtime-retain:1.11.2
00:05.891 DEBUG :portfolio-in-compose-multiplatform:resolveDependenciesWasmJs DependencyFileImpl        Downloaded https://maven.google.com/androidx/savedstate/savedstate-compose/1.4.0/savedstate-compose-1.4.0.pom for the dependency androidx.savedstate:savedstate-compose:1.4.0
00:05.902 DEBUG :portfolio-in-compose-multiplatform:resolveDependenciesWasmJsTest DependencyFileImpl        Downloaded https://repo1.maven.org/maven2/org/jetbrains/androidx/savedstate/savedstate/1.3.6/savedstate-1.3.6.pom.sha512 for the dependency org.jetbrains.androidx.savedstate:savedstate:1.3.6
00:05.903 DEBUG :portfolio-in-compose-multiplatform:resolveDependenciesWasmJsTest DependencyFileImpl        Downloaded https://repo1.maven.org/maven2/org/jetbrains/androidx/lifecycle/lifecycle-common/2.9.6/lifecycle-common-2.9.6.pom.sha512 for the dependency org.jetbrains.androidx.lifecycle:lifecycle-common:2.9.6
00:05.904 DEBUG :portfolio-in-compose-multiplatform:resolveDependenciesWasmJsTest DependencyFileImpl        Downloaded https://repo1.maven.org/maven2/org/jetbrains/androidx/lifecycle/lifecycle-runtime/2.9.6/lifecycle-runtime-2.9.6.pom.sha512 for the dependency org.jetbrains.androidx.lifecycle:lifecycle-runtime:2.9.6
00:05.906 DEBUG :portfolio-in-compose-multiplatform:resolveDependenciesWasmJsTest DependencyFileImpl        Downloaded https://repo1.maven.org/maven2/org/jetbrains/androidx/savedstate/savedstate-compose/1.3.6/savedstate-compose-1.3.6.pom for the dependency org.jetbrains.androidx.savedstate:savedstate-compose:1.3.6
00:05.918 DEBUG :portfolio-in-compose-multiplatform:resolveDependenciesWasmJs DependencyFileImpl        Not found URL: https://maven.google.com/org/jetbrains/kotlin/kotlin-stdlib-wasm-js/2.3.20/kotlin-stdlib-wasm-js-2.3.20.module.sha512
00:05.918 DEBUG :portfolio-in-compose-multiplatform:resolveDependenciesWasmJsTest DependencyFileImpl        Downloaded https://repo1.maven.org/maven2/org/jetbrains/androidx/savedstate/savedstate/1.3.6/savedstate-1.3.6.pom for the dependency org.jetbrains.androidx.savedstate:savedstate:1.3.6
00:05.922 DEBUG :portfolio-in-compose-multiplatform:resolveDependenciesWasmJsTest DependencyFileImpl        Downloaded https://repo1.maven.org/maven2/org/jetbrains/androidx/lifecycle/lifecycle-runtime/2.9.6/lifecycle-runtime-2.9.6.pom for the dependency org.jetbrains.androidx.lifecycle:lifecycle-runtime:2.9.6
00:05.923 DEBUG :portfolio-in-compose-multiplatform:resolveDependenciesWasmJsTest DependencyFileImpl        Downloaded https://repo1.maven.org/maven2/org/jetbrains/androidx/lifecycle/lifecycle-common/2.9.6/lifecycle-common-2.9.6.pom for the dependency org.jetbrains.androidx.lifecycle:lifecycle-common:2.9.6
00:05.927 DEBUG :portfolio-in-compose-multiplatform:resolveDependenciesWasmJs DependencyFileImpl        Downloaded https://maven.google.com/androidx/compose/runtime/runtime-retain/1.11.2/runtime-retain-1.11.2.pom for the dependency androidx.compose.runtime:runtime-retain:1.11.2
00:05.933 DEBUG :portfolio-in-compose-multiplatform:resolveDependenciesWasmJsTest DependencyFileImpl        Downloaded https://repo1.maven.org/maven2/org/jetbrains/androidx/savedstate/savedstate-compose/1.3.6/savedstate-compose-1.3.6.module.sha512 for the dependency org.jetbrains.androidx.savedstate:savedstate-compose:1.3.6
00:05.938 DEBUG :portfolio-in-compose-multiplatform:resolveDependenciesWasmJsTest DependencyFileImpl        Downloaded https://repo1.maven.org/maven2/org/jetbrains/androidx/savedstate/savedstate/1.3.6/savedstate-1.3.6.module.sha512 for the dependency org.jetbrains.androidx.savedstate:savedstate:1.3.6
00:05.938 DEBUG :portfolio-in-compose-multiplatform:resolveDependenciesWasmJsTest DependencyFileImpl        Downloaded https://repo1.maven.org/maven2/org/jetbrains/androidx/lifecycle/lifecycle-common/2.9.6/lifecycle-common-2.9.6.module.sha512 for the dependency org.jetbrains.androidx.lifecycle:lifecycle-common:2.9.6
00:05.941 DEBUG :portfolio-in-compose-multiplatform:resolveDependenciesWasmJsTest DependencyFileImpl        Downloaded https://repo1.maven.org/maven2/org/jetbrains/androidx/lifecycle/lifecycle-runtime/2.9.6/lifecycle-runtime-2.9.6.module.sha512 for the dependency org.jetbrains.androidx.lifecycle:lifecycle-runtime:2.9.6
00:05.946 DEBUG :portfolio-in-compose-multiplatform:resolveDependenciesWasmJs DependencyFileImpl        Downloaded https://maven.google.com/androidx/compose/runtime/runtime/1.11.2/runtime-1.11.2.module.sha512 for the dependency androidx.compose.runtime:runtime:1.11.2
00:05.954 DEBUG :portfolio-in-compose-multiplatform:resolveDependenciesWasmJsTest DependencyFileImpl        Downloaded https://repo1.maven.org/maven2/org/jetbrains/androidx/savedstate/savedstate/1.3.6/savedstate-1.3.6.module for the dependency org.jetbrains.androidx.savedstate:savedstate:1.3.6
00:05.957 DEBUG :portfolio-in-compose-multiplatform:resolveDependenciesWasmJsTest DependencyFileImpl        Downloaded https://repo1.maven.org/maven2/org/jetbrains/androidx/savedstate/savedstate-compose/1.3.6/savedstate-compose-1.3.6.module for the dependency org.jetbrains.androidx.savedstate:savedstate-compose:1.3.6
00:05.962 DEBUG :portfolio-in-compose-multiplatform:resolveDependenciesWasmJsTest DependencyFileImpl        Downloaded https://repo1.maven.org/maven2/org/jetbrains/androidx/lifecycle/lifecycle-common/2.9.6/lifecycle-common-2.9.6.module for the dependency org.jetbrains.androidx.lifecycle:lifecycle-common:2.9.6
00:05.964 DEBUG :portfolio-in-compose-multiplatform:resolveDependenciesWasmJsTest DependencyFileImpl        Downloaded https://repo1.maven.org/maven2/org/jetbrains/androidx/lifecycle/lifecycle-runtime/2.9.6/lifecycle-runtime-2.9.6.module for the dependency org.jetbrains.androidx.lifecycle:lifecycle-runtime:2.9.6
00:05.978 DEBUG :portfolio-in-compose-multiplatform:resolveDependenciesWasmJsTest DependencyFileImpl        Downloaded https://repo1.maven.org/maven2/org/jetbrains/androidx/savedstate/savedstate-compose-wasm-js/1.3.6/savedstate-compose-wasm-js-1.3.6.pom.sha512 for the dependency org.jetbrains.androidx.savedstate:savedstate-compose-wasm-js:1.3.6
00:05.982 DEBUG :portfolio-in-compose-multiplatform:resolveDependenciesWasmJsTest DependencyFileImpl        Downloaded https://repo1.maven.org/maven2/org/jetbrains/androidx/lifecycle/lifecycle-common-wasm-js/2.9.6/lifecycle-common-wasm-js-2.9.6.pom.sha512 for the dependency org.jetbrains.androidx.lifecycle:lifecycle-common-wasm-js:2.9.6
00:05.985 DEBUG :portfolio-in-compose-multiplatform:resolveDependenciesWasmJs DependencyFileImpl        Downloaded https://repo1.maven.org/maven2/org/jetbrains/androidx/lifecycle/lifecycle-runtime-wasm-js/2.9.6/lifecycle-runtime-wasm-js-2.9.6.pom.sha512 for the dependency org.jetbrains.androidx.lifecycle:lifecycle-runtime-wasm-js:2.9.6
00:05.994 DEBUG :portfolio-in-compose-multiplatform:resolveDependenciesWasmJs DependencyFileImpl        Downloaded https://maven.google.com/androidx/compose/runtime/runtime/1.11.2/runtime-1.11.2.module for the dependency androidx.compose.runtime:runtime:1.11.2
00:05.995 DEBUG :portfolio-in-compose-multiplatform:resolveDependenciesWasmJsTest DependencyFileImpl        Downloaded https://repo1.maven.org/maven2/org/jetbrains/androidx/savedstate/savedstate-compose-wasm-js/1.3.6/savedstate-compose-wasm-js-1.3.6.pom for the dependency org.jetbrains.androidx.savedstate:savedstate-compose-wasm-js:1.3.6
00:05.998 DEBUG :portfolio-in-compose-multiplatform:resolveDependenciesWasmJsTest DependencyFileImpl        Downloaded https://repo1.maven.org/maven2/org/jetbrains/androidx/lifecycle/lifecycle-common-wasm-js/2.9.6/lifecycle-common-wasm-js-2.9.6.pom for the dependency org.jetbrains.androidx.lifecycle:lifecycle-common-wasm-js:2.9.6
00:05.999 DEBUG :portfolio-in-compose-multiplatform:resolveDependenciesWasmJs DependencyFileImpl        Not found URL: https://repo1.maven.org/maven2/androidx/lifecycle/lifecycle-viewmodel/2.9.4/lifecycle-viewmodel-2.9.4.pom.sha512
00:06.001 DEBUG :portfolio-in-compose-multiplatform:resolveDependenciesWasmJs DependencyFileImpl        Downloaded https://repo1.maven.org/maven2/org/jetbrains/androidx/lifecycle/lifecycle-runtime-wasm-js/2.9.6/lifecycle-runtime-wasm-js-2.9.6.pom for the dependency org.jetbrains.androidx.lifecycle:lifecycle-runtime-wasm-js:2.9.6
00:06.007 DEBUG :portfolio-in-compose-multiplatform:resolveDependenciesWasmJs DependencyFileImpl        Downloaded https://maven.google.com/androidx/savedstate/savedstate-compose/1.4.0/savedstate-compose-1.4.0.module.sha512 for the dependency androidx.savedstate:savedstate-compose:1.4.0
00:06.013 DEBUG :portfolio-in-compose-multiplatform:resolveDependenciesWasmJsTest DependencyFileImpl        Downloaded https://repo1.maven.org/maven2/org/jetbrains/androidx/savedstate/savedstate-compose-wasm-js/1.3.6/savedstate-compose-wasm-js-1.3.6.module.sha512 for the dependency org.jetbrains.androidx.savedstate:savedstate-compose-wasm-js:1.3.6
00:06.014 DEBUG :portfolio-in-compose-multiplatform:resolveDependenciesWasmJsTest DependencyFileImpl        Not found URL: https://repo1.maven.org/maven2/androidx/lifecycle/lifecycle-viewmodel-savedstate/2.9.4/lifecycle-viewmodel-savedstate-2.9.4.pom.sha512
00:06.019 DEBUG :portfolio-in-compose-multiplatform:resolveDependenciesWasmJsTest DependencyFileImpl        Downloaded https://repo1.maven.org/maven2/org/jetbrains/androidx/lifecycle/lifecycle-common-wasm-js/2.9.6/lifecycle-common-wasm-js-2.9.6.module.sha512 for the dependency org.jetbrains.androidx.lifecycle:lifecycle-common-wasm-js:2.9.6
00:06.020 DEBUG :portfolio-in-compose-multiplatform:resolveDependenciesWasmJs DependencyFileImpl        Downloaded https://repo1.maven.org/maven2/org/jetbrains/androidx/lifecycle/lifecycle-runtime-wasm-js/2.9.6/lifecycle-runtime-wasm-js-2.9.6.module.sha512 for the dependency org.jetbrains.androidx.lifecycle:lifecycle-runtime-wasm-js:2.9.6
00:06.027 DEBUG :portfolio-in-compose-multiplatform:resolveDependenciesWasmJs DependencyFileImpl        Downloaded https://maven.google.com/androidx/compose/runtime/runtime-retain/1.11.2/runtime-retain-1.11.2.module.sha512 for the dependency androidx.compose.runtime:runtime-retain:1.11.2
00:06.032 DEBUG :portfolio-in-compose-multiplatform:resolveDependenciesWasmJsTest DependencyFileImpl        Downloaded https://repo1.maven.org/maven2/org/jetbrains/androidx/savedstate/savedstate-compose-wasm-js/1.3.6/savedstate-compose-wasm-js-1.3.6.module for the dependency org.jetbrains.androidx.savedstate:savedstate-compose-wasm-js:1.3.6
00:06.036 DEBUG :portfolio-in-compose-multiplatform:resolveDependenciesWasmJsTest DependencyFileImpl        Downloaded https://repo1.maven.org/maven2/org/jetbrains/androidx/lifecycle/lifecycle-common-wasm-js/2.9.6/lifecycle-common-wasm-js-2.9.6.module for the dependency org.jetbrains.androidx.lifecycle:lifecycle-common-wasm-js:2.9.6
00:06.037 DEBUG :portfolio-in-compose-multiplatform:resolveDependenciesWasmJs DependencyFileImpl        Downloaded https://repo1.maven.org/maven2/org/jetbrains/androidx/lifecycle/lifecycle-runtime-wasm-js/2.9.6/lifecycle-runtime-wasm-js-2.9.6.module for the dependency org.jetbrains.androidx.lifecycle:lifecycle-runtime-wasm-js:2.9.6
00:06.050 DEBUG :portfolio-in-compose-multiplatform:resolveDependenciesWasmJsTest DependencyFileImpl        Not found URL: https://repo1.maven.org/maven2/androidx/lifecycle/lifecycle-runtime-compose/2.9.4/lifecycle-runtime-compose-2.9.4.pom.sha512
00:06.055 DEBUG :portfolio-in-compose-multiplatform:resolveDependenciesWasmJs DependencyFileImpl        Not found URL: https://repo1.maven.org/maven2/org/jetbrains/kotlin/kotlin-stdlib-wasm-js/2.3.20/kotlin-stdlib-wasm-js-2.3.20.module.sha256
00:06.086 DEBUG :portfolio-in-compose-multiplatform:resolveDependenciesWasmJs DependencyFileImpl        Downloaded https://maven.google.com/androidx/lifecycle/lifecycle-viewmodel/2.9.4/lifecycle-viewmodel-2.9.4.pom.sha512 for the dependency androidx.lifecycle:lifecycle-viewmodel:2.9.4
00:06.088 DEBUG :portfolio-in-compose-multiplatform:resolveDependenciesWasmJsTest DependencyFileImpl        Downloaded https://maven.google.com/androidx/lifecycle/lifecycle-viewmodel-savedstate/2.9.4/lifecycle-viewmodel-savedstate-2.9.4.pom.sha512 for the dependency androidx.lifecycle:lifecycle-viewmodel-savedstate:2.9.4
00:06.111 DEBUG :portfolio-in-compose-multiplatform:resolveDependenciesWasmJs DependencyFileImpl        Downloaded https://maven.google.com/androidx/lifecycle/lifecycle-viewmodel/2.9.4/lifecycle-viewmodel-2.9.4.pom for the dependency androidx.lifecycle:lifecycle-viewmodel:2.9.4
00:06.122 DEBUG :portfolio-in-compose-multiplatform:resolveDependenciesWasmJsTest DependencyFileImpl        Downloaded https://maven.google.com/androidx/lifecycle/lifecycle-viewmodel-savedstate/2.9.4/lifecycle-viewmodel-savedstate-2.9.4.pom for the dependency androidx.lifecycle:lifecycle-viewmodel-savedstate:2.9.4
00:06.130 DEBUG :portfolio-in-compose-multiplatform:resolveDependenciesWasmJs DependencyFileImpl        Not found URL: https://maven.google.com/org/jetbrains/kotlin/kotlin-stdlib-wasm-js/2.3.20/kotlin-stdlib-wasm-js-2.3.20.module.sha256
00:06.133 DEBUG :portfolio-in-compose-multiplatform:resolveDependenciesWasmJsTest DependencyFileImpl        Downloaded https://maven.google.com/androidx/lifecycle/lifecycle-runtime-compose/2.9.4/lifecycle-runtime-compose-2.9.4.pom.sha512 for the dependency androidx.lifecycle:lifecycle-runtime-compose:2.9.4
00:06.141 DEBUG :portfolio-in-compose-multiplatform:resolveDependenciesWasmJsTest DependencyFileImpl        Downloaded https://repo1.maven.org/maven2/org/jetbrains/androidx/savedstate/savedstate-wasm-js/1.3.6/savedstate-wasm-js-1.3.6.pom.sha512 for the dependency org.jetbrains.androidx.savedstate:savedstate-wasm-js:1.3.6
00:06.143 DEBUG :portfolio-in-compose-multiplatform:resolveDependenciesWasmJs DependencyFileImpl        Not found URL: https://repo1.maven.org/maven2/androidx/compose/runtime/runtime-wasm-js/1.11.2/runtime-wasm-js-1.11.2.pom.sha512
00:06.150 DEBUG :portfolio-in-compose-multiplatform:resolveDependenciesWasmJs DependencyFileImpl        Downloaded https://repo1.maven.org/maven2/org/jetbrains/kotlin/kotlin-stdlib-wasm-js/2.3.20/kotlin-stdlib-wasm-js-2.3.20.module.sha1 for the dependency org.jetbrains.kotlin:kotlin-stdlib-wasm-js:2.3.20
00:06.152 DEBUG :portfolio-in-compose-multiplatform:resolveDependenciesWasmJs DependencyFileImpl        Downloaded https://maven.google.com/androidx/compose/runtime/runtime-retain/1.11.2/runtime-retain-1.11.2.module for the dependency androidx.compose.runtime:runtime-retain:1.11.2
00:06.157 DEBUG :portfolio-in-compose-multiplatform:resolveDependenciesWasmJsTest DependencyFileImpl        Downloaded https://repo1.maven.org/maven2/org/jetbrains/androidx/savedstate/savedstate-wasm-js/1.3.6/savedstate-wasm-js-1.3.6.pom for the dependency org.jetbrains.androidx.savedstate:savedstate-wasm-js:1.3.6
00:06.162 DEBUG :portfolio-in-compose-multiplatform:resolveDependenciesWasmJsTest DependencyFileImpl        Downloaded https://maven.google.com/androidx/lifecycle/lifecycle-runtime-compose/2.9.4/lifecycle-runtime-compose-2.9.4.pom for the dependency androidx.lifecycle:lifecycle-runtime-compose:2.9.4
00:06.167 DEBUG :portfolio-in-compose-multiplatform:resolveDependenciesWasmJs DependencyFileImpl        Downloaded https://repo1.maven.org/maven2/org/jetbrains/kotlin/kotlin-stdlib-wasm-js/2.3.20/kotlin-stdlib-wasm-js-2.3.20.module for the dependency org.jetbrains.kotlin:kotlin-stdlib-wasm-js:2.3.20
00:06.179 DEBUG :portfolio-in-compose-multiplatform:resolveDependenciesWasmJsTest DependencyFileImpl        Not found URL: https://repo1.maven.org/maven2/androidx/lifecycle/lifecycle-common/2.9.4/lifecycle-common-2.9.4.pom.sha512
00:06.181 DEBUG :portfolio-in-compose-multiplatform:resolveDependenciesWasmJs DependencyFileImpl        Not found URL: https://repo1.maven.org/maven2/androidx/lifecycle/lifecycle-runtime/2.9.4/lifecycle-runtime-2.9.4.pom.sha512
00:06.183 DEBUG :portfolio-in-compose-multiplatform:resolveDependenciesWasmJs DependencyFileImpl        Downloaded https://maven.google.com/androidx/lifecycle/lifecycle-viewmodel/2.9.4/lifecycle-viewmodel-2.9.4.module.sha512 for the dependency androidx.lifecycle:lifecycle-viewmodel:2.9.4
00:06.189 DEBUG :portfolio-in-compose-multiplatform:resolveDependenciesWasmJsTest DependencyFileImpl        Downloaded https://maven.google.com/androidx/lifecycle/lifecycle-viewmodel-savedstate/2.9.4/lifecycle-viewmodel-savedstate-2.9.4.module.sha512 for the dependency androidx.lifecycle:lifecycle-viewmodel-savedstate:2.9.4
00:06.222 DEBUG :portfolio-in-compose-multiplatform:resolveDependenciesWasmJs DependencyFileImpl        Downloaded https://maven.google.com/androidx/lifecycle/lifecycle-viewmodel/2.9.4/lifecycle-viewmodel-2.9.4.module for the dependency androidx.lifecycle:lifecycle-viewmodel:2.9.4
00:06.230 DEBUG :portfolio-in-compose-multiplatform:resolveDependenciesWasmJsTest DependencyFileImpl        Downloaded https://maven.google.com/androidx/lifecycle/lifecycle-runtime-compose/2.9.4/lifecycle-runtime-compose-2.9.4.module.sha512 for the dependency androidx.lifecycle:lifecycle-runtime-compose:2.9.4
00:06.233 DEBUG :portfolio-in-compose-multiplatform:resolveDependenciesWasmJsTest DependencyFileImpl        Downloaded https://maven.google.com/androidx/lifecycle/lifecycle-viewmodel-savedstate/2.9.4/lifecycle-viewmodel-savedstate-2.9.4.module for the dependency androidx.lifecycle:lifecycle-viewmodel-savedstate:2.9.4
00:06.254 DEBUG :portfolio-in-compose-multiplatform:resolveDependenciesWasmJsTest DependencyFileImpl        Downloaded https://maven.google.com/androidx/lifecycle/lifecycle-common/2.9.4/lifecycle-common-2.9.4.pom.sha512 for the dependency androidx.lifecycle:lifecycle-common:2.9.4
00:06.258 DEBUG :portfolio-in-compose-multiplatform:resolveDependenciesWasmJsTest DependencyFileImpl        Downloaded https://repo1.maven.org/maven2/org/jetbrains/androidx/savedstate/savedstate-wasm-js/1.3.6/savedstate-wasm-js-1.3.6.module.sha512 for the dependency org.jetbrains.androidx.savedstate:savedstate-wasm-js:1.3.6
00:06.260 DEBUG :portfolio-in-compose-multiplatform:resolveDependenciesWasmJs DependencyFileImpl        Downloaded https://maven.google.com/androidx/lifecycle/lifecycle-runtime/2.9.4/lifecycle-runtime-2.9.4.pom.sha512 for the dependency androidx.lifecycle:lifecycle-runtime:2.9.4
00:06.277 DEBUG :portfolio-in-compose-multiplatform:resolveDependenciesWasmJsTest DependencyFileImpl        Downloaded https://repo1.maven.org/maven2/org/jetbrains/androidx/savedstate/savedstate-wasm-js/1.3.6/savedstate-wasm-js-1.3.6.module for the dependency org.jetbrains.androidx.savedstate:savedstate-wasm-js:1.3.6
00:06.279 DEBUG :portfolio-in-compose-multiplatform:resolveDependenciesWasmJsTest DependencyFileImpl        Downloaded https://maven.google.com/androidx/lifecycle/lifecycle-runtime-compose/2.9.4/lifecycle-runtime-compose-2.9.4.module for the dependency androidx.lifecycle:lifecycle-runtime-compose:2.9.4
00:06.282 DEBUG :portfolio-in-compose-multiplatform:resolveDependenciesWasmJsTest DependencyFileImpl        Downloaded https://maven.google.com/androidx/lifecycle/lifecycle-common/2.9.4/lifecycle-common-2.9.4.pom for the dependency androidx.lifecycle:lifecycle-common:2.9.4
00:06.289 DEBUG :portfolio-in-compose-multiplatform:resolveDependenciesWasmJsTest DependencyFileImpl        Not found URL: https://repo1.maven.org/maven2/androidx/compose/runtime/runtime-retain-wasm-js/1.11.2/runtime-retain-wasm-js-1.11.2.pom.sha512
00:06.302 DEBUG :portfolio-in-compose-multiplatform:resolveDependenciesWasmJs DependencyFileImpl        Downloaded https://maven.google.com/androidx/compose/runtime/runtime-wasm-js/1.11.2/runtime-wasm-js-1.11.2.pom.sha512 for the dependency androidx.compose.runtime:runtime-wasm-js:1.11.2
00:06.310 DEBUG :portfolio-in-compose-multiplatform:resolveDependenciesWasmJs DependencyFileImpl        Downloaded https://maven.google.com/androidx/lifecycle/lifecycle-runtime/2.9.4/lifecycle-runtime-2.9.4.pom for the dependency androidx.lifecycle:lifecycle-runtime:2.9.4
00:06.373 DEBUG :portfolio-in-compose-multiplatform:resolveDependenciesWasmJs DependencyFileImpl        Downloaded https://maven.google.com/androidx/compose/runtime/runtime-wasm-js/1.11.2/runtime-wasm-js-1.11.2.pom for the dependency androidx.compose.runtime:runtime-wasm-js:1.11.2
00:06.374 DEBUG :portfolio-in-compose-multiplatform:resolveDependenciesWasmJsTest DependencyFileImpl        Downloaded https://maven.google.com/androidx/compose/runtime/runtime-retain-wasm-js/1.11.2/runtime-retain-wasm-js-1.11.2.pom.sha512 for the dependency androidx.compose.runtime:runtime-retain-wasm-js:1.11.2
00:06.387 DEBUG :portfolio-in-compose-multiplatform:resolveDependenciesWasmJs DependencyFileImpl        Not found URL: https://repo1.maven.org/maven2/androidx/lifecycle/lifecycle-viewmodel-wasm-js/2.9.4/lifecycle-viewmodel-wasm-js-2.9.4.pom.sha512
00:06.404 DEBUG :portfolio-in-compose-multiplatform:resolveDependenciesWasmJsTest DependencyFileImpl        Not found URL: https://repo1.maven.org/maven2/androidx/lifecycle/lifecycle-viewmodel-savedstate-wasm-js/2.9.4/lifecycle-viewmodel-savedstate-wasm-js-2.9.4.pom.sha512
00:06.427 DEBUG :portfolio-in-compose-multiplatform:resolveDependenciesWasmJsTest DependencyFileImpl        Not found URL: https://repo1.maven.org/maven2/androidx/lifecycle/lifecycle-runtime-compose-wasm-js/2.9.4/lifecycle-runtime-compose-wasm-js-2.9.4.pom.sha512
00:06.435 DEBUG :portfolio-in-compose-multiplatform:resolveDependenciesWasmJs DependencyFileImpl        Not found URL: https://repo1.maven.org/maven2/androidx/lifecycle/lifecycle-common/2.9.4/lifecycle-common-2.9.4.module.sha512
00:06.439 DEBUG :portfolio-in-compose-multiplatform:resolveDependenciesWasmJs DependencyFileImpl        Downloaded https://maven.google.com/androidx/lifecycle/lifecycle-runtime/2.9.4/lifecycle-runtime-2.9.4.module.sha512 for the dependency androidx.lifecycle:lifecycle-runtime:2.9.4
00:06.440 DEBUG :portfolio-in-compose-multiplatform:resolveDependenciesWasmJsTest DependencyFileImpl        Not found URL: https://repo1.maven.org/maven2/androidx/savedstate/savedstate/1.3.3/savedstate-1.3.3.pom.sha512
00:06.458 DEBUG :portfolio-in-compose-multiplatform:resolveDependenciesWasmJs DependencyFileImpl        Downloaded https://maven.google.com/androidx/compose/runtime/runtime-wasm-js/1.11.2/runtime-wasm-js-1.11.2.module.sha512 for the dependency androidx.compose.runtime:runtime-wasm-js:1.11.2
00:06.466 DEBUG :portfolio-in-compose-multiplatform:resolveDependenciesWasmJsTest DependencyFileImpl        Downloaded https://maven.google.com/androidx/compose/runtime/runtime-retain-wasm-js/1.11.2/runtime-retain-wasm-js-1.11.2.pom for the dependency androidx.compose.runtime:runtime-retain-wasm-js:1.11.2
00:06.480 DEBUG :portfolio-in-compose-multiplatform:resolveDependenciesWasmJs DependencyFileImpl        Downloaded https://maven.google.com/androidx/lifecycle/lifecycle-runtime/2.9.4/lifecycle-runtime-2.9.4.module for the dependency androidx.lifecycle:lifecycle-runtime:2.9.4
00:06.484 DEBUG :portfolio-in-compose-multiplatform:resolveDependenciesWasmJsTest DependencyFileImpl        Downloaded https://maven.google.com/androidx/lifecycle/lifecycle-viewmodel-savedstate-wasm-js/2.9.4/lifecycle-viewmodel-savedstate-wasm-js-2.9.4.pom.sha512 for the dependency androidx.lifecycle:lifecycle-viewmodel-savedstate-wasm-js:2.9.4
00:06.488 DEBUG :portfolio-in-compose-multiplatform:resolveDependenciesWasmJs DependencyFileImpl        Downloaded https://maven.google.com/androidx/lifecycle/lifecycle-viewmodel-wasm-js/2.9.4/lifecycle-viewmodel-wasm-js-2.9.4.pom.sha512 for the dependency androidx.lifecycle:lifecycle-viewmodel-wasm-js:2.9.4
00:06.504 DEBUG :portfolio-in-compose-multiplatform:resolveDependenciesWasmJsTest DependencyFileImpl        Downloaded https://maven.google.com/androidx/lifecycle/lifecycle-runtime-compose-wasm-js/2.9.4/lifecycle-runtime-compose-wasm-js-2.9.4.pom.sha512 for the dependency androidx.lifecycle:lifecycle-runtime-compose-wasm-js:2.9.4
00:06.525 DEBUG :portfolio-in-compose-multiplatform:resolveDependenciesWasmJs DependencyFileImpl        Downloaded https://maven.google.com/androidx/lifecycle/lifecycle-common/2.9.4/lifecycle-common-2.9.4.module.sha512 for the dependency androidx.lifecycle:lifecycle-common:2.9.4
00:06.531 DEBUG :portfolio-in-compose-multiplatform:resolveDependenciesWasmJs DependencyFileImpl        Downloaded https://maven.google.com/androidx/compose/runtime/runtime-wasm-js/1.11.2/runtime-wasm-js-1.11.2.module for the dependency androidx.compose.runtime:runtime-wasm-js:1.11.2
00:06.546 DEBUG :portfolio-in-compose-multiplatform:resolveDependenciesWasmJsTest DependencyFileImpl        Downloaded https://maven.google.com/androidx/savedstate/savedstate/1.3.3/savedstate-1.3.3.pom.sha512 for the dependency androidx.savedstate:savedstate:1.3.3
00:06.549 DEBUG :portfolio-in-compose-multiplatform:resolveDependenciesWasmJsTest DependencyFileImpl        Downloaded https://maven.google.com/androidx/compose/runtime/runtime-retain-wasm-js/1.11.2/runtime-retain-wasm-js-1.11.2.module.sha512 for the dependency androidx.compose.runtime:runtime-retain-wasm-js:1.11.2
00:06.553 DEBUG :portfolio-in-compose-multiplatform:resolveDependenciesWasmJsTest DependencyFileImpl        Downloaded https://maven.google.com/androidx/lifecycle/lifecycle-viewmodel-savedstate-wasm-js/2.9.4/lifecycle-viewmodel-savedstate-wasm-js-2.9.4.pom for the dependency androidx.lifecycle:lifecycle-viewmodel-savedstate-wasm-js:2.9.4
00:06.554 DEBUG :portfolio-in-compose-multiplatform:resolveDependenciesWasmJs DependencyFileImpl        Downloaded https://maven.google.com/androidx/lifecycle/lifecycle-common/2.9.4/lifecycle-common-2.9.4.module for the dependency androidx.lifecycle:lifecycle-common:2.9.4
00:06.559 DEBUG :portfolio-in-compose-multiplatform:resolveDependenciesWasmJs DependencyFileImpl        Downloaded https://maven.google.com/androidx/lifecycle/lifecycle-viewmodel-wasm-js/2.9.4/lifecycle-viewmodel-wasm-js-2.9.4.pom for the dependency androidx.lifecycle:lifecycle-viewmodel-wasm-js:2.9.4
00:06.573 DEBUG :portfolio-in-compose-multiplatform:resolveDependenciesWasmJsTest DependencyFileImpl        Downloaded https://maven.google.com/androidx/lifecycle/lifecycle-runtime-compose-wasm-js/2.9.4/lifecycle-runtime-compose-wasm-js-2.9.4.pom for the dependency androidx.lifecycle:lifecycle-runtime-compose-wasm-js:2.9.4
00:06.584 DEBUG :portfolio-in-compose-multiplatform:resolveDependenciesWasmJsTest DependencyFileImpl        Downloaded https://maven.google.com/androidx/savedstate/savedstate/1.3.3/savedstate-1.3.3.pom for the dependency androidx.savedstate:savedstate:1.3.3
00:06.637 DEBUG :portfolio-in-compose-multiplatform:resolveDependenciesWasmJs DependencyFileImpl        Not found URL: https://repo1.maven.org/maven2/androidx/lifecycle/lifecycle-runtime-wasm-js/2.9.4/lifecycle-runtime-wasm-js-2.9.4.pom.sha512
00:06.641 DEBUG :portfolio-in-compose-multiplatform:resolveDependenciesWasmJsTest DependencyFileImpl        Downloaded https://maven.google.com/androidx/compose/runtime/runtime-retain-wasm-js/1.11.2/runtime-retain-wasm-js-1.11.2.module for the dependency androidx.compose.runtime:runtime-retain-wasm-js:1.11.2
00:06.646 DEBUG :portfolio-in-compose-multiplatform:resolveDependenciesWasmJsTest DependencyFileImpl        Downloaded https://maven.google.com/androidx/lifecycle/lifecycle-viewmodel-savedstate-wasm-js/2.9.4/lifecycle-viewmodel-savedstate-wasm-js-2.9.4.module.sha512 for the dependency androidx.lifecycle:lifecycle-viewmodel-savedstate-wasm-js:2.9.4
00:06.651 DEBUG :portfolio-in-compose-multiplatform:resolveDependenciesWasmJsTest DependencyFileImpl        Downloaded https://maven.google.com/androidx/lifecycle/lifecycle-runtime-compose-wasm-js/2.9.4/lifecycle-runtime-compose-wasm-js-2.9.4.module.sha512 for the dependency androidx.lifecycle:lifecycle-runtime-compose-wasm-js:2.9.4
00:06.657 DEBUG :portfolio-in-compose-multiplatform:resolveDependenciesWasmJs DependencyFileImpl        Downloaded https://maven.google.com/androidx/lifecycle/lifecycle-viewmodel-wasm-js/2.9.4/lifecycle-viewmodel-wasm-js-2.9.4.module.sha512 for the dependency androidx.lifecycle:lifecycle-viewmodel-wasm-js:2.9.4
00:06.676 DEBUG :portfolio-in-compose-multiplatform:resolveDependenciesWasmJsTest DependencyFileImpl        Downloaded https://maven.google.com/androidx/savedstate/savedstate/1.3.3/savedstate-1.3.3.module.sha512 for the dependency androidx.savedstate:savedstate:1.3.3
00:06.702 DEBUG :portfolio-in-compose-multiplatform:resolveDependenciesWasmJsTest DependencyFileImpl        Downloaded https://maven.google.com/androidx/savedstate/savedstate/1.3.3/savedstate-1.3.3.module for the dependency androidx.savedstate:savedstate:1.3.3
00:06.706 DEBUG :portfolio-in-compose-multiplatform:resolveDependenciesWasmJs DependencyFileImpl        Not found URL: https://repo1.maven.org/maven2/androidx/lifecycle/lifecycle-common-wasm-js/2.9.4/lifecycle-common-wasm-js-2.9.4.pom.sha512
00:06.719 DEBUG :portfolio-in-compose-multiplatform:resolveDependenciesWasmJs DependencyFileImpl        Downloaded https://maven.google.com/androidx/lifecycle/lifecycle-runtime-wasm-js/2.9.4/lifecycle-runtime-wasm-js-2.9.4.pom.sha512 for the dependency androidx.lifecycle:lifecycle-runtime-wasm-js:2.9.4
00:06.759 DEBUG :portfolio-in-compose-multiplatform:resolveDependenciesWasmJsTest DependencyFileImpl        Downloaded https://maven.google.com/androidx/lifecycle/lifecycle-runtime-compose-wasm-js/2.9.4/lifecycle-runtime-compose-wasm-js-2.9.4.module for the dependency androidx.lifecycle:lifecycle-runtime-compose-wasm-js:2.9.4
00:06.773 DEBUG :portfolio-in-compose-multiplatform:resolveDependenciesWasmJs DependencyFileImpl        Downloaded https://maven.google.com/androidx/lifecycle/lifecycle-viewmodel-wasm-js/2.9.4/lifecycle-viewmodel-wasm-js-2.9.4.module for the dependency androidx.lifecycle:lifecycle-viewmodel-wasm-js:2.9.4
00:06.780 DEBUG :portfolio-in-compose-multiplatform:resolveDependenciesWasmJsTest DependencyFileImpl        Downloaded https://maven.google.com/androidx/lifecycle/lifecycle-viewmodel-savedstate-wasm-js/2.9.4/lifecycle-viewmodel-savedstate-wasm-js-2.9.4.module for the dependency androidx.lifecycle:lifecycle-viewmodel-savedstate-wasm-js:2.9.4
00:06.781 DEBUG :portfolio-in-compose-multiplatform:resolveDependenciesWasmJs DependencyFileImpl        Downloaded https://maven.google.com/androidx/lifecycle/lifecycle-runtime-wasm-js/2.9.4/lifecycle-runtime-wasm-js-2.9.4.pom for the dependency androidx.lifecycle:lifecycle-runtime-wasm-js:2.9.4
00:06.824 DEBUG :portfolio-in-compose-multiplatform:resolveDependenciesWasmJs DependencyFileImpl        Downloaded https://maven.google.com/androidx/lifecycle/lifecycle-common-wasm-js/2.9.4/lifecycle-common-wasm-js-2.9.4.pom.sha512 for the dependency androidx.lifecycle:lifecycle-common-wasm-js:2.9.4
00:06.848 DEBUG :portfolio-in-compose-multiplatform:resolveDependenciesWasmJs DependencyFileImpl        Downloaded https://maven.google.com/androidx/lifecycle/lifecycle-common-wasm-js/2.9.4/lifecycle-common-wasm-js-2.9.4.pom for the dependency androidx.lifecycle:lifecycle-common-wasm-js:2.9.4
00:06.850 DEBUG :portfolio-in-compose-multiplatform:resolveDependenciesWasmJs DependencyFileImpl        Downloaded https://maven.google.com/androidx/lifecycle/lifecycle-runtime-wasm-js/2.9.4/lifecycle-runtime-wasm-js-2.9.4.module.sha512 for the dependency androidx.lifecycle:lifecycle-runtime-wasm-js:2.9.4
00:06.921 DEBUG :portfolio-in-compose-multiplatform:resolveDependenciesWasmJs DependencyFileImpl        Downloaded https://maven.google.com/androidx/lifecycle/lifecycle-common-wasm-js/2.9.4/lifecycle-common-wasm-js-2.9.4.module.sha512 for the dependency androidx.lifecycle:lifecycle-common-wasm-js:2.9.4
00:06.952 DEBUG :portfolio-in-compose-multiplatform:resolveDependenciesWasmJs DependencyFileImpl        Downloaded https://maven.google.com/androidx/lifecycle/lifecycle-runtime-wasm-js/2.9.4/lifecycle-runtime-wasm-js-2.9.4.module for the dependency androidx.lifecycle:lifecycle-runtime-wasm-js:2.9.4
00:07.030 DEBUG :portfolio-in-compose-multiplatform:resolveDependenciesWasmJs DependencyFileImpl        Downloaded https://maven.google.com/androidx/lifecycle/lifecycle-common-wasm-js/2.9.4/lifecycle-common-wasm-js-2.9.4.module for the dependency androidx.lifecycle:lifecycle-common-wasm-js:2.9.4
00:07.064 DEBUG :portfolio-in-compose-multiplatform:resolveDependenciesWasmJsTest DependencyFileImpl        Not found URL: https://repo1.maven.org/maven2/org/jetbrains/kotlin/kotlin-stdlib/2.4.10/kotlin-stdlib-2.4.10.pom.sha512
00:07.065 DEBUG :portfolio-in-compose-multiplatform:resolveDependenciesWasmJsTest DependencyFileImpl        Downloaded https://repo1.maven.org/maven2/org/jetbrains/compose/ui/ui-backhandler/1.11.1/ui-backhandler-1.11.1.pom.sha512 for the dependency org.jetbrains.compose.ui:ui-backhandler:1.11.1
00:07.067 DEBUG :portfolio-in-compose-multiplatform:resolveDependenciesWasmJsTest DependencyFileImpl        Downloaded https://repo1.maven.org/maven2/org/jetbrains/compose/ui/ui-geometry/1.11.1/ui-geometry-1.11.1.pom.sha512 for the dependency org.jetbrains.compose.ui:ui-geometry:1.11.1
00:07.069 DEBUG :portfolio-in-compose-multiplatform:resolveDependenciesWasmJsTest DependencyFileImpl        Downloaded https://repo1.maven.org/maven2/org/jetbrains/compose/ui/ui-unit/1.11.1/ui-unit-1.11.1.pom.sha512 for the dependency org.jetbrains.compose.ui:ui-unit:1.11.1
00:07.069 DEBUG :portfolio-in-compose-multiplatform:resolveDependenciesWasmJsTest DependencyFileImpl        Downloaded https://repo1.maven.org/maven2/org/jetbrains/compose/animation/animation-core/1.11.1/animation-core-1.11.1.pom.sha512 for the dependency org.jetbrains.compose.animation:animation-core:1.11.1
00:07.070 DEBUG :portfolio-in-compose-multiplatform:resolveDependenciesWasmJsTest DependencyFileImpl        Downloaded https://repo1.maven.org/maven2/org/jetbrains/skiko/skiko-js-wasm-runtime/0.144.6/skiko-js-wasm-runtime-0.144.6.pom.sha512 for the dependency org.jetbrains.skiko:skiko-js-wasm-runtime:0.144.6
00:07.073 DEBUG :portfolio-in-compose-multiplatform:resolveDependenciesWasmJsTest DependencyFileImpl        Not found URL: https://repo1.maven.org/maven2/androidx/compose/runtime/runtime-saveable/1.11.2/runtime-saveable-1.11.2.pom.sha512
00:07.074 DEBUG :portfolio-in-compose-multiplatform:resolveDependenciesWasmJsTest DependencyFileImpl        Downloaded https://repo1.maven.org/maven2/org/jetbrains/skiko/skiko-wasm-js/0.144.6/skiko-wasm-js-0.144.6.pom.sha512 for the dependency org.jetbrains.skiko:skiko-wasm-js:0.144.6
00:07.075 DEBUG :portfolio-in-compose-multiplatform:resolveDependenciesWasmJsTest DependencyFileImpl        Downloaded https://maven.google.com/androidx/savedstate/savedstate-compose/1.4.0/savedstate-compose-1.4.0.module for the dependency androidx.savedstate:savedstate-compose:1.4.0
00:07.077 DEBUG :portfolio-in-compose-multiplatform:resolveDependenciesWasmJsTest DependencyFileImpl        Not found URL: https://repo1.maven.org/maven2/androidx/savedstate/savedstate-wasm-js/1.3.3/savedstate-wasm-js-1.3.3.pom.sha512
00:07.081 DEBUG :portfolio-in-compose-multiplatform:resolveDependenciesWasmJsTest DependencyFileImpl        Downloaded https://repo1.maven.org/maven2/org/jetbrains/kotlinx/kotlinx-serialization-core/1.7.3/kotlinx-serialization-core-1.7.3.pom.sha512 for the dependency org.jetbrains.kotlinx:kotlinx-serialization-core:1.7.3
00:07.082 DEBUG :portfolio-in-compose-multiplatform:resolveDependenciesWasmJsTest DependencyFileImpl        Downloaded https://repo1.maven.org/maven2/org/jetbrains/compose/ui/ui-graphics/1.11.1/ui-graphics-1.11.1.pom.sha512 for the dependency org.jetbrains.compose.ui:ui-graphics:1.11.1
00:07.083 DEBUG :portfolio-in-compose-multiplatform:resolveDependenciesWasmJsTest DependencyFileImpl        Downloaded https://repo1.maven.org/maven2/org/jetbrains/compose/ui/ui-geometry/1.11.1/ui-geometry-1.11.1.pom for the dependency org.jetbrains.compose.ui:ui-geometry:1.11.1
00:07.086 DEBUG :portfolio-in-compose-multiplatform:resolveDependenciesWasmJsTest DependencyFileImpl        Downloaded https://repo1.maven.org/maven2/org/jetbrains/compose/ui/ui-backhandler/1.11.1/ui-backhandler-1.11.1.pom for the dependency org.jetbrains.compose.ui:ui-backhandler:1.11.1
00:07.089 DEBUG :portfolio-in-compose-multiplatform:resolveDependenciesWasmJsTest DependencyFileImpl        Downloaded https://repo1.maven.org/maven2/org/jetbrains/skiko/skiko-js-wasm-runtime/0.144.6/skiko-js-wasm-runtime-0.144.6.pom for the dependency org.jetbrains.skiko:skiko-js-wasm-runtime:0.144.6
00:07.091 DEBUG :portfolio-in-compose-multiplatform:resolveDependenciesWasmJsTest DependencyFileImpl        Downloaded https://repo1.maven.org/maven2/org/jetbrains/compose/animation/animation-core/1.11.1/animation-core-1.11.1.pom for the dependency org.jetbrains.compose.animation:animation-core:1.11.1
00:07.092 DEBUG :portfolio-in-compose-multiplatform:resolveDependenciesWasmJsTest DependencyFileImpl        Downloaded https://repo1.maven.org/maven2/org/jetbrains/compose/ui/ui-unit/1.11.1/ui-unit-1.11.1.pom for the dependency org.jetbrains.compose.ui:ui-unit:1.11.1
00:07.101 DEBUG :portfolio-in-compose-multiplatform:resolveDependenciesWasmJsTest DependencyFileImpl        Downloaded https://repo1.maven.org/maven2/org/jetbrains/kotlinx/kotlinx-serialization-core/1.7.3/kotlinx-serialization-core-1.7.3.pom for the dependency org.jetbrains.kotlinx:kotlinx-serialization-core:1.7.3
00:07.102 DEBUG :portfolio-in-compose-multiplatform:resolveDependenciesWasmJsTest DependencyFileImpl        Downloaded https://repo1.maven.org/maven2/org/jetbrains/skiko/skiko-wasm-js/0.144.6/skiko-wasm-js-0.144.6.pom for the dependency org.jetbrains.skiko:skiko-wasm-js:0.144.6
00:07.104 DEBUG :portfolio-in-compose-multiplatform:resolveDependenciesWasmJsTest DependencyFileImpl        Downloaded https://repo1.maven.org/maven2/org/jetbrains/compose/ui/ui-graphics/1.11.1/ui-graphics-1.11.1.pom for the dependency org.jetbrains.compose.ui:ui-graphics:1.11.1
00:07.106 DEBUG :portfolio-in-compose-multiplatform:resolveDependenciesWasmJsTest DependencyFileImpl        Downloaded https://repo1.maven.org/maven2/org/jetbrains/compose/ui/ui-geometry/1.11.1/ui-geometry-1.11.1.module.sha512 for the dependency org.jetbrains.compose.ui:ui-geometry:1.11.1
00:07.107 DEBUG :portfolio-in-compose-multiplatform:resolveDependenciesWasmJsTest DependencyFileImpl        Downloaded https://repo1.maven.org/maven2/org/jetbrains/compose/ui/ui-backhandler/1.11.1/ui-backhandler-1.11.1.module.sha512 for the dependency org.jetbrains.compose.ui:ui-backhandler:1.11.1
00:07.110 DEBUG :portfolio-in-compose-multiplatform:resolveDependenciesWasmJsTest DependencyFileImpl        Not found URL: https://repo1.maven.org/maven2/androidx/savedstate/savedstate-compose-wasm-js/1.4.0/savedstate-compose-wasm-js-1.4.0.pom.sha512
00:07.114 DEBUG :portfolio-in-compose-multiplatform:resolveDependenciesWasmJsTest DependencyFileImpl        Downloaded https://repo1.maven.org/maven2/org/jetbrains/compose/animation/animation-core/1.11.1/animation-core-1.11.1.module.sha512 for the dependency org.jetbrains.compose.animation:animation-core:1.11.1
00:07.118 DEBUG :portfolio-in-compose-multiplatform:resolveDependenciesWasmJsTest DependencyFileImpl        Downloaded https://repo1.maven.org/maven2/org/jetbrains/compose/ui/ui-unit/1.11.1/ui-unit-1.11.1.module.sha512 for the dependency org.jetbrains.compose.ui:ui-unit:1.11.1
00:07.122 DEBUG :portfolio-in-compose-multiplatform:resolveDependenciesWasmJsTest DependencyFileImpl        Downloaded https://repo1.maven.org/maven2/org/jetbrains/compose/ui/ui-geometry/1.11.1/ui-geometry-1.11.1.module for the dependency org.jetbrains.compose.ui:ui-geometry:1.11.1
00:07.122 DEBUG :portfolio-in-compose-multiplatform:resolveDependenciesWasmJsTest DependencyFileImpl        Downloaded https://repo1.maven.org/maven2/org/jetbrains/compose/ui/ui-graphics/1.11.1/ui-graphics-1.11.1.module.sha512 for the dependency org.jetbrains.compose.ui:ui-graphics:1.11.1
00:07.125 DEBUG :portfolio-in-compose-multiplatform:resolveDependenciesWasmJsTest DependencyFileImpl        Downloaded https://repo1.maven.org/maven2/org/jetbrains/skiko/skiko-wasm-js/0.144.6/skiko-wasm-js-0.144.6.module.sha512 for the dependency org.jetbrains.skiko:skiko-wasm-js:0.144.6
00:07.127 DEBUG :portfolio-in-compose-multiplatform:resolveDependenciesWasmJsTest DependencyFileImpl        Downloaded https://repo1.maven.org/maven2/org/jetbrains/compose/ui/ui-backhandler/1.11.1/ui-backhandler-1.11.1.module for the dependency org.jetbrains.compose.ui:ui-backhandler:1.11.1
00:07.131 DEBUG :portfolio-in-compose-multiplatform:resolveDependenciesWasmJsTest DependencyFileImpl        Not found URL: https://maven.google.com/org/jetbrains/kotlin/kotlin-stdlib/2.4.10/kotlin-stdlib-2.4.10.pom.sha512
00:07.134 DEBUG :portfolio-in-compose-multiplatform:resolveDependenciesWasmJsTest DependencyFileImpl        Downloaded https://repo1.maven.org/maven2/org/jetbrains/compose/animation/animation-core/1.11.1/animation-core-1.11.1.module for the dependency org.jetbrains.compose.animation:animation-core:1.11.1
00:07.139 DEBUG :portfolio-in-compose-multiplatform:resolveDependenciesWasmJsTest DependencyFileImpl        Downloaded https://repo1.maven.org/maven2/org/jetbrains/compose/ui/ui-unit/1.11.1/ui-unit-1.11.1.module for the dependency org.jetbrains.compose.ui:ui-unit:1.11.1
00:07.143 DEBUG :portfolio-in-compose-multiplatform:resolveDependenciesWasmJsTest DependencyFileImpl        Downloaded https://repo1.maven.org/maven2/org/jetbrains/skiko/skiko-wasm-js/0.144.6/skiko-wasm-js-0.144.6.module for the dependency org.jetbrains.skiko:skiko-wasm-js:0.144.6
00:07.143 DEBUG :portfolio-in-compose-multiplatform:resolveDependenciesWasmJsTest DependencyFileImpl        Downloaded https://repo1.maven.org/maven2/org/jetbrains/compose/ui/ui-geometry-wasm-js/1.11.1/ui-geometry-wasm-js-1.11.1.pom.sha512 for the dependency org.jetbrains.compose.ui:ui-geometry-wasm-js:1.11.1
00:07.144 DEBUG :portfolio-in-compose-multiplatform:resolveDependenciesWasmJsTest DependencyFileImpl        Downloaded https://repo1.maven.org/maven2/org/jetbrains/compose/ui/ui-graphics/1.11.1/ui-graphics-1.11.1.module for the dependency org.jetbrains.compose.ui:ui-graphics:1.11.1
00:07.148 DEBUG :portfolio-in-compose-multiplatform:resolveDependenciesWasmJsTest DependencyFileImpl        Downloaded https://repo1.maven.org/maven2/org/jetbrains/compose/ui/ui-backhandler-wasm-js/1.11.1/ui-backhandler-wasm-js-1.11.1.pom.sha512 for the dependency org.jetbrains.compose.ui:ui-backhandler-wasm-js:1.11.1
00:07.149 DEBUG :portfolio-in-compose-multiplatform:resolveDependenciesWasmJsTest DependencyFileImpl        Not found URL: https://repo1.maven.org/maven2/org/jetbrains/kotlin/kotlin-stdlib/2.4.10/kotlin-stdlib-2.4.10.pom.sha256
00:07.179 DEBUG :portfolio-in-compose-multiplatform:resolveDependenciesWasmJsTest DependencyFileImpl        Downloaded https://repo1.maven.org/maven2/org/jetbrains/compose/animation/animation-core-wasm-js/1.11.1/animation-core-wasm-js-1.11.1.pom.sha512 for the dependency org.jetbrains.compose.animation:animation-core-wasm-js:1.11.1
00:07.179 DEBUG :portfolio-in-compose-multiplatform:resolveDependenciesWasmJsTest DependencyFileImpl        Downloaded https://maven.google.com/androidx/compose/runtime/runtime-saveable/1.11.2/runtime-saveable-1.11.2.pom.sha512 for the dependency androidx.compose.runtime:runtime-saveable:1.11.2
00:07.181 DEBUG :portfolio-in-compose-multiplatform:resolveDependenciesWasmJsTest DependencyFileImpl        Downloaded https://repo1.maven.org/maven2/org/jetbrains/compose/ui/ui-geometry-wasm-js/1.11.1/ui-geometry-wasm-js-1.11.1.pom for the dependency org.jetbrains.compose.ui:ui-geometry-wasm-js:1.11.1
00:07.181 DEBUG :portfolio-in-compose-multiplatform:resolveDependenciesWasmJsTest DependencyFileImpl        Downloaded https://repo1.maven.org/maven2/org/jetbrains/compose/ui/ui-graphics-wasm-js/1.11.1/ui-graphics-wasm-js-1.11.1.pom.sha512 for the dependency org.jetbrains.compose.ui:ui-graphics-wasm-js:1.11.1
00:07.181 DEBUG :portfolio-in-compose-multiplatform:resolveDependenciesWasmJsTest DependencyFileImpl        Downloaded https://repo1.maven.org/maven2/org/jetbrains/compose/ui/ui-unit-wasm-js/1.11.1/ui-unit-wasm-js-1.11.1.pom.sha512 for the dependency org.jetbrains.compose.ui:ui-unit-wasm-js:1.11.1
00:07.183 DEBUG :portfolio-in-compose-multiplatform:resolveDependenciesWasmJsTest DependencyFileImpl        Downloaded https://repo1.maven.org/maven2/org/jetbrains/compose/ui/ui-backhandler-wasm-js/1.11.1/ui-backhandler-wasm-js-1.11.1.pom for the dependency org.jetbrains.compose.ui:ui-backhandler-wasm-js:1.11.1
00:07.186 DEBUG :portfolio-in-compose-multiplatform:resolveDependenciesWasmJsTest DependencyFileImpl        Downloaded https://maven.google.com/androidx/savedstate/savedstate-wasm-js/1.3.3/savedstate-wasm-js-1.3.3.pom.sha512 for the dependency androidx.savedstate:savedstate-wasm-js:1.3.3
00:07.195 DEBUG :portfolio-in-compose-multiplatform:resolveDependenciesWasmJsTest DependencyFileImpl        Downloaded https://maven.google.com/androidx/savedstate/savedstate-compose-wasm-js/1.4.0/savedstate-compose-wasm-js-1.4.0.pom.sha512 for the dependency androidx.savedstate:savedstate-compose-wasm-js:1.4.0
00:07.202 DEBUG :portfolio-in-compose-multiplatform:resolveDependenciesWasmJsTest DependencyFileImpl        Downloaded https://repo1.maven.org/maven2/org/jetbrains/compose/ui/ui-graphics-wasm-js/1.11.1/ui-graphics-wasm-js-1.11.1.pom for the dependency org.jetbrains.compose.ui:ui-graphics-wasm-js:1.11.1
00:07.203 DEBUG :portfolio-in-compose-multiplatform:resolveDependenciesWasmJsTest DependencyFileImpl        Downloaded https://repo1.maven.org/maven2/org/jetbrains/compose/ui/ui-geometry-wasm-js/1.11.1/ui-geometry-wasm-js-1.11.1.module.sha512 for the dependency org.jetbrains.compose.ui:ui-geometry-wasm-js:1.11.1
00:07.204 DEBUG :portfolio-in-compose-multiplatform:resolveDependenciesWasmJsTest DependencyFileImpl        Downloaded https://maven.google.com/androidx/compose/runtime/runtime-saveable/1.11.2/runtime-saveable-1.11.2.pom for the dependency androidx.compose.runtime:runtime-saveable:1.11.2
00:07.206 DEBUG :portfolio-in-compose-multiplatform:resolveDependenciesWasmJsTest DependencyFileImpl        Downloaded https://repo1.maven.org/maven2/org/jetbrains/compose/animation/animation-core-wasm-js/1.11.1/animation-core-wasm-js-1.11.1.pom for the dependency org.jetbrains.compose.animation:animation-core-wasm-js:1.11.1
00:07.206 DEBUG :portfolio-in-compose-multiplatform:resolveDependenciesWasmJsTest DependencyFileImpl        Downloaded https://repo1.maven.org/maven2/org/jetbrains/compose/ui/ui-backhandler-wasm-js/1.11.1/ui-backhandler-wasm-js-1.11.1.module.sha512 for the dependency org.jetbrains.compose.ui:ui-backhandler-wasm-js:1.11.1
00:07.208 DEBUG :portfolio-in-compose-multiplatform:resolveDependenciesWasmJsTest DependencyFileImpl        Downloaded https://repo1.maven.org/maven2/org/jetbrains/compose/ui/ui-unit-wasm-js/1.11.1/ui-unit-wasm-js-1.11.1.pom for the dependency org.jetbrains.compose.ui:ui-unit-wasm-js:1.11.1
00:07.213 DEBUG :portfolio-in-compose-multiplatform:resolveDependenciesWasmJsTest DependencyFileImpl        Not found URL: https://repo1.maven.org/maven2/androidx/compose/runtime/runtime-annotation/1.11.2/runtime-annotation-1.11.2.pom.sha512
00:07.222 DEBUG :portfolio-in-compose-multiplatform:resolveDependenciesWasmJsTest DependencyFileImpl        Not found URL: https://maven.google.com/org/jetbrains/kotlin/kotlin-stdlib/2.4.10/kotlin-stdlib-2.4.10.pom.sha256
00:07.225 DEBUG :portfolio-in-compose-multiplatform:resolveDependenciesWasmJsTest DependencyFileImpl        Downloaded https://repo1.maven.org/maven2/org/jetbrains/compose/ui/ui-graphics-wasm-js/1.11.1/ui-graphics-wasm-js-1.11.1.module.sha512 for the dependency org.jetbrains.compose.ui:ui-graphics-wasm-js:1.11.1
00:07.227 DEBUG :portfolio-in-compose-multiplatform:resolveDependenciesWasmJsTest DependencyFileImpl        Downloaded https://repo1.maven.org/maven2/org/jetbrains/compose/ui/ui-geometry-wasm-js/1.11.1/ui-geometry-wasm-js-1.11.1.module for the dependency org.jetbrains.compose.ui:ui-geometry-wasm-js:1.11.1
00:07.230 DEBUG :portfolio-in-compose-multiplatform:resolveDependenciesWasmJsTest DependencyFileImpl        Downloaded https://repo1.maven.org/maven2/org/jetbrains/compose/animation/animation-core-wasm-js/1.11.1/animation-core-wasm-js-1.11.1.module.sha512 for the dependency org.jetbrains.compose.animation:animation-core-wasm-js:1.11.1
00:07.231 DEBUG :portfolio-in-compose-multiplatform:resolveDependenciesWasmJsTest DependencyFileImpl        Downloaded https://repo1.maven.org/maven2/org/jetbrains/compose/ui/ui-backhandler-wasm-js/1.11.1/ui-backhandler-wasm-js-1.11.1.module for the dependency org.jetbrains.compose.ui:ui-backhandler-wasm-js:1.11.1
00:07.235 DEBUG :portfolio-in-compose-multiplatform:resolveDependenciesWasmJsTest DependencyFileImpl        Downloaded https://repo1.maven.org/maven2/org/jetbrains/compose/ui/ui-unit-wasm-js/1.11.1/ui-unit-wasm-js-1.11.1.module.sha512 for the dependency org.jetbrains.compose.ui:ui-unit-wasm-js:1.11.1
00:07.253 DEBUG :portfolio-in-compose-multiplatform:resolveDependenciesWasmJsTest DependencyFileImpl        Downloaded https://repo1.maven.org/maven2/org/jetbrains/kotlin/kotlin-stdlib/2.4.10/kotlin-stdlib-2.4.10.pom.sha1 for the dependency org.jetbrains.kotlin:kotlin-stdlib:2.4.10
00:07.256 DEBUG :portfolio-in-compose-multiplatform:resolveDependenciesWasmJsTest DependencyFileImpl        Downloaded https://repo1.maven.org/maven2/org/jetbrains/compose/ui/ui-graphics-wasm-js/1.11.1/ui-graphics-wasm-js-1.11.1.module for the dependency org.jetbrains.compose.ui:ui-graphics-wasm-js:1.11.1
00:07.256 DEBUG :portfolio-in-compose-multiplatform:resolveDependenciesWasmJsTest DependencyFileImpl        Downloaded https://repo1.maven.org/maven2/org/jetbrains/compose/animation/animation-core-wasm-js/1.11.1/animation-core-wasm-js-1.11.1.module for the dependency org.jetbrains.compose.animation:animation-core-wasm-js:1.11.1
00:07.265 DEBUG :portfolio-in-compose-multiplatform:resolveDependenciesWasmJsTest DependencyFileImpl        Downloaded https://repo1.maven.org/maven2/org/jetbrains/compose/ui/ui-unit-wasm-js/1.11.1/ui-unit-wasm-js-1.11.1.module for the dependency org.jetbrains.compose.ui:ui-unit-wasm-js:1.11.1
00:07.273 DEBUG :portfolio-in-compose-multiplatform:resolveDependenciesWasmJsTest DependencyFileImpl        Downloaded https://maven.google.com/androidx/savedstate/savedstate-wasm-js/1.3.3/savedstate-wasm-js-1.3.3.pom for the dependency androidx.savedstate:savedstate-wasm-js:1.3.3
00:07.277 DEBUG :portfolio-in-compose-multiplatform:resolveDependenciesWasmJsTest DependencyFileImpl        Downloaded https://repo1.maven.org/maven2/org/jetbrains/kotlin/kotlin-stdlib/2.4.10/kotlin-stdlib-2.4.10.pom for the dependency org.jetbrains.kotlin:kotlin-stdlib:2.4.10
00:07.283 DEBUG :portfolio-in-compose-multiplatform:resolveDependenciesWasmJsTest DependencyFileImpl        Downloaded https://maven.google.com/androidx/savedstate/savedstate-compose-wasm-js/1.4.0/savedstate-compose-wasm-js-1.4.0.pom for the dependency androidx.savedstate:savedstate-compose-wasm-js:1.4.0
00:07.310 DEBUG :portfolio-in-compose-multiplatform:resolveDependenciesWasmJsTest DependencyFileImpl        Downloaded https://maven.google.com/androidx/compose/runtime/runtime-annotation/1.11.2/runtime-annotation-1.11.2.pom.sha512 for the dependency androidx.compose.runtime:runtime-annotation:1.11.2
00:07.333 DEBUG :portfolio-in-compose-multiplatform:resolveDependenciesWasmJsTest DependencyFileImpl        Downloaded https://maven.google.com/androidx/compose/runtime/runtime-annotation/1.11.2/runtime-annotation-1.11.2.pom for the dependency androidx.compose.runtime:runtime-annotation:1.11.2
00:07.349 DEBUG :portfolio-in-compose-multiplatform:resolveDependenciesWasmJsTest DependencyFileImpl        Not found URL: https://repo1.maven.org/maven2/androidx/compose/runtime/runtime-saveable/1.11.2/runtime-saveable-1.11.2.module.sha512
00:07.352 DEBUG :portfolio-in-compose-multiplatform:resolveDependenciesWasmJsTest DependencyFileImpl        Downloaded https://repo1.maven.org/maven2/org/jetbrains/kotlinx/kotlinx-serialization-core/1.7.3/kotlinx-serialization-core-1.7.3.module.sha512 for the dependency org.jetbrains.kotlinx:kotlinx-serialization-core:1.7.3
00:07.356 DEBUG :portfolio-in-compose-multiplatform:resolveDependenciesWasmJsTest DependencyFileImpl        Downloaded https://maven.google.com/androidx/savedstate/savedstate-wasm-js/1.3.3/savedstate-wasm-js-1.3.3.module.sha512 for the dependency androidx.savedstate:savedstate-wasm-js:1.3.3
00:07.359 DEBUG :portfolio-in-compose-multiplatform:resolveDependenciesWasmJsTest DependencyFileImpl        Downloaded https://maven.google.com/androidx/savedstate/savedstate-compose-wasm-js/1.4.0/savedstate-compose-wasm-js-1.4.0.module.sha512 for the dependency androidx.savedstate:savedstate-compose-wasm-js:1.4.0
00:07.372 DEBUG :portfolio-in-compose-multiplatform:resolveDependenciesWasmJsTest DependencyFileImpl        Downloaded https://repo1.maven.org/maven2/org/jetbrains/kotlinx/kotlinx-serialization-core/1.7.3/kotlinx-serialization-core-1.7.3.module for the dependency org.jetbrains.kotlinx:kotlinx-serialization-core:1.7.3
00:07.419 DEBUG :portfolio-in-compose-multiplatform:resolveDependenciesWasmJsTest DependencyFileImpl        Downloaded https://repo1.maven.org/maven2/org/jetbrains/kotlinx/kotlinx-serialization-core-wasm-js/1.7.3/kotlinx-serialization-core-wasm-js-1.7.3.pom.sha512 for the dependency org.jetbrains.kotlinx:kotlinx-serialization-core-wasm-js:1.7.3
00:07.419 DEBUG :portfolio-in-compose-multiplatform:resolveDependenciesWasmJsTest DependencyFileImpl        Downloaded https://maven.google.com/androidx/compose/runtime/runtime-saveable/1.11.2/runtime-saveable-1.11.2.module.sha512 for the dependency androidx.compose.runtime:runtime-saveable:1.11.2
00:07.421 DEBUG :portfolio-in-compose-multiplatform:resolveDependenciesWasmJsTest DependencyFileImpl        Downloaded https://maven.google.com/androidx/compose/runtime/runtime-annotation/1.11.2/runtime-annotation-1.11.2.module.sha512 for the dependency androidx.compose.runtime:runtime-annotation:1.11.2
00:07.433 DEBUG :portfolio-in-compose-multiplatform:resolveDependenciesWasmJsTest DependencyFileImpl        Downloaded https://repo1.maven.org/maven2/org/jetbrains/kotlinx/kotlinx-serialization-core-wasm-js/1.7.3/kotlinx-serialization-core-wasm-js-1.7.3.pom for the dependency org.jetbrains.kotlinx:kotlinx-serialization-core-wasm-js:1.7.3
00:07.440 DEBUG :portfolio-in-compose-multiplatform:resolveDependenciesWasmJsTest DependencyFileImpl        Downloaded https://maven.google.com/androidx/savedstate/savedstate-compose-wasm-js/1.4.0/savedstate-compose-wasm-js-1.4.0.module for the dependency androidx.savedstate:savedstate-compose-wasm-js:1.4.0
00:07.447 DEBUG :portfolio-in-compose-multiplatform:resolveDependenciesWasmJsTest DependencyFileImpl        Downloaded https://repo1.maven.org/maven2/org/jetbrains/kotlinx/kotlinx-serialization-core-wasm-js/1.7.3/kotlinx-serialization-core-wasm-js-1.7.3.module.sha512 for the dependency org.jetbrains.kotlinx:kotlinx-serialization-core-wasm-js:1.7.3
00:07.462 DEBUG :portfolio-in-compose-multiplatform:resolveDependenciesWasmJsTest DependencyFileImpl        Downloaded https://repo1.maven.org/maven2/org/jetbrains/kotlinx/kotlinx-serialization-core-wasm-js/1.7.3/kotlinx-serialization-core-wasm-js-1.7.3.module for the dependency org.jetbrains.kotlinx:kotlinx-serialization-core-wasm-js:1.7.3
00:07.526 DEBUG :portfolio-in-compose-multiplatform:resolveDependenciesWasmJsTest DependencyFileImpl        Downloaded https://maven.google.com/androidx/compose/runtime/runtime-saveable/1.11.2/runtime-saveable-1.11.2.module for the dependency androidx.compose.runtime:runtime-saveable:1.11.2
00:07.532 DEBUG :portfolio-in-compose-multiplatform:resolveDependenciesWasmJsTest DependencyFileImpl        Downloaded https://maven.google.com/androidx/compose/runtime/runtime-annotation/1.11.2/runtime-annotation-1.11.2.module for the dependency androidx.compose.runtime:runtime-annotation:1.11.2
00:07.572 DEBUG :portfolio-in-compose-multiplatform:resolveDependenciesWasmJsTest DependencyFileImpl        Not found URL: https://repo1.maven.org/maven2/androidx/compose/runtime/runtime-saveable-wasm-js/1.11.2/runtime-saveable-wasm-js-1.11.2.pom.sha512
00:07.638 DEBUG :portfolio-in-compose-multiplatform:resolveDependenciesWasmJsTest DependencyFileImpl        Downloaded https://maven.google.com/androidx/compose/runtime/runtime-saveable-wasm-js/1.11.2/runtime-saveable-wasm-js-1.11.2.pom.sha512 for the dependency androidx.compose.runtime:runtime-saveable-wasm-js:1.11.2
00:07.676 DEBUG :portfolio-in-compose-multiplatform:resolveDependenciesWasmJsTest DependencyFileImpl        Not found URL: https://repo1.maven.org/maven2/androidx/compose/runtime/runtime-annotation-wasm-js/1.11.2/runtime-annotation-wasm-js-1.11.2.pom.sha512
00:07.708 DEBUG :portfolio-in-compose-multiplatform:resolveDependenciesWasmJsTest DependencyFileImpl        Downloaded https://maven.google.com/androidx/compose/runtime/runtime-saveable-wasm-js/1.11.2/runtime-saveable-wasm-js-1.11.2.pom for the dependency androidx.compose.runtime:runtime-saveable-wasm-js:1.11.2
00:07.748 DEBUG :portfolio-in-compose-multiplatform:resolveDependenciesWasmJsTest DependencyFileImpl        Downloaded https://maven.google.com/androidx/compose/runtime/runtime-annotation-wasm-js/1.11.2/runtime-annotation-wasm-js-1.11.2.pom.sha512 for the dependency androidx.compose.runtime:runtime-annotation-wasm-js:1.11.2
00:07.786 DEBUG :portfolio-in-compose-multiplatform:resolveDependenciesWasmJsTest DependencyFileImpl        Downloaded https://maven.google.com/androidx/compose/runtime/runtime-saveable-wasm-js/1.11.2/runtime-saveable-wasm-js-1.11.2.module.sha512 for the dependency androidx.compose.runtime:runtime-saveable-wasm-js:1.11.2
00:07.844 DEBUG :portfolio-in-compose-multiplatform:resolveDependenciesWasmJsTest DependencyFileImpl        Downloaded https://maven.google.com/androidx/compose/runtime/runtime-annotation-wasm-js/1.11.2/runtime-annotation-wasm-js-1.11.2.pom for the dependency androidx.compose.runtime:runtime-annotation-wasm-js:1.11.2
00:07.867 DEBUG :portfolio-in-compose-multiplatform:resolveDependenciesWasmJsTest DependencyFileImpl        Downloaded https://maven.google.com/androidx/compose/runtime/runtime-saveable-wasm-js/1.11.2/runtime-saveable-wasm-js-1.11.2.module for the dependency androidx.compose.runtime:runtime-saveable-wasm-js:1.11.2
00:07.937 DEBUG :portfolio-in-compose-multiplatform:resolveDependenciesWasmJsTest DependencyFileImpl        Downloaded https://maven.google.com/androidx/compose/runtime/runtime-annotation-wasm-js/1.11.2/runtime-annotation-wasm-js-1.11.2.module.sha512 for the dependency androidx.compose.runtime:runtime-annotation-wasm-js:1.11.2
00:08.006 DEBUG :portfolio-in-compose-multiplatform:resolveDependenciesWasmJsTest DependencyFileImpl        Downloaded https://maven.google.com/androidx/compose/runtime/runtime-annotation-wasm-js/1.11.2/runtime-annotation-wasm-js-1.11.2.module for the dependency androidx.compose.runtime:runtime-annotation-wasm-js:1.11.2
00:08.025 DEBUG :portfolio-in-compose-multiplatform:resolveDependenciesWasmJsTest DependencyFileImpl        Not found URL: https://repo1.maven.org/maven2/org/jetbrains/kotlin/kotlin-stdlib/2.4.10/kotlin-stdlib-2.4.10.module.sha512
00:08.094 DEBUG :portfolio-in-compose-multiplatform:resolveDependenciesWasmJsTest DependencyFileImpl        Not found URL: https://maven.google.com/org/jetbrains/kotlin/kotlin-stdlib/2.4.10/kotlin-stdlib-2.4.10.module.sha512
00:08.148 DEBUG :portfolio-in-compose-multiplatform:resolveDependenciesWasmJsTest DependencyFileImpl        Not found URL: https://repo1.maven.org/maven2/androidx/savedstate/savedstate/1.4.0/savedstate-1.4.0.pom.sha512
00:08.221 DEBUG :portfolio-in-compose-multiplatform:resolveDependenciesWasmJsTest DependencyFileImpl        Downloaded https://maven.google.com/androidx/savedstate/savedstate/1.4.0/savedstate-1.4.0.pom.sha512 for the dependency androidx.savedstate:savedstate:1.4.0
00:08.239 DEBUG :portfolio-in-compose-multiplatform:resolveDependenciesWasmJsTest DependencyFileImpl        Not found URL: https://repo1.maven.org/maven2/org/jetbrains/kotlin/kotlin-stdlib/2.4.10/kotlin-stdlib-2.4.10.module.sha256
00:08.244 DEBUG :portfolio-in-compose-multiplatform:resolveDependenciesWasmJsTest DependencyFileImpl        Downloaded https://maven.google.com/androidx/savedstate/savedstate/1.4.0/savedstate-1.4.0.pom for the dependency androidx.savedstate:savedstate:1.4.0
00:08.294 DEBUG :portfolio-in-compose-multiplatform:resolveDependenciesWasmJsTest DependencyFileImpl        Not found URL: https://maven.google.com/org/jetbrains/kotlin/kotlin-stdlib/2.4.10/kotlin-stdlib-2.4.10.module.sha256
00:08.308 DEBUG :portfolio-in-compose-multiplatform:resolveDependenciesWasmJsTest DependencyFileImpl        Downloaded https://repo1.maven.org/maven2/org/jetbrains/kotlin/kotlin-stdlib/2.4.10/kotlin-stdlib-2.4.10.module.sha1 for the dependency org.jetbrains.kotlin:kotlin-stdlib:2.4.10
00:08.323 DEBUG :portfolio-in-compose-multiplatform:resolveDependenciesWasmJsTest DependencyFileImpl        Downloaded https://repo1.maven.org/maven2/org/jetbrains/kotlin/kotlin-stdlib/2.4.10/kotlin-stdlib-2.4.10.module for the dependency org.jetbrains.kotlin:kotlin-stdlib:2.4.10
00:08.326 DEBUG :portfolio-in-compose-multiplatform:resolveDependenciesWasmJsTest DependencyFileImpl        Downloaded https://maven.google.com/androidx/savedstate/savedstate/1.4.0/savedstate-1.4.0.module.sha512 for the dependency androidx.savedstate:savedstate:1.4.0
00:08.353 DEBUG :portfolio-in-compose-multiplatform:resolveDependenciesWasmJsTest DependencyFileImpl        Downloaded https://maven.google.com/androidx/savedstate/savedstate/1.4.0/savedstate-1.4.0.module for the dependency androidx.savedstate:savedstate:1.4.0
00:08.504 DEBUG :portfolio-in-compose-multiplatform:resolveDependenciesWasmJsTest DependencyFileImpl        Not found URL: https://repo1.maven.org/maven2/androidx/savedstate/savedstate-wasm-js/1.4.0/savedstate-wasm-js-1.4.0.pom.sha512
00:08.585 DEBUG :portfolio-in-compose-multiplatform:resolveDependenciesWasmJsTest DependencyFileImpl        Downloaded https://maven.google.com/androidx/savedstate/savedstate-wasm-js/1.4.0/savedstate-wasm-js-1.4.0.pom.sha512 for the dependency androidx.savedstate:savedstate-wasm-js:1.4.0
00:08.656 DEBUG :portfolio-in-compose-multiplatform:resolveDependenciesWasmJsTest DependencyFileImpl        Downloaded https://maven.google.com/androidx/savedstate/savedstate-wasm-js/1.4.0/savedstate-wasm-js-1.4.0.pom for the dependency androidx.savedstate:savedstate-wasm-js:1.4.0
00:08.731 DEBUG :portfolio-in-compose-multiplatform:resolveDependenciesWasmJsTest DependencyFileImpl        Downloaded https://maven.google.com/androidx/savedstate/savedstate-wasm-js/1.4.0/savedstate-wasm-js-1.4.0.module.sha512 for the dependency androidx.savedstate:savedstate-wasm-js:1.4.0
00:08.819 DEBUG :portfolio-in-compose-multiplatform:resolveDependenciesWasmJsTest DependencyFileImpl        Downloaded https://maven.google.com/androidx/savedstate/savedstate-wasm-js/1.4.0/savedstate-wasm-js-1.4.0.module for the dependency androidx.savedstate:savedstate-wasm-js:1.4.0
00:08.949 DEBUG :portfolio-in-compose-multiplatform:resolveDependenciesWasmJs DependencyFileImpl        Not found URL: https://repo1.maven.org/maven2/org/jetbrains/kotlin/kotlin-stdlib-wasm-js/2.4.10/kotlin-stdlib-wasm-js-2.4.10.pom.sha512
00:09.011 DEBUG :portfolio-in-compose-multiplatform:resolveDependenciesWasmJs DependencyFileImpl        Not found URL: https://maven.google.com/org/jetbrains/kotlin/kotlin-stdlib-wasm-js/2.4.10/kotlin-stdlib-wasm-js-2.4.10.pom.sha512
00:09.132 DEBUG :portfolio-in-compose-multiplatform:resolveDependenciesWasmJs DependencyFileImpl        Not found URL: https://repo1.maven.org/maven2/org/jetbrains/kotlin/kotlin-stdlib-wasm-js/2.4.10/kotlin-stdlib-wasm-js-2.4.10.pom.sha256
00:09.196 DEBUG :portfolio-in-compose-multiplatform:resolveDependenciesWasmJs DependencyFileImpl        Not found URL: https://maven.google.com/org/jetbrains/kotlin/kotlin-stdlib-wasm-js/2.4.10/kotlin-stdlib-wasm-js-2.4.10.pom.sha256
00:09.210 DEBUG :portfolio-in-compose-multiplatform:resolveDependenciesWasmJs DependencyFileImpl        Downloaded https://repo1.maven.org/maven2/org/jetbrains/kotlin/kotlin-stdlib-wasm-js/2.4.10/kotlin-stdlib-wasm-js-2.4.10.pom.sha1 for the dependency org.jetbrains.kotlin:kotlin-stdlib-wasm-js:2.4.10
00:09.224 DEBUG :portfolio-in-compose-multiplatform:resolveDependenciesWasmJs DependencyFileImpl        Downloaded https://repo1.maven.org/maven2/org/jetbrains/kotlin/kotlin-stdlib-wasm-js/2.4.10/kotlin-stdlib-wasm-js-2.4.10.pom for the dependency org.jetbrains.kotlin:kotlin-stdlib-wasm-js:2.4.10
00:09.363 DEBUG :portfolio-in-compose-multiplatform:resolveDependenciesWasmJs DependencyFileImpl        Not found URL: https://repo1.maven.org/maven2/org/jetbrains/kotlin/kotlin-stdlib-wasm-js/2.4.10/kotlin-stdlib-wasm-js-2.4.10.module.sha512
00:09.420 DEBUG :portfolio-in-compose-multiplatform:resolveDependenciesWasmJs DependencyFileImpl        Not found URL: https://maven.google.com/org/jetbrains/kotlin/kotlin-stdlib-wasm-js/2.4.10/kotlin-stdlib-wasm-js-2.4.10.module.sha512
00:09.561 DEBUG :portfolio-in-compose-multiplatform:resolveDependenciesWasmJs DependencyFileImpl        Not found URL: https://repo1.maven.org/maven2/org/jetbrains/kotlin/kotlin-stdlib-wasm-js/2.4.10/kotlin-stdlib-wasm-js-2.4.10.module.sha256
00:09.653 DEBUG :portfolio-in-compose-multiplatform:resolveDependenciesWasmJs DependencyFileImpl        Not found URL: https://maven.google.com/org/jetbrains/kotlin/kotlin-stdlib-wasm-js/2.4.10/kotlin-stdlib-wasm-js-2.4.10.module.sha256
00:09.667 DEBUG :portfolio-in-compose-multiplatform:resolveDependenciesWasmJs DependencyFileImpl        Downloaded https://repo1.maven.org/maven2/org/jetbrains/kotlin/kotlin-stdlib-wasm-js/2.4.10/kotlin-stdlib-wasm-js-2.4.10.module.sha1 for the dependency org.jetbrains.kotlin:kotlin-stdlib-wasm-js:2.4.10
00:09.683 DEBUG :portfolio-in-compose-multiplatform:resolveDependenciesWasmJs DependencyFileImpl        Downloaded https://repo1.maven.org/maven2/org/jetbrains/kotlin/kotlin-stdlib-wasm-js/2.4.10/kotlin-stdlib-wasm-js-2.4.10.module for the dependency org.jetbrains.kotlin:kotlin-stdlib-wasm-js:2.4.10
00:09.718 DEBUG :portfolio-in-compose-multiplatform:resolveDependenciesWasmJs DependencyFileImpl        Downloaded https://repo1.maven.org/maven2/org/jetbrains/compose/runtime/runtime-wasm-js/1.11.1/runtime-wasm-js-1.11.1.klib for the dependency org.jetbrains.compose.runtime:runtime-wasm-js:1.11.1
00:09.738 DEBUG :portfolio-in-compose-multiplatform:resolveDependenciesWasmJs DependencyFileImpl        Downloaded https://repo1.maven.org/maven2/org/jetbrains/androidx/savedstate/savedstate-wasm-js/1.3.6/savedstate-wasm-js-1.3.6.klib for the dependency org.jetbrains.androidx.savedstate:savedstate-wasm-js:1.3.6
00:09.741 DEBUG :portfolio-in-compose-multiplatform:resolveDependenciesWasmJs DependencyFileImpl        Downloaded https://repo1.maven.org/maven2/org/jetbrains/compose/annotation-internal/annotation-wasm-js/1.10.0/annotation-wasm-js-1.10.0.klib for the dependency org.jetbrains.compose.annotation-internal:annotation-wasm-js:1.10.0
00:09.745 DEBUG :portfolio-in-compose-multiplatform:resolveDependenciesWasmJs DependencyFileImpl        Downloaded https://repo1.maven.org/maven2/org/jetbrains/kotlinx/kotlinx-datetime-wasm-js/0.7.1/kotlinx-datetime-wasm-js-0.7.1.klib for the dependency org.jetbrains.kotlinx:kotlinx-datetime-wasm-js:0.7.1
00:09.748 DEBUG :portfolio-in-compose-multiplatform:resolveDependenciesWasmJs DependencyFileImpl        Downloaded https://repo1.maven.org/maven2/org/jetbrains/compose/material/material-ripple-wasm-js/1.11.0-beta03/material-ripple-wasm-js-1.11.0-beta03.klib for the dependency org.jetbrains.compose.material:material-ripple-wasm-js:1.11.0-beta03
00:09.752 DEBUG :portfolio-in-compose-multiplatform:resolveDependenciesWasmJs DependencyFileImpl        Downloaded https://repo1.maven.org/maven2/org/jetbrains/kotlinx/kotlinx-serialization-core-wasm-js/1.7.3/kotlinx-serialization-core-wasm-js-1.7.3.klib for the dependency org.jetbrains.kotlinx:kotlinx-serialization-core-wasm-js:1.7.3
00:09.757 DEBUG :portfolio-in-compose-multiplatform:resolveDependenciesWasmJs DependencyFileImpl        Downloaded https://repo1.maven.org/maven2/org/jetbrains/kotlinx/atomicfu-wasm-js/0.28.0/atomicfu-wasm-js-0.28.0.klib for the dependency org.jetbrains.kotlinx:atomicfu-wasm-js:0.28.0
00:09.764 DEBUG :portfolio-in-compose-multiplatform:resolveDependenciesWasmJsTest DependencyFileImpl        Downloaded https://repo1.maven.org/maven2/org/jetbrains/kotlin/kotlin-test-wasm-js/2.4.10/kotlin-test-wasm-js-2.4.10.klib for the dependency org.jetbrains.kotlin:kotlin-test-wasm-js:2.4.10
00:09.766 DEBUG :portfolio-in-compose-multiplatform:resolveDependenciesWasmJs DependencyFileImpl        Downloaded https://repo1.maven.org/maven2/org/jetbrains/compose/ui/ui-graphics-wasm-js/1.11.1/ui-graphics-wasm-js-1.11.1.klib for the dependency org.jetbrains.compose.ui:ui-graphics-wasm-js:1.11.1
00:09.778 DEBUG :portfolio-in-compose-multiplatform:resolveDependenciesWasmJs DependencyFileImpl        Downloaded https://repo1.maven.org/maven2/org/jetbrains/androidx/lifecycle/lifecycle-runtime-compose-wasm-js/2.9.6/lifecycle-runtime-compose-wasm-js-2.9.6.klib for the dependency org.jetbrains.androidx.lifecycle:lifecycle-runtime-compose-wasm-js:2.9.6
00:09.785 DEBUG :portfolio-in-compose-multiplatform:resolveDependenciesWasmJs DependencyFileImpl        Downloaded https://repo1.maven.org/maven2/org/jetbrains/compose/ui/ui-unit-wasm-js/1.11.1/ui-unit-wasm-js-1.11.1.klib for the dependency org.jetbrains.compose.ui:ui-unit-wasm-js:1.11.1
00:09.818 DEBUG :portfolio-in-compose-multiplatform:resolveDependenciesWasmJs DependencyFileImpl        Downloaded https://repo1.maven.org/maven2/org/jetbrains/skiko/skiko-wasm-js/0.144.6/skiko-wasm-js-0.144.6.klib for the dependency org.jetbrains.skiko:skiko-wasm-js:0.144.6
00:09.834 DEBUG :portfolio-in-compose-multiplatform:resolveDependenciesWasmJs DependencyFileImpl        Not found URL: https://repo1.maven.org/maven2/androidx/lifecycle/lifecycle-common-wasm-js/2.9.4/lifecycle-common-wasm-js-2.9.4.klib
00:09.834 DEBUG :portfolio-in-compose-multiplatform:resolveDependenciesWasmJs DependencyFileImpl        Not found URL: https://repo1.maven.org/maven2/androidx/collection/collection-wasm-js/1.5.0/collection-wasm-js-1.5.0.klib
00:09.856 DEBUG :portfolio-in-compose-multiplatform:resolveDependenciesWasmJs DependencyFileImpl        Downloaded https://maven.google.com/androidx/graphics/graphics-shapes-wasm-js/1.1.0/graphics-shapes-wasm-js-1.1.0.klib for the dependency androidx.graphics:graphics-shapes-wasm-js:1.1.0
00:09.866 DEBUG :portfolio-in-compose-multiplatform:resolveDependenciesWasmJs DependencyFileImpl        Not found URL: https://repo1.maven.org/maven2/androidx/annotation/annotation-wasm-js/1.9.1/annotation-wasm-js-1.9.1.klib
00:09.874 DEBUG :portfolio-in-compose-multiplatform:resolveDependenciesWasmJs DependencyFileImpl        Downloaded https://repo1.maven.org/maven2/org/jetbrains/compose/ui/ui-text-wasm-js/1.11.1/ui-text-wasm-js-1.11.1.klib for the dependency org.jetbrains.compose.ui:ui-text-wasm-js:1.11.1
00:09.887 DEBUG :portfolio-in-compose-multiplatform:resolveDependenciesWasmJs DependencyFileImpl        Downloaded https://repo1.maven.org/maven2/org/jetbrains/compose/animation/animation-core-wasm-js/1.11.1/animation-core-wasm-js-1.11.1.klib for the dependency org.jetbrains.compose.animation:animation-core-wasm-js:1.11.1
00:09.891 DEBUG :portfolio-in-compose-multiplatform:resolveDependenciesWasmJs DependencyFileImpl        Not found URL: https://repo1.maven.org/maven2/androidx/savedstate/savedstate-compose-wasm-js/1.4.0/savedstate-compose-wasm-js-1.4.0.klib
00:09.896 DEBUG :portfolio-in-compose-multiplatform:resolveDependenciesWasmJs DependencyFileImpl        Downloaded https://repo1.maven.org/maven2/org/jetbrains/kotlin/kotlin-stdlib-wasm-js/2.4.10/kotlin-stdlib-wasm-js-2.4.10.klib for the dependency org.jetbrains.kotlin:kotlin-stdlib-wasm-js:2.4.10
00:09.907 DEBUG :portfolio-in-compose-multiplatform:resolveDependenciesWasmJs DependencyFileImpl        Downloaded https://repo1.maven.org/maven2/org/jetbrains/compose/ui/ui-geometry-wasm-js/1.11.1/ui-geometry-wasm-js-1.11.1.klib for the dependency org.jetbrains.compose.ui:ui-geometry-wasm-js:1.11.1
00:09.909 DEBUG :portfolio-in-compose-multiplatform:resolveDependenciesWasmJs DependencyFileImpl        Downloaded https://repo1.maven.org/maven2/org/jetbrains/compose/animation/animation-wasm-js/1.11.1/animation-wasm-js-1.11.1.klib for the dependency org.jetbrains.compose.animation:animation-wasm-js:1.11.1
00:09.911 DEBUG :portfolio-in-compose-multiplatform:resolveDependenciesWasmJs DependencyFileImpl        Downloaded https://repo1.maven.org/maven2/org/jetbrains/kotlinx/kotlinx-browser-wasm-js/0.5.0/kotlinx-browser-wasm-js-0.5.0.klib for the dependency org.jetbrains.kotlinx:kotlinx-browser-wasm-js:0.5.0
00:09.914 DEBUG :portfolio-in-compose-multiplatform:resolveDependenciesWasmJs DependencyFileImpl        Downloaded https://repo1.maven.org/maven2/org/jetbrains/compose/runtime/runtime-saveable-wasm-js/1.11.1/runtime-saveable-wasm-js-1.11.1.klib for the dependency org.jetbrains.compose.runtime:runtime-saveable-wasm-js:1.11.1
00:09.915 DEBUG :portfolio-in-compose-multiplatform:resolveDependenciesWasmJs DependencyFileImpl        Downloaded https://repo1.maven.org/maven2/org/jetbrains/compose/ui/ui-util-wasm-js/1.11.1/ui-util-wasm-js-1.11.1.klib for the dependency org.jetbrains.compose.ui:ui-util-wasm-js:1.11.1
00:09.921 DEBUG :portfolio-in-compose-multiplatform:resolveDependenciesWasmJs DependencyFileImpl        Downloaded https://repo1.maven.org/maven2/org/jetbrains/compose/collection-internal/collection-wasm-js/1.10.0/collection-wasm-js-1.10.0.klib for the dependency org.jetbrains.compose.collection-internal:collection-wasm-js:1.10.0
00:09.922 DEBUG :portfolio-in-compose-multiplatform:resolveDependenciesWasmJs DependencyFileImpl        Downloaded https://repo1.maven.org/maven2/org/jetbrains/compose/foundation/foundation-wasm-js/1.11.1/foundation-wasm-js-1.11.1.klib for the dependency org.jetbrains.compose.foundation:foundation-wasm-js:1.11.1
00:09.923 DEBUG :portfolio-in-compose-multiplatform:resolveDependenciesWasmJs DependencyFileImpl        Downloaded https://repo1.maven.org/maven2/org/jetbrains/compose/material3/material3-wasm-js/1.11.0-alpha07/material3-wasm-js-1.11.0-alpha07.klib for the dependency org.jetbrains.compose.material3:material3-wasm-js:1.11.0-alpha07
00:09.923 DEBUG :portfolio-in-compose-multiplatform:resolveDependenciesWasmJs DependencyFileImpl        Downloaded https://repo1.maven.org/maven2/org/jetbrains/compose/foundation/foundation-layout-wasm-js/1.11.1/foundation-layout-wasm-js-1.11.1.klib for the dependency org.jetbrains.compose.foundation:foundation-layout-wasm-js:1.11.1
00:09.926 DEBUG :portfolio-in-compose-multiplatform:resolveDependenciesWasmJs DependencyFileImpl        Downloaded https://repo1.maven.org/maven2/org/jetbrains/androidx/lifecycle/lifecycle-runtime-wasm-js/2.9.6/lifecycle-runtime-wasm-js-2.9.6.klib for the dependency org.jetbrains.androidx.lifecycle:lifecycle-runtime-wasm-js:2.9.6
00:09.926 DEBUG :portfolio-in-compose-multiplatform:resolveDependenciesWasmJs DependencyFileImpl        Downloaded https://repo1.maven.org/maven2/org/jetbrains/compose/ui/ui-backhandler-wasm-js/1.11.1/ui-backhandler-wasm-js-1.11.1.klib for the dependency org.jetbrains.compose.ui:ui-backhandler-wasm-js:1.11.1
00:09.927 DEBUG :portfolio-in-compose-multiplatform:resolveDependenciesWasmJs DependencyFileImpl        Downloaded https://repo1.maven.org/maven2/org/jetbrains/androidx/lifecycle/lifecycle-viewmodel-wasm-js/2.9.6/lifecycle-viewmodel-wasm-js-2.9.6.klib for the dependency org.jetbrains.androidx.lifecycle:lifecycle-viewmodel-wasm-js:2.9.6
00:09.944 DEBUG :portfolio-in-compose-multiplatform:resolveDependenciesWasmJs DependencyFileImpl        Downloaded https://repo1.maven.org/maven2/org/jetbrains/androidx/savedstate/savedstate-compose-wasm-js/1.3.6/savedstate-compose-wasm-js-1.3.6.klib for the dependency org.jetbrains.androidx.savedstate:savedstate-compose-wasm-js:1.3.6
00:09.959 DEBUG :portfolio-in-compose-multiplatform:resolveDependenciesWasmJs DependencyFileImpl        Downloaded https://repo1.maven.org/maven2/org/jetbrains/androidx/lifecycle/lifecycle-common-wasm-js/2.9.6/lifecycle-common-wasm-js-2.9.6.klib for the dependency org.jetbrains.androidx.lifecycle:lifecycle-common-wasm-js:2.9.6
00:09.974 DEBUG :portfolio-in-compose-multiplatform:resolveDependenciesWasmJs DependencyFileImpl        Downloaded https://repo1.maven.org/maven2/org/jetbrains/compose/components/components-resources-wasmJs/1.11.1/components-resources-wasmJs-1.11.1.klib.sha512 for the dependency org.jetbrains.compose.components:components-resources-wasmJs:1.11.1
00:09.976 DEBUG :portfolio-in-compose-multiplatform:resolveDependenciesWasmJs DependencyFileImpl        Downloaded https://repo1.maven.org/maven2/org/jetbrains/kotlinx/kotlinx-coroutines-core-wasm-js/1.9.0/kotlinx-coroutines-core-wasm-js-1.9.0.klib for the dependency org.jetbrains.kotlinx:kotlinx-coroutines-core-wasm-js:1.9.0
00:09.979 DEBUG :portfolio-in-compose-multiplatform:resolveDependenciesWasmJs DependencyFileImpl        Downloaded https://repo1.maven.org/maven2/org/jetbrains/androidx/lifecycle/lifecycle-viewmodel-savedstate-wasm-js/2.9.6/lifecycle-viewmodel-savedstate-wasm-js-2.9.6.klib for the dependency org.jetbrains.androidx.lifecycle:lifecycle-viewmodel-savedstate-wasm-js:2.9.6
00:09.995 DEBUG :portfolio-in-compose-multiplatform:resolveDependenciesWasmJs DependencyFileImpl        Downloaded https://repo1.maven.org/maven2/org/jetbrains/skiko/skiko-js-wasm-runtime/0.144.6/skiko-js-wasm-runtime-0.144.6.jar.sha512 for the dependency org.jetbrains.skiko:skiko-js-wasm-runtime:0.144.6
00:10.005 DEBUG :portfolio-in-compose-multiplatform:resolveDependenciesWasmJs DependencyFileImpl        Not found URL: https://repo1.maven.org/maven2/androidx/savedstate/savedstate-wasm-js/1.4.0/savedstate-wasm-js-1.4.0.klib
00:10.006 DEBUG :portfolio-in-compose-multiplatform:resolveDependenciesWasmJs DependencyFileImpl        Downloaded https://maven.google.com/androidx/compose/runtime/runtime-wasm-js/1.11.2/runtime-wasm-js-1.11.2.klib for the dependency androidx.compose.runtime:runtime-wasm-js:1.11.2
00:10.007 DEBUG :portfolio-in-compose-multiplatform:resolveDependenciesWasmJs DependencyFileImpl        Not found URL: https://repo1.maven.org/maven2/androidx/lifecycle/lifecycle-runtime-compose-wasm-js/2.9.4/lifecycle-runtime-compose-wasm-js-2.9.4.klib
00:10.058 DEBUG :portfolio-in-compose-multiplatform:resolveDependenciesWasmJs DependencyFileImpl        Downloaded https://maven.google.com/androidx/lifecycle/lifecycle-viewmodel-savedstate-wasm-js/2.9.4/lifecycle-viewmodel-savedstate-wasm-js-2.9.4.klib for the dependency androidx.lifecycle:lifecycle-viewmodel-savedstate-wasm-js:2.9.4
00:10.062 DEBUG :portfolio-in-compose-multiplatform:resolveDependenciesWasmJs DependencyFileImpl        Not found URL: https://repo1.maven.org/maven2/androidx/compose/runtime/runtime-saveable-wasm-js/1.11.2/runtime-saveable-wasm-js-1.11.2.klib
00:10.064 DEBUG :portfolio-in-compose-multiplatform:resolveDependenciesWasmJs DependencyFileImpl        Not found URL: https://repo1.maven.org/maven2/androidx/lifecycle/lifecycle-runtime-wasm-js/2.9.4/lifecycle-runtime-wasm-js-2.9.4.klib
00:10.078 DEBUG :portfolio-in-compose-multiplatform:resolveDependenciesWasmJs DependencyFileImpl        Downloaded https://repo1.maven.org/maven2/org/jetbrains/compose/components/components-resources-wasmJs/1.11.1/components-resources-wasmJs-1.11.1.klib for the dependency org.jetbrains.compose.components:components-resources-wasmJs:1.11.1
00:10.103 DEBUG :portfolio-in-compose-multiplatform:resolveDependenciesWasmJs DependencyFileImpl        Downloaded https://repo1.maven.org/maven2/org/jetbrains/skiko/skiko-js-wasm-runtime/0.144.6/skiko-js-wasm-runtime-0.144.6.jar for the dependency org.jetbrains.skiko:skiko-js-wasm-runtime:0.144.6
00:10.104 DEBUG :portfolio-in-compose-multiplatform:resolveDependenciesWasmJs DependencyFileImpl        Downloaded https://maven.google.com/androidx/navigationevent/navigationevent-wasm-js/1.0.1/navigationevent-wasm-js-1.0.1.klib for the dependency androidx.navigationevent:navigationevent-wasm-js:1.0.1
00:10.117 DEBUG :portfolio-in-compose-multiplatform:resolveDependenciesWasmJs DependencyFileImpl        Downloaded https://maven.google.com/androidx/lifecycle/lifecycle-viewmodel-wasm-js/2.9.4/lifecycle-viewmodel-wasm-js-2.9.4.klib for the dependency androidx.lifecycle:lifecycle-viewmodel-wasm-js:2.9.4
00:10.129 DEBUG :portfolio-in-compose-multiplatform:resolveDependenciesWasmJs DependencyFileImpl        Downloaded https://maven.google.com/androidx/savedstate/savedstate-compose-wasm-js/1.4.0/savedstate-compose-wasm-js-1.4.0.klib for the dependency androidx.savedstate:savedstate-compose-wasm-js:1.4.0
00:10.133 DEBUG :portfolio-in-compose-multiplatform:resolveDependenciesWasmJs DependencyFileImpl        Not found URL: https://repo1.maven.org/maven2/androidx/compose/runtime/runtime-retain-wasm-js/1.11.2/runtime-retain-wasm-js-1.11.2.klib
00:10.139 DEBUG :portfolio-in-compose-multiplatform:resolveDependenciesWasmJs DependencyFileImpl        Downloaded https://maven.google.com/androidx/annotation/annotation-wasm-js/1.9.1/annotation-wasm-js-1.9.1.klib for the dependency androidx.annotation:annotation-wasm-js:1.9.1
00:10.152 DEBUG :portfolio-in-compose-multiplatform:resolveDependenciesWasmJs DependencyFileImpl        Downloaded https://maven.google.com/androidx/lifecycle/lifecycle-common-wasm-js/2.9.4/lifecycle-common-wasm-js-2.9.4.klib for the dependency androidx.lifecycle:lifecycle-common-wasm-js:2.9.4
00:10.191 DEBUG :portfolio-in-compose-multiplatform:resolveDependenciesWasmJs DependencyFileImpl        Downloaded https://maven.google.com/androidx/savedstate/savedstate-wasm-js/1.4.0/savedstate-wasm-js-1.4.0.klib for the dependency androidx.savedstate:savedstate-wasm-js:1.4.0
00:10.202 DEBUG :portfolio-in-compose-multiplatform:resolveDependenciesWasmJs DependencyFileImpl        Downloaded https://maven.google.com/androidx/compose/runtime/runtime-saveable-wasm-js/1.11.2/runtime-saveable-wasm-js-1.11.2.klib for the dependency androidx.compose.runtime:runtime-saveable-wasm-js:1.11.2
00:10.213 DEBUG :portfolio-in-compose-multiplatform:resolveDependenciesWasmJs DependencyFileImpl        Not found URL: https://repo1.maven.org/maven2/androidx/compose/runtime/runtime-annotation-wasm-js/1.11.2/runtime-annotation-wasm-js-1.11.2.klib
00:10.224 DEBUG :portfolio-in-compose-multiplatform:resolveDependenciesWasmJs DependencyFileImpl        Downloaded https://maven.google.com/androidx/lifecycle/lifecycle-runtime-compose-wasm-js/2.9.4/lifecycle-runtime-compose-wasm-js-2.9.4.klib for the dependency androidx.lifecycle:lifecycle-runtime-compose-wasm-js:2.9.4
00:10.232 DEBUG :portfolio-in-compose-multiplatform:resolveDependenciesWasmJs DependencyFileImpl        Downloaded https://maven.google.com/androidx/compose/runtime/runtime-retain-wasm-js/1.11.2/runtime-retain-wasm-js-1.11.2.klib for the dependency androidx.compose.runtime:runtime-retain-wasm-js:1.11.2
00:10.242 DEBUG :portfolio-in-compose-multiplatform:resolveDependenciesWasmJs DependencyFileImpl        Downloaded https://maven.google.com/androidx/lifecycle/lifecycle-runtime-wasm-js/2.9.4/lifecycle-runtime-wasm-js-2.9.4.klib for the dependency androidx.lifecycle:lifecycle-runtime-wasm-js:2.9.4
00:10.260 DEBUG :portfolio-in-compose-multiplatform:resolveDependenciesWasmJs DependencyFileImpl        Downloaded https://maven.google.com/androidx/collection/collection-wasm-js/1.5.0/collection-wasm-js-1.5.0.klib for the dependency androidx.collection:collection-wasm-js:1.5.0
00:10.271 DEBUG :portfolio-in-compose-multiplatform:resolveDependenciesWasmJs DependencyFileImpl        Downloaded https://repo1.maven.org/maven2/org/jetbrains/compose/ui/ui-wasm-js/1.11.1/ui-wasm-js-1.11.1.klib for the dependency org.jetbrains.compose.ui:ui-wasm-js:1.11.1
00:10.282 DEBUG :portfolio-in-compose-multiplatform:resolveDependenciesWasmJs DependencyFileImpl        Downloaded https://maven.google.com/androidx/compose/runtime/runtime-annotation-wasm-js/1.11.2/runtime-annotation-wasm-js-1.11.2.klib for the dependency androidx.compose.runtime:runtime-annotation-wasm-js:1.11.2
00:10.491 DEBUG :portfolio-in-compose-multiplatform:resolveDependenciesWasmJs IncrementalCache          [inc] '/home/runner/work/portfolio-in-compose-multiplatform/portfolio-in-compose-multiplatform,leaf platforms,false,ResolutionConfigPlain(scope=COMPILE, platforms=[JVM], repositoryUrls=[https://repo1.maven.org/maven2]),false,true,NETWORK' changes: '/home/runner/.cache/JetBrains/Kotlin/.m2.cache/org/jetbrains/compose/runtime/runtime-wasm-js/1.11.1/runtime-wasm-js-1.11.1.klib' CREATED, '/home/runner/.cache/JetBrains/Kotlin/.m2.cache/org/jetbrains/compose/foundation/foundation-wasm-js/1.11.1/foundation-wasm-js-1.11.1.klib' CREATED, '/home/runner/.cache/JetBrains/Kotlin/.m2.cache/org/jetbrains/compose/material3/material3-wasm-js/1.11.0-alpha07/material3-wasm-js-1.11.0-alpha07.klib' CREATED, '/home/runner/.cache/JetBrains/Kotlin/.m2.cache/org/jetbrains/compose/ui/ui-wasm-js/1.11.1/ui-wasm-js-1.11.1.klib' CREATED, '/home/runner/.cache/JetBrains/Kotlin/.m2.cache/org/jetbrains/compose/components/components-resources-wasmJs/1.11.1/components-resources-wasmJs-1.11.1.klib' CREATED, '/home/runner/.cache/JetBrains/Kotlin/.m2.cache/org/jetbrains/kotlin/kotlin-stdlib-wasm-js/2.4.10/kotlin-stdlib-wasm-js-2.4.10.klib' CREATED, '/home/runner/.cache/JetBrains/Kotlin/.m2.cache/org/jetbrains/skiko/skiko-js-wasm-runtime/0.144.6/skiko-js-wasm-runtime-0.144.6.jar' CREATED, '/home/runner/.cache/JetBrains/Kotlin/.m2.cache/org/jetbrains/skiko/skiko-wasm-js/0.144.6/skiko-wasm-js-0.144.6.klib' CREATED, '/home/runner/.cache/JetBrains/Kotlin/.m2.cache/androidx/compose/runtime/runtime-wasm-js/1.11.2/runtime-wasm-js-1.11.2.klib' CREATED, '/home/runner/.cache/JetBrains/Kotlin/.m2.cache/androidx/collection/collection-wasm-js/1.5.0/collection-wasm-js-1.5.0.klib' CREATED, '/home/runner/.cache/JetBrains/Kotlin/.m2.cache/org/jetbrains/compose/animation/animation-wasm-js/1.11.1/animation-wasm-js-1.11.1.klib' CREATED, '/home/runner/.cache/JetBrains/Kotlin/.m2.cache/androidx/graphics/graphics-shapes-wasm-js/1.1.0/graphics-shapes-wasm-js-1.1.0.klib' CREATED, '/home/runner/.cache/JetBrains/Kotlin/.m2.cache/org/jetbrains/compose/foundation/foundation-layout-wasm-js/1.11.1/foundation-layout-wasm-js-1.11.1.klib' CREATED, '/home/runner/.cache/JetBrains/Kotlin/.m2.cache/org/jetbrains/compose/material/material-ripple-wasm-js/1.11.0-beta03/material-ripple-wasm-js-1.11.0-beta03.klib' CREATED, '/home/runner/.cache/JetBrains/Kotlin/.m2.cache/org/jetbrains/compose/ui/ui-text-wasm-js/1.11.1/ui-text-wasm-js-1.11.1.klib' CREATED, '/home/runner/.cache/JetBrains/Kotlin/.m2.cache/androidx/annotation/annotation-wasm-js/1.9.1/annotation-wasm-js-1.9.1.klib' CREATED, '/home/runner/.cache/JetBrains/Kotlin/.m2.cache/androidx/compose/runtime/runtime-retain-wasm-js/1.11.2/runtime-retain-wasm-js-1.11.2.klib' CREATED, '/home/runner/.cache/JetBrains/Kotlin/.m2.cache/androidx/savedstate/savedstate-compose-wasm-js/1.4.0/savedstate-compose-wasm-js-1.4.0.klib' CREATED, '/home/runner/.cache/JetBrains/Kotlin/.m2.cache/org/jetbrains/androidx/lifecycle/lifecycle-runtime-compose-wasm-js/2.9.6/lifecycle-runtime-compose-wasm-js-2.9.6.klib' CREATED, '/home/runner/.cache/JetBrains/Kotlin/.m2.cache/org/jetbrains/compose/runtime/runtime-saveable-wasm-js/1.11.1/runtime-saveable-wasm-js-1.11.1.klib' CREATED, '/home/runner/.cache/JetBrains/Kotlin/.m2.cache/org/jetbrains/compose/ui/ui-geometry-wasm-js/1.11.1/ui-geometry-wasm-js-1.11.1.klib' CREATED, '/home/runner/.cache/JetBrains/Kotlin/.m2.cache/org/jetbrains/compose/ui/ui-graphics-wasm-js/1.11.1/ui-graphics-wasm-js-1.11.1.klib' CREATED, '/home/runner/.cache/JetBrains/Kotlin/.m2.cache/org/jetbrains/compose/ui/ui-unit-wasm-js/1.11.1/ui-unit-wasm-js-1.11.1.klib' CREATED, '/home/runner/.cache/JetBrains/Kotlin/.m2.cache/org/jetbrains/compose/ui/ui-util-wasm-js/1.11.1/ui-util-wasm-js-1.11.1.klib' CREATED, '/home/runner/.cache/JetBrains/Kotlin/.m2.cache/org/jetbrains/kotlinx/kotlinx-browser-wasm-js/0.5.0/kotlinx-browser-wasm-js-0.5.0.klib' CREATED, '/home/runner/.cache/JetBrains/Kotlin/.m2.cache/org/jetbrains/kotlinx/atomicfu-wasm-js/0.28.0/atomicfu-wasm-js-0.28.0.klib' CREATED, '/home/runner/.cache/JetBrains/Kotlin/.m2.cache/org/jetbrains/compose/animation/animation-core-wasm-js/1.11.1/animation-core-wasm-js-1.11.1.klib' CREATED, '/home/runner/.cache/JetBrains/Kotlin/.m2.cache/org/jetbrains/compose/ui/ui-backhandler-wasm-js/1.11.1/ui-backhandler-wasm-js-1.11.1.klib' CREATED, '/home/runner/.cache/JetBrains/Kotlin/.m2.cache/org/jetbrains/kotlinx/kotlinx-datetime-wasm-js/0.7.1/kotlinx-datetime-wasm-js-0.7.1.klib' CREATED, '/home/runner/.cache/JetBrains/Kotlin/.m2.cache/androidx/navigationevent/navigationevent-wasm-js/1.0.1/navigationevent-wasm-js-1.0.1.klib' CREATED, '/home/runner/.cache/JetBrains/Kotlin/.m2.cache/org/jetbrains/androidx/lifecycle/lifecycle-viewmodel-wasm-js/2.9.6/lifecycle-viewmodel-wasm-js-2.9.6.klib' CREATED, '/home/runner/.cache/JetBrains/Kotlin/.m2.cache/org/jetbrains/androidx/lifecycle/lifecycle-viewmodel-savedstate-wasm-js/2.9.6/lifecycle-viewmodel-savedstate-wasm-js-2.9.6.klib' CREATED, '/home/runner/.cache/JetBrains/Kotlin/.m2.cache/org/jetbrains/compose/annotation-internal/annotation-wasm-js/1.10.0/annotation-wasm-js-1.10.0.klib' CREATED, '/home/runner/.cache/JetBrains/Kotlin/.m2.cache/org/jetbrains/compose/collection-internal/collection-wasm-js/1.10.0/collection-wasm-js-1.10.0.klib' CREATED, '/home/runner/.cache/JetBrains/Kotlin/.m2.cache/org/jetbrains/kotlinx/kotlinx-coroutines-core-wasm-js/1.9.0/kotlinx-coroutines-core-wasm-js-1.9.0.klib' CREATED, '/home/runner/.cache/JetBrains/Kotlin/.m2.cache/androidx/compose/runtime/runtime-annotation-wasm-js/1.11.2/runtime-annotation-wasm-js-1.11.2.klib' CREATED, '/home/runner/.cache/JetBrains/Kotlin/.m2.cache/androidx/savedstate/savedstate-wasm-js/1.4.0/savedstate-wasm-js-1.4.0.klib' CREATED, '/home/runner/.cache/JetBrains/Kotlin/.m2.cache/androidx/lifecycle/lifecycle-runtime-compose-wasm-js/2.9.4/lifecycle-runtime-compose-wasm-js-2.9.4.klib' CREATED, '/home/runner/.cache/JetBrains/Kotlin/.m2.cache/org/jetbrains/androidx/lifecycle/lifecycle-runtime-wasm-js/2.9.6/lifecycle-runtime-wasm-js-2.9.6.klib' CREATED, '/home/runner/.cache/JetBrains/Kotlin/.m2.cache/androidx/compose/runtime/runtime-saveable-wasm-js/1.11.2/runtime-saveable-wasm-js-1.11.2.klib' CREATED, '/home/runner/.cache/JetBrains/Kotlin/.m2.cache/org/jetbrains/androidx/savedstate/savedstate-compose-wasm-js/1.3.6/savedstate-compose-wasm-js-1.3.6.klib' CREATED, '/home/runner/.cache/JetBrains/Kotlin/.m2.cache/org/jetbrains/kotlinx/kotlinx-serialization-core-wasm-js/1.7.3/kotlinx-serialization-core-wasm-js-1.7.3.klib' CREATED, '/home/runner/.cache/JetBrains/Kotlin/.m2.cache/org/jetbrains/androidx/lifecycle/lifecycle-common-wasm-js/2.9.6/lifecycle-common-wasm-js-2.9.6.klib' CREATED, '/home/runner/.cache/JetBrains/Kotlin/.m2.cache/androidx/lifecycle/lifecycle-viewmodel-wasm-js/2.9.4/lifecycle-viewmodel-wasm-js-2.9.4.klib' CREATED, '/home/runner/.cache/JetBrains/Kotlin/.m2.cache/androidx/lifecycle/lifecycle-viewmodel-savedstate-wasm-js/2.9.4/lifecycle-viewmodel-savedstate-wasm-js-2.9.4.klib' CREATED, '/home/runner/.cache/JetBrains/Kotlin/.m2.cache/org/jetbrains/androidx/savedstate/savedstate-wasm-js/1.3.6/savedstate-wasm-js-1.3.6.klib' CREATED, '/home/runner/.cache/JetBrains/Kotlin/.m2.cache/androidx/lifecycle/lifecycle-runtime-wasm-js/2.9.4/lifecycle-runtime-wasm-js-2.9.4.klib' CREATED, '/home/runner/.cache/JetBrains/Kotlin/.m2.cache/androidx/lifecycle/lifecycle-common-wasm-js/2.9.4/lifecycle-common-wasm-js-2.9.4.klib' CREATED
00:10.492 DEBUG :portfolio-in-compose-multiplatform:resolveDependenciesWasmJsTest IncrementalCache          [inc] '/home/runner/work/portfolio-in-compose-multiplatform/portfolio-in-compose-multiplatform,leaf platforms,true,ResolutionConfigPlain(scope=COMPILE, platforms=[JVM], repositoryUrls=[https://repo1.maven.org/maven2]),false,true,NETWORK' changes: '/home/runner/.cache/JetBrains/Kotlin/.m2.cache/org/jetbrains/compose/runtime/runtime-wasm-js/1.11.1/runtime-wasm-js-1.11.1.klib' CREATED, '/home/runner/.cache/JetBrains/Kotlin/.m2.cache/org/jetbrains/compose/foundation/foundation-wasm-js/1.11.1/foundation-wasm-js-1.11.1.klib' CREATED, '/home/runner/.cache/JetBrains/Kotlin/.m2.cache/org/jetbrains/compose/material3/material3-wasm-js/1.11.0-alpha07/material3-wasm-js-1.11.0-alpha07.klib' CREATED, '/home/runner/.cache/JetBrains/Kotlin/.m2.cache/org/jetbrains/compose/ui/ui-wasm-js/1.11.1/ui-wasm-js-1.11.1.klib' CREATED, '/home/runner/.cache/JetBrains/Kotlin/.m2.cache/org/jetbrains/compose/components/components-resources-wasmJs/1.11.1/components-resources-wasmJs-1.11.1.klib' CREATED, '/home/runner/.cache/JetBrains/Kotlin/.m2.cache/org/jetbrains/kotlin/kotlin-stdlib-wasm-js/2.4.10/kotlin-stdlib-wasm-js-2.4.10.klib' CREATED, '/home/runner/.cache/JetBrains/Kotlin/.m2.cache/org/jetbrains/kotlin/kotlin-test-wasm-js/2.4.10/kotlin-test-wasm-js-2.4.10.klib' CREATED, '/home/runner/.cache/JetBrains/Kotlin/.m2.cache/org/jetbrains/skiko/skiko-js-wasm-runtime/0.144.6/skiko-js-wasm-runtime-0.144.6.jar' CREATED, '/home/runner/.cache/JetBrains/Kotlin/.m2.cache/org/jetbrains/skiko/skiko-wasm-js/0.144.6/skiko-wasm-js-0.144.6.klib' CREATED, '/home/runner/.cache/JetBrains/Kotlin/.m2.cache/androidx/compose/runtime/runtime-wasm-js/1.11.2/runtime-wasm-js-1.11.2.klib' CREATED, '/home/runner/.cache/JetBrains/Kotlin/.m2.cache/androidx/collection/collection-wasm-js/1.5.0/collection-wasm-js-1.5.0.klib' CREATED, '/home/runner/.cache/JetBrains/Kotlin/.m2.cache/org/jetbrains/compose/animation/animation-wasm-js/1.11.1/animation-wasm-js-1.11.1.klib' CREATED, '/home/runner/.cache/JetBrains/Kotlin/.m2.cache/androidx/graphics/graphics-shapes-wasm-js/1.1.0/graphics-shapes-wasm-js-1.1.0.klib' CREATED, '/home/runner/.cache/JetBrains/Kotlin/.m2.cache/org/jetbrains/compose/foundation/foundation-layout-wasm-js/1.11.1/foundation-layout-wasm-js-1.11.1.klib' CREATED, '/home/runner/.cache/JetBrains/Kotlin/.m2.cache/org/jetbrains/compose/material/material-ripple-wasm-js/1.11.0-beta03/material-ripple-wasm-js-1.11.0-beta03.klib' CREATED, '/home/runner/.cache/JetBrains/Kotlin/.m2.cache/org/jetbrains/compose/ui/ui-text-wasm-js/1.11.1/ui-text-wasm-js-1.11.1.klib' CREATED, '/home/runner/.cache/JetBrains/Kotlin/.m2.cache/androidx/annotation/annotation-wasm-js/1.9.1/annotation-wasm-js-1.9.1.klib' CREATED, '/home/runner/.cache/JetBrains/Kotlin/.m2.cache/androidx/compose/runtime/runtime-retain-wasm-js/1.11.2/runtime-retain-wasm-js-1.11.2.klib' CREATED, '/home/runner/.cache/JetBrains/Kotlin/.m2.cache/androidx/savedstate/savedstate-compose-wasm-js/1.4.0/savedstate-compose-wasm-js-1.4.0.klib' CREATED, '/home/runner/.cache/JetBrains/Kotlin/.m2.cache/org/jetbrains/androidx/lifecycle/lifecycle-runtime-compose-wasm-js/2.9.6/lifecycle-runtime-compose-wasm-js-2.9.6.klib' CREATED, '/home/runner/.cache/JetBrains/Kotlin/.m2.cache/org/jetbrains/compose/runtime/runtime-saveable-wasm-js/1.11.1/runtime-saveable-wasm-js-1.11.1.klib' CREATED, '/home/runner/.cache/JetBrains/Kotlin/.m2.cache/org/jetbrains/compose/ui/ui-geometry-wasm-js/1.11.1/ui-geometry-wasm-js-1.11.1.klib' CREATED, '/home/runner/.cache/JetBrains/Kotlin/.m2.cache/org/jetbrains/compose/ui/ui-graphics-wasm-js/1.11.1/ui-graphics-wasm-js-1.11.1.klib' CREATED, '/home/runner/.cache/JetBrains/Kotlin/.m2.cache/org/jetbrains/compose/ui/ui-unit-wasm-js/1.11.1/ui-unit-wasm-js-1.11.1.klib' CREATED, '/home/runner/.cache/JetBrains/Kotlin/.m2.cache/org/jetbrains/compose/ui/ui-util-wasm-js/1.11.1/ui-util-wasm-js-1.11.1.klib' CREATED, '/home/runner/.cache/JetBrains/Kotlin/.m2.cache/org/jetbrains/kotlinx/kotlinx-browser-wasm-js/0.5.0/kotlinx-browser-wasm-js-0.5.0.klib' CREATED, '/home/runner/.cache/JetBrains/Kotlin/.m2.cache/org/jetbrains/kotlinx/atomicfu-wasm-js/0.28.0/atomicfu-wasm-js-0.28.0.klib' CREATED, '/home/runner/.cache/JetBrains/Kotlin/.m2.cache/org/jetbrains/compose/animation/animation-core-wasm-js/1.11.1/animation-core-wasm-js-1.11.1.klib' CREATED, '/home/runner/.cache/JetBrains/Kotlin/.m2.cache/org/jetbrains/compose/ui/ui-backhandler-wasm-js/1.11.1/ui-backhandler-wasm-js-1.11.1.klib' CREATED, '/home/runner/.cache/JetBrains/Kotlin/.m2.cache/org/jetbrains/kotlinx/kotlinx-datetime-wasm-js/0.7.1/kotlinx-datetime-wasm-js-0.7.1.klib' CREATED, '/home/runner/.cache/JetBrains/Kotlin/.m2.cache/androidx/navigationevent/navigationevent-wasm-js/1.0.1/navigationevent-wasm-js-1.0.1.klib' CREATED, '/home/runner/.cache/JetBrains/Kotlin/.m2.cache/org/jetbrains/androidx/lifecycle/lifecycle-viewmodel-wasm-js/2.9.6/lifecycle-viewmodel-wasm-js-2.9.6.klib' CREATED, '/home/runner/.cache/JetBrains/Kotlin/.m2.cache/org/jetbrains/androidx/lifecycle/lifecycle-viewmodel-savedstate-wasm-js/2.9.6/lifecycle-viewmodel-savedstate-wasm-js-2.9.6.klib' CREATED, '/home/runner/.cache/JetBrains/Kotlin/.m2.cache/org/jetbrains/compose/annotation-internal/annotation-wasm-js/1.10.0/annotation-wasm-js-1.10.0.klib' CREATED, '/home/runner/.cache/JetBrains/Kotlin/.m2.cache/org/jetbrains/compose/collection-internal/collection-wasm-js/1.10.0/collection-wasm-js-1.10.0.klib' CREATED, '/home/runner/.cache/JetBrains/Kotlin/.m2.cache/org/jetbrains/kotlinx/kotlinx-coroutines-core-wasm-js/1.9.0/kotlinx-coroutines-core-wasm-js-1.9.0.klib' CREATED, '/home/runner/.cache/JetBrains/Kotlin/.m2.cache/androidx/compose/runtime/runtime-annotation-wasm-js/1.11.2/runtime-annotation-wasm-js-1.11.2.klib' CREATED, '/home/runner/.cache/JetBrains/Kotlin/.m2.cache/androidx/savedstate/savedstate-wasm-js/1.4.0/savedstate-wasm-js-1.4.0.klib' CREATED, '/home/runner/.cache/JetBrains/Kotlin/.m2.cache/androidx/lifecycle/lifecycle-runtime-compose-wasm-js/2.9.4/lifecycle-runtime-compose-wasm-js-2.9.4.klib' CREATED, '/home/runner/.cache/JetBrains/Kotlin/.m2.cache/org/jetbrains/androidx/lifecycle/lifecycle-runtime-wasm-js/2.9.6/lifecycle-runtime-wasm-js-2.9.6.klib' CREATED, '/home/runner/.cache/JetBrains/Kotlin/.m2.cache/androidx/compose/runtime/runtime-saveable-wasm-js/1.11.2/runtime-saveable-wasm-js-1.11.2.klib' CREATED, '/home/runner/.cache/JetBrains/Kotlin/.m2.cache/org/jetbrains/androidx/savedstate/savedstate-compose-wasm-js/1.3.6/savedstate-compose-wasm-js-1.3.6.klib' CREATED, '/home/runner/.cache/JetBrains/Kotlin/.m2.cache/org/jetbrains/kotlinx/kotlinx-serialization-core-wasm-js/1.7.3/kotlinx-serialization-core-wasm-js-1.7.3.klib' CREATED, '/home/runner/.cache/JetBrains/Kotlin/.m2.cache/org/jetbrains/androidx/lifecycle/lifecycle-common-wasm-js/2.9.6/lifecycle-common-wasm-js-2.9.6.klib' CREATED, '/home/runner/.cache/JetBrains/Kotlin/.m2.cache/androidx/lifecycle/lifecycle-viewmodel-wasm-js/2.9.4/lifecycle-viewmodel-wasm-js-2.9.4.klib' CREATED, '/home/runner/.cache/JetBrains/Kotlin/.m2.cache/androidx/lifecycle/lifecycle-viewmodel-savedstate-wasm-js/2.9.4/lifecycle-viewmodel-savedstate-wasm-js-2.9.4.klib' CREATED, '/home/runner/.cache/JetBrains/Kotlin/.m2.cache/org/jetbrains/androidx/savedstate/savedstate-wasm-js/1.3.6/savedstate-wasm-js-1.3.6.klib' CREATED, '/home/runner/.cache/JetBrains/Kotlin/.m2.cache/androidx/lifecycle/lifecycle-runtime-wasm-js/2.9.4/lifecycle-runtime-wasm-js-2.9.4.klib' CREATED, '/home/runner/.cache/JetBrains/Kotlin/.m2.cache/androidx/lifecycle/lifecycle-common-wasm-js/2.9.4/lifecycle-common-wasm-js-2.9.4.klib' CREATED
00:10.511 DEBUG :portfolio-in-compose-multiplatform:resolveDependenciesWasmJs IncrementalCache          [inc] 'portfolio-in-compose-multiplatform:wasmJs:main' changes: '/home/runner/.cache/JetBrains/Kotlin/.m2.cache/androidx/annotation/annotation-wasm-js/1.9.1/annotation-wasm-js-1.9.1.klib' CREATED, '/home/runner/.cache/JetBrains/Kotlin/.m2.cache/androidx/collection/collection-wasm-js/1.5.0/collection-wasm-js-1.5.0.klib' CREATED, '/home/runner/.cache/JetBrains/Kotlin/.m2.cache/androidx/compose/runtime/runtime-annotation-wasm-js/1.11.2/runtime-annotation-wasm-js-1.11.2.klib' CREATED, '/home/runner/.cache/JetBrains/Kotlin/.m2.cache/androidx/compose/runtime/runtime-retain-wasm-js/1.11.2/runtime-retain-wasm-js-1.11.2.klib' CREATED, '/home/runner/.cache/JetBrains/Kotlin/.m2.cache/androidx/compose/runtime/runtime-saveable-wasm-js/1.11.2/runtime-saveable-wasm-js-1.11.2.klib' CREATED, '/home/runner/.cache/JetBrains/Kotlin/.m2.cache/androidx/compose/runtime/runtime-wasm-js/1.11.2/runtime-wasm-js-1.11.2.klib' CREATED, '/home/runner/.cache/JetBrains/Kotlin/.m2.cache/androidx/graphics/graphics-shapes-wasm-js/1.1.0/graphics-shapes-wasm-js-1.1.0.klib' CREATED, '/home/runner/.cache/JetBrains/Kotlin/.m2.cache/androidx/lifecycle/lifecycle-common-wasm-js/2.9.4/lifecycle-common-wasm-js-2.9.4.klib' CREATED, '/home/runner/.cache/JetBrains/Kotlin/.m2.cache/androidx/lifecycle/lifecycle-runtime-compose-wasm-js/2.9.4/lifecycle-runtime-compose-wasm-js-2.9.4.klib' CREATED, '/home/runner/.cache/JetBrains/Kotlin/.m2.cache/androidx/lifecycle/lifecycle-runtime-wasm-js/2.9.4/lifecycle-runtime-wasm-js-2.9.4.klib' CREATED, '/home/runner/.cache/JetBrains/Kotlin/.m2.cache/androidx/lifecycle/lifecycle-viewmodel-savedstate-wasm-js/2.9.4/lifecycle-viewmodel-savedstate-wasm-js-2.9.4.klib' CREATED, '/home/runner/.cache/JetBrains/Kotlin/.m2.cache/androidx/lifecycle/lifecycle-viewmodel-wasm-js/2.9.4/lifecycle-viewmodel-wasm-js-2.9.4.klib' CREATED, '/home/runner/.cache/JetBrains/Kotlin/.m2.cache/androidx/navigationevent/navigationevent-wasm-js/1.0.1/navigationevent-wasm-js-1.0.1.klib' CREATED, '/home/runner/.cache/JetBrains/Kotlin/.m2.cache/androidx/savedstate/savedstate-compose-wasm-js/1.4.0/savedstate-compose-wasm-js-1.4.0.klib' CREATED, '/home/runner/.cache/JetBrains/Kotlin/.m2.cache/androidx/savedstate/savedstate-wasm-js/1.4.0/savedstate-wasm-js-1.4.0.klib' CREATED, '/home/runner/.cache/JetBrains/Kotlin/.m2.cache/org/jetbrains/androidx/lifecycle/lifecycle-common-wasm-js/2.9.6/lifecycle-common-wasm-js-2.9.6.klib' CREATED, '/home/runner/.cache/JetBrains/Kotlin/.m2.cache/org/jetbrains/androidx/lifecycle/lifecycle-runtime-compose-wasm-js/2.9.6/lifecycle-runtime-compose-wasm-js-2.9.6.klib' CREATED, '/home/runner/.cache/JetBrains/Kotlin/.m2.cache/org/jetbrains/androidx/lifecycle/lifecycle-runtime-wasm-js/2.9.6/lifecycle-runtime-wasm-js-2.9.6.klib' CREATED, '/home/runner/.cache/JetBrains/Kotlin/.m2.cache/org/jetbrains/androidx/lifecycle/lifecycle-viewmodel-savedstate-wasm-js/2.9.6/lifecycle-viewmodel-savedstate-wasm-js-2.9.6.klib' CREATED, '/home/runner/.cache/JetBrains/Kotlin/.m2.cache/org/jetbrains/androidx/lifecycle/lifecycle-viewmodel-wasm-js/2.9.6/lifecycle-viewmodel-wasm-js-2.9.6.klib' CREATED, '/home/runner/.cache/JetBrains/Kotlin/.m2.cache/org/jetbrains/androidx/savedstate/savedstate-compose-wasm-js/1.3.6/savedstate-compose-wasm-js-1.3.6.klib' CREATED, '/home/runner/.cache/JetBrains/Kotlin/.m2.cache/org/jetbrains/androidx/savedstate/savedstate-wasm-js/1.3.6/savedstate-wasm-js-1.3.6.klib' CREATED, '/home/runner/.cache/JetBrains/Kotlin/.m2.cache/org/jetbrains/compose/animation/animation-core-wasm-js/1.11.1/animation-core-wasm-js-1.11.1.klib' CREATED, '/home/runner/.cache/JetBrains/Kotlin/.m2.cache/org/jetbrains/compose/animation/animation-wasm-js/1.11.1/animation-wasm-js-1.11.1.klib' CREATED, '/home/runner/.cache/JetBrains/Kotlin/.m2.cache/org/jetbrains/compose/annotation-internal/annotation-wasm-js/1.10.0/annotation-wasm-js-1.10.0.klib' CREATED, '/home/runner/.cache/JetBrains/Kotlin/.m2.cache/org/jetbrains/compose/collection-internal/collection-wasm-js/1.10.0/collection-wasm-js-1.10.0.klib' CREATED, '/home/runner/.cache/JetBrains/Kotlin/.m2.cache/org/jetbrains/compose/components/components-resources-wasmJs/1.11.1/components-resources-wasmJs-1.11.1.klib' CREATED, '/home/runner/.cache/JetBrains/Kotlin/.m2.cache/org/jetbrains/compose/foundation/foundation-layout-wasm-js/1.11.1/foundation-layout-wasm-js-1.11.1.klib' CREATED, '/home/runner/.cache/JetBrains/Kotlin/.m2.cache/org/jetbrains/compose/foundation/foundation-wasm-js/1.11.1/foundation-wasm-js-1.11.1.klib' CREATED, '/home/runner/.cache/JetBrains/Kotlin/.m2.cache/org/jetbrains/compose/material/material-ripple-wasm-js/1.11.0-beta03/material-ripple-wasm-js-1.11.0-beta03.klib' CREATED, '/home/runner/.cache/JetBrains/Kotlin/.m2.cache/org/jetbrains/compose/material3/material3-wasm-js/1.11.0-alpha07/material3-wasm-js-1.11.0-alpha07.klib' CREATED, '/home/runner/.cache/JetBrains/Kotlin/.m2.cache/org/jetbrains/compose/runtime/runtime-saveable-wasm-js/1.11.1/runtime-saveable-wasm-js-1.11.1.klib' CREATED, '/home/runner/.cache/JetBrains/Kotlin/.m2.cache/org/jetbrains/compose/runtime/runtime-wasm-js/1.11.1/runtime-wasm-js-1.11.1.klib' CREATED, '/home/runner/.cache/JetBrains/Kotlin/.m2.cache/org/jetbrains/compose/ui/ui-backhandler-wasm-js/1.11.1/ui-backhandler-wasm-js-1.11.1.klib' CREATED, '/home/runner/.cache/JetBrains/Kotlin/.m2.cache/org/jetbrains/compose/ui/ui-geometry-wasm-js/1.11.1/ui-geometry-wasm-js-1.11.1.klib' CREATED, '/home/runner/.cache/JetBrains/Kotlin/.m2.cache/org/jetbrains/compose/ui/ui-graphics-wasm-js/1.11.1/ui-graphics-wasm-js-1.11.1.klib' CREATED, '/home/runner/.cache/JetBrains/Kotlin/.m2.cache/org/jetbrains/compose/ui/ui-text-wasm-js/1.11.1/ui-text-wasm-js-1.11.1.klib' CREATED, '/home/runner/.cache/JetBrains/Kotlin/.m2.cache/org/jetbrains/compose/ui/ui-unit-wasm-js/1.11.1/ui-unit-wasm-js-1.11.1.klib' CREATED, '/home/runner/.cache/JetBrains/Kotlin/.m2.cache/org/jetbrains/compose/ui/ui-util-wasm-js/1.11.1/ui-util-wasm-js-1.11.1.klib' CREATED, '/home/runner/.cache/JetBrains/Kotlin/.m2.cache/org/jetbrains/compose/ui/ui-wasm-js/1.11.1/ui-wasm-js-1.11.1.klib' CREATED, '/home/runner/.cache/JetBrains/Kotlin/.m2.cache/org/jetbrains/kotlin/kotlin-stdlib-wasm-js/2.4.10/kotlin-stdlib-wasm-js-2.4.10.klib' CREATED, '/home/runner/.cache/JetBrains/Kotlin/.m2.cache/org/jetbrains/kotlinx/atomicfu-wasm-js/0.28.0/atomicfu-wasm-js-0.28.0.klib' CREATED, '/home/runner/.cache/JetBrains/Kotlin/.m2.cache/org/jetbrains/kotlinx/kotlinx-browser-wasm-js/0.5.0/kotlinx-browser-wasm-js-0.5.0.klib' CREATED, '/home/runner/.cache/JetBrains/Kotlin/.m2.cache/org/jetbrains/kotlinx/kotlinx-coroutines-core-wasm-js/1.9.0/kotlinx-coroutines-core-wasm-js-1.9.0.klib' CREATED, '/home/runner/.cache/JetBrains/Kotlin/.m2.cache/org/jetbrains/kotlinx/kotlinx-datetime-wasm-js/0.7.1/kotlinx-datetime-wasm-js-0.7.1.klib' CREATED, '/home/runner/.cache/JetBrains/Kotlin/.m2.cache/org/jetbrains/kotlinx/kotlinx-serialization-core-wasm-js/1.7.3/kotlinx-serialization-core-wasm-js-1.7.3.klib' CREATED, '/home/runner/.cache/JetBrains/Kotlin/.m2.cache/org/jetbrains/skiko/skiko-js-wasm-runtime/0.144.6/skiko-js-wasm-runtime-0.144.6.jar' CREATED, '/home/runner/.cache/JetBrains/Kotlin/.m2.cache/org/jetbrains/skiko/skiko-wasm-js/0.144.6/skiko-wasm-js-0.144.6.klib' CREATED
00:10.513 DEBUG :portfolio-in-compose-multiplatform:resolveDependenciesWasmJs ResolveExternalDependenciesTask$Companion resolve dependencies portfolio-in-compose-multiplatform -- common wasmJs web -- org.jetbrains.compose.components:components-resources:1.11.1 org.jetbrains.compose.foundation:foundation:1.11.1 org.jetbrains.compose.material3:material3:1.11.0-alpha07 org.jetbrains.compose.runtime:runtime:1.11.1 org.jetbrains.compose.ui:ui:1.11.1 org.jetbrains.kotlin:kotlin-stdlib:2.4.10 -- resolvePlatform=WASM_JS nativeTarget=null
wasmTarget=js
https://repo1.maven.org/maven2 https://maven.google.com resolved to:
  .m2.cache/org/jetbrains/compose/runtime/runtime-wasm-js/1.11.1/runtime-wasm-js-1.11.1.klib
  .m2.cache/org/jetbrains/compose/foundation/foundation-wasm-js/1.11.1/foundation-wasm-js-1.11.1.klib
  .m2.cache/org/jetbrains/compose/material3/material3-wasm-js/1.11.0-alpha07/material3-wasm-js-1.11.0-alpha07.klib
  .m2.cache/org/jetbrains/compose/ui/ui-wasm-js/1.11.1/ui-wasm-js-1.11.1.klib
  .m2.cache/org/jetbrains/compose/components/components-resources-wasmJs/1.11.1/components-resources-wasmJs-1.11.1.klib
  .m2.cache/org/jetbrains/kotlin/kotlin-stdlib-wasm-js/2.4.10/kotlin-stdlib-wasm-js-2.4.10.klib
  .m2.cache/androidx/compose/runtime/runtime-wasm-js/1.11.2/runtime-wasm-js-1.11.2.klib
  .m2.cache/androidx/collection/collection-wasm-js/1.5.0/collection-wasm-js-1.5.0.klib
  .m2.cache/org/jetbrains/compose/animation/animation-wasm-js/1.11.1/animation-wasm-js-1.11.1.klib
  .m2.cache/org/jetbrains/skiko/skiko-wasm-js/0.144.6/skiko-wasm-js-0.144.6.klib
  .m2.cache/androidx/graphics/graphics-shapes-wasm-js/1.1.0/graphics-shapes-wasm-js-1.1.0.klib
  .m2.cache/org/jetbrains/compose/foundation/foundation-layout-wasm-js/1.11.1/foundation-layout-wasm-js-1.11.1.klib
  .m2.cache/org/jetbrains/compose/material/material-ripple-wasm-js/1.11.0-beta03/material-ripple-wasm-js-1.11.0-beta03.klib
  .m2.cache/org/jetbrains/compose/ui/ui-text-wasm-js/1.11.1/ui-text-wasm-js-1.11.1.klib
  .m2.cache/androidx/annotation/annotation-wasm-js/1.9.1/annotation-wasm-js-1.9.1.klib
  .m2.cache/androidx/compose/runtime/runtime-retain-wasm-js/1.11.2/runtime-retain-wasm-js-1.11.2.klib
  .m2.cache/androidx/savedstate/savedstate-compose-wasm-js/1.4.0/savedstate-compose-wasm-js-1.4.0.klib
  .m2.cache/org/jetbrains/androidx/lifecycle/lifecycle-runtime-compose-wasm-js/2.9.6/lifecycle-runtime-compose-wasm-js-2.9.6.klib
  .m2.cache/org/jetbrains/compose/runtime/runtime-saveable-wasm-js/1.11.1/runtime-saveable-wasm-js-1.11.1.klib
  .m2.cache/org/jetbrains/compose/ui/ui-geometry-wasm-js/1.11.1/ui-geometry-wasm-js-1.11.1.klib
  .m2.cache/org/jetbrains/compose/ui/ui-graphics-wasm-js/1.11.1/ui-graphics-wasm-js-1.11.1.klib
  .m2.cache/org/jetbrains/compose/ui/ui-unit-wasm-js/1.11.1/ui-unit-wasm-js-1.11.1.klib
  .m2.cache/org/jetbrains/compose/ui/ui-util-wasm-js/1.11.1/ui-util-wasm-js-1.11.1.klib
  .m2.cache/org/jetbrains/kotlinx/kotlinx-browser-wasm-js/0.5.0/kotlinx-browser-wasm-js-0.5.0.klib
  .m2.cache/androidx/compose/runtime/runtime-annotation-wasm-js/1.11.2/runtime-annotation-wasm-js-1.11.2.klib
  .m2.cache/org/jetbrains/kotlinx/kotlinx-coroutines-core-wasm-js/1.9.0/kotlinx-coroutines-core-wasm-js-1.9.0.klib
  .m2.cache/org/jetbrains/compose/animation/animation-core-wasm-js/1.11.1/animation-core-wasm-js-1.11.1.klib
  .m2.cache/androidx/savedstate/savedstate-wasm-js/1.4.0/savedstate-wasm-js-1.4.0.klib
  .m2.cache/androidx/lifecycle/lifecycle-runtime-compose-wasm-js/2.9.4/lifecycle-runtime-compose-wasm-js-2.9.4.klib
  .m2.cache/org/jetbrains/androidx/lifecycle/lifecycle-runtime-wasm-js/2.9.6/lifecycle-runtime-wasm-js-2.9.6.klib
  .m2.cache/androidx/compose/runtime/runtime-saveable-wasm-js/1.11.2/runtime-saveable-wasm-js-1.11.2.klib
  .m2.cache/org/jetbrains/androidx/savedstate/savedstate-compose-wasm-js/1.3.6/savedstate-compose-wasm-js-1.3.6.klib
  .m2.cache/org/jetbrains/kotlinx/atomicfu-wasm-js/0.28.0/atomicfu-wasm-js-0.28.0.klib
  .m2.cache/org/jetbrains/kotlinx/kotlinx-serialization-core-wasm-js/1.7.3/kotlinx-serialization-core-wasm-js-1.7.3.klib
  .m2.cache/androidx/lifecycle/lifecycle-runtime-wasm-js/2.9.4/lifecycle-runtime-wasm-js-2.9.4.klib
  .m2.cache/org/jetbrains/androidx/lifecycle/lifecycle-common-wasm-js/2.9.6/lifecycle-common-wasm-js-2.9.6.klib
  .m2.cache/org/jetbrains/androidx/savedstate/savedstate-wasm-js/1.3.6/savedstate-wasm-js-1.3.6.klib
  .m2.cache/androidx/lifecycle/lifecycle-common-wasm-js/2.9.4/lifecycle-common-wasm-js-2.9.4.klib
00:10.514 DEBUG :portfolio-in-compose-multiplatform:compileWasmJs WebCompileKlibTask        WASM_JS compile portfolio-in-compose-multiplatform -- collected external dependencies

00:10.515 DEBUG :portfolio-in-compose-multiplatform:npmInstallWasmJs StateKt                   [inc] state file is missing or empty at '/home/runner/work/portfolio-in-compose-multiplatform/portfolio-in-compose-multiplatform/build/incremental.state/_portfolio-in-compose-multiplatform_npmInstallWasm-49daf76378' -> cache miss
00:10.516 DEBUG :portfolio-in-compose-multiplatform:npmInstallWasmJs IncrementalCache          [inc] building ':portfolio-in-compose-multiplatform:npmInstallWasmJs-extract-npm-dependencies'
00:10.518 DEBUG :portfolio-in-compose-multiplatform:resolveDependenciesWasmJsTest IncrementalCache          [inc] 'portfolio-in-compose-multiplatform:wasmJs:test' changes: '/home/runner/.cache/JetBrains/Kotlin/.m2.cache/androidx/annotation/annotation-wasm-js/1.9.1/annotation-wasm-js-1.9.1.klib' CREATED, '/home/runner/.cache/JetBrains/Kotlin/.m2.cache/androidx/collection/collection-wasm-js/1.5.0/collection-wasm-js-1.5.0.klib' CREATED, '/home/runner/.cache/JetBrains/Kotlin/.m2.cache/androidx/compose/runtime/runtime-annotation-wasm-js/1.11.2/runtime-annotation-wasm-js-1.11.2.klib' CREATED, '/home/runner/.cache/JetBrains/Kotlin/.m2.cache/androidx/compose/runtime/runtime-retain-wasm-js/1.11.2/runtime-retain-wasm-js-1.11.2.klib' CREATED, '/home/runner/.cache/JetBrains/Kotlin/.m2.cache/androidx/compose/runtime/runtime-saveable-wasm-js/1.11.2/runtime-saveable-wasm-js-1.11.2.klib' CREATED, '/home/runner/.cache/JetBrains/Kotlin/.m2.cache/androidx/compose/runtime/runtime-wasm-js/1.11.2/runtime-wasm-js-1.11.2.klib' CREATED, '/home/runner/.cache/JetBrains/Kotlin/.m2.cache/androidx/graphics/graphics-shapes-wasm-js/1.1.0/graphics-shapes-wasm-js-1.1.0.klib' CREATED, '/home/runner/.cache/JetBrains/Kotlin/.m2.cache/androidx/lifecycle/lifecycle-common-wasm-js/2.9.4/lifecycle-common-wasm-js-2.9.4.klib' CREATED, '/home/runner/.cache/JetBrains/Kotlin/.m2.cache/androidx/lifecycle/lifecycle-runtime-compose-wasm-js/2.9.4/lifecycle-runtime-compose-wasm-js-2.9.4.klib' CREATED, '/home/runner/.cache/JetBrains/Kotlin/.m2.cache/androidx/lifecycle/lifecycle-runtime-wasm-js/2.9.4/lifecycle-runtime-wasm-js-2.9.4.klib' CREATED, '/home/runner/.cache/JetBrains/Kotlin/.m2.cache/androidx/lifecycle/lifecycle-viewmodel-savedstate-wasm-js/2.9.4/lifecycle-viewmodel-savedstate-wasm-js-2.9.4.klib' CREATED, '/home/runner/.cache/JetBrains/Kotlin/.m2.cache/androidx/lifecycle/lifecycle-viewmodel-wasm-js/2.9.4/lifecycle-viewmodel-wasm-js-2.9.4.klib' CREATED, '/home/runner/.cache/JetBrains/Kotlin/.m2.cache/androidx/navigationevent/navigationevent-wasm-js/1.0.1/navigationevent-wasm-js-1.0.1.klib' CREATED, '/home/runner/.cache/JetBrains/Kotlin/.m2.cache/androidx/savedstate/savedstate-compose-wasm-js/1.4.0/savedstate-compose-wasm-js-1.4.0.klib' CREATED, '/home/runner/.cache/JetBrains/Kotlin/.m2.cache/androidx/savedstate/savedstate-wasm-js/1.4.0/savedstate-wasm-js-1.4.0.klib' CREATED, '/home/runner/.cache/JetBrains/Kotlin/.m2.cache/org/jetbrains/androidx/lifecycle/lifecycle-common-wasm-js/2.9.6/lifecycle-common-wasm-js-2.9.6.klib' CREATED, '/home/runner/.cache/JetBrains/Kotlin/.m2.cache/org/jetbrains/androidx/lifecycle/lifecycle-runtime-compose-wasm-js/2.9.6/lifecycle-runtime-compose-wasm-js-2.9.6.klib' CREATED, '/home/runner/.cache/JetBrains/Kotlin/.m2.cache/org/jetbrains/androidx/lifecycle/lifecycle-runtime-wasm-js/2.9.6/lifecycle-runtime-wasm-js-2.9.6.klib' CREATED, '/home/runner/.cache/JetBrains/Kotlin/.m2.cache/org/jetbrains/androidx/lifecycle/lifecycle-viewmodel-savedstate-wasm-js/2.9.6/lifecycle-viewmodel-savedstate-wasm-js-2.9.6.klib' CREATED, '/home/runner/.cache/JetBrains/Kotlin/.m2.cache/org/jetbrains/androidx/lifecycle/lifecycle-viewmodel-wasm-js/2.9.6/lifecycle-viewmodel-wasm-js-2.9.6.klib' CREATED, '/home/runner/.cache/JetBrains/Kotlin/.m2.cache/org/jetbrains/androidx/savedstate/savedstate-compose-wasm-js/1.3.6/savedstate-compose-wasm-js-1.3.6.klib' CREATED, '/home/runner/.cache/JetBrains/Kotlin/.m2.cache/org/jetbrains/androidx/savedstate/savedstate-wasm-js/1.3.6/savedstate-wasm-js-1.3.6.klib' CREATED, '/home/runner/.cache/JetBrains/Kotlin/.m2.cache/org/jetbrains/compose/animation/animation-core-wasm-js/1.11.1/animation-core-wasm-js-1.11.1.klib' CREATED, '/home/runner/.cache/JetBrains/Kotlin/.m2.cache/org/jetbrains/compose/animation/animation-wasm-js/1.11.1/animation-wasm-js-1.11.1.klib' CREATED, '/home/runner/.cache/JetBrains/Kotlin/.m2.cache/org/jetbrains/compose/annotation-internal/annotation-wasm-js/1.10.0/annotation-wasm-js-1.10.0.klib' CREATED, '/home/runner/.cache/JetBrains/Kotlin/.m2.cache/org/jetbrains/compose/collection-internal/collection-wasm-js/1.10.0/collection-wasm-js-1.10.0.klib' CREATED, '/home/runner/.cache/JetBrains/Kotlin/.m2.cache/org/jetbrains/compose/components/components-resources-wasmJs/1.11.1/components-resources-wasmJs-1.11.1.klib' CREATED, '/home/runner/.cache/JetBrains/Kotlin/.m2.cache/org/jetbrains/compose/foundation/foundation-layout-wasm-js/1.11.1/foundation-layout-wasm-js-1.11.1.klib' CREATED, '/home/runner/.cache/JetBrains/Kotlin/.m2.cache/org/jetbrains/compose/foundation/foundation-wasm-js/1.11.1/foundation-wasm-js-1.11.1.klib' CREATED, '/home/runner/.cache/JetBrains/Kotlin/.m2.cache/org/jetbrains/compose/material/material-ripple-wasm-js/1.11.0-beta03/material-ripple-wasm-js-1.11.0-beta03.klib' CREATED, '/home/runner/.cache/JetBrains/Kotlin/.m2.cache/org/jetbrains/compose/material3/material3-wasm-js/1.11.0-alpha07/material3-wasm-js-1.11.0-alpha07.klib' CREATED, '/home/runner/.cache/JetBrains/Kotlin/.m2.cache/org/jetbrains/compose/runtime/runtime-saveable-wasm-js/1.11.1/runtime-saveable-wasm-js-1.11.1.klib' CREATED, '/home/runner/.cache/JetBrains/Kotlin/.m2.cache/org/jetbrains/compose/runtime/runtime-wasm-js/1.11.1/runtime-wasm-js-1.11.1.klib' CREATED, '/home/runner/.cache/JetBrains/Kotlin/.m2.cache/org/jetbrains/compose/ui/ui-backhandler-wasm-js/1.11.1/ui-backhandler-wasm-js-1.11.1.klib' CREATED, '/home/runner/.cache/JetBrains/Kotlin/.m2.cache/org/jetbrains/compose/ui/ui-geometry-wasm-js/1.11.1/ui-geometry-wasm-js-1.11.1.klib' CREATED, '/home/runner/.cache/JetBrains/Kotlin/.m2.cache/org/jetbrains/compose/ui/ui-graphics-wasm-js/1.11.1/ui-graphics-wasm-js-1.11.1.klib' CREATED, '/home/runner/.cache/JetBrains/Kotlin/.m2.cache/org/jetbrains/compose/ui/ui-text-wasm-js/1.11.1/ui-text-wasm-js-1.11.1.klib' CREATED, '/home/runner/.cache/JetBrains/Kotlin/.m2.cache/org/jetbrains/compose/ui/ui-unit-wasm-js/1.11.1/ui-unit-wasm-js-1.11.1.klib' CREATED, '/home/runner/.cache/JetBrains/Kotlin/.m2.cache/org/jetbrains/compose/ui/ui-util-wasm-js/1.11.1/ui-util-wasm-js-1.11.1.klib' CREATED, '/home/runner/.cache/JetBrains/Kotlin/.m2.cache/org/jetbrains/compose/ui/ui-wasm-js/1.11.1/ui-wasm-js-1.11.1.klib' CREATED, '/home/runner/.cache/JetBrains/Kotlin/.m2.cache/org/jetbrains/kotlin/kotlin-stdlib-wasm-js/2.4.10/kotlin-stdlib-wasm-js-2.4.10.klib' CREATED, '/home/runner/.cache/JetBrains/Kotlin/.m2.cache/org/jetbrains/kotlin/kotlin-test-wasm-js/2.4.10/kotlin-test-wasm-js-2.4.10.klib' CREATED, '/home/runner/.cache/JetBrains/Kotlin/.m2.cache/org/jetbrains/kotlinx/atomicfu-wasm-js/0.28.0/atomicfu-wasm-js-0.28.0.klib' CREATED, '/home/runner/.cache/JetBrains/Kotlin/.m2.cache/org/jetbrains/kotlinx/kotlinx-browser-wasm-js/0.5.0/kotlinx-browser-wasm-js-0.5.0.klib' CREATED, '/home/runner/.cache/JetBrains/Kotlin/.m2.cache/org/jetbrains/kotlinx/kotlinx-coroutines-core-wasm-js/1.9.0/kotlinx-coroutines-core-wasm-js-1.9.0.klib' CREATED, '/home/runner/.cache/JetBrains/Kotlin/.m2.cache/org/jetbrains/kotlinx/kotlinx-datetime-wasm-js/0.7.1/kotlinx-datetime-wasm-js-0.7.1.klib' CREATED, '/home/runner/.cache/JetBrains/Kotlin/.m2.cache/org/jetbrains/kotlinx/kotlinx-serialization-core-wasm-js/1.7.3/kotlinx-serialization-core-wasm-js-1.7.3.klib' CREATED, '/home/runner/.cache/JetBrains/Kotlin/.m2.cache/org/jetbrains/skiko/skiko-js-wasm-runtime/0.144.6/skiko-js-wasm-runtime-0.144.6.jar' CREATED, '/home/runner/.cache/JetBrains/Kotlin/.m2.cache/org/jetbrains/skiko/skiko-wasm-js/0.144.6/skiko-wasm-js-0.144.6.klib' CREATED
00:10.518 DEBUG :portfolio-in-compose-multiplatform:resolveDependenciesWasmJsTest ResolveExternalDependenciesTask$Companion resolve dependencies portfolio-in-compose-multiplatform -- commonTest wasmJsTest webTest -- org.jetbrains.compose.components:components-resources:1.11.1 org.jetbrains.compose.foundation:foundation:1.11.1 org.jetbrains.compose.material3:material3:1.11.0-alpha07 org.jetbrains.compose.runtime:runtime:1.11.1 org.jetbrains.compose.ui:ui:1.11.1 org.jetbrains.kotlin:kotlin-stdlib:2.4.10 org.jetbrains.kotlin:kotlin-test-annotations-common:2.4.10 org.jetbrains.kotlin:kotlin-test:2.4.10 -- resolvePlatform=WASM_JS nativeTarget=null
wasmTarget=js
https://repo1.maven.org/maven2 https://maven.google.com resolved to:
  .m2.cache/org/jetbrains/compose/runtime/runtime-wasm-js/1.11.1/runtime-wasm-js-1.11.1.klib
  .m2.cache/org/jetbrains/compose/foundation/foundation-wasm-js/1.11.1/foundation-wasm-js-1.11.1.klib
  .m2.cache/org/jetbrains/compose/material3/material3-wasm-js/1.11.0-alpha07/material3-wasm-js-1.11.0-alpha07.klib
  .m2.cache/org/jetbrains/compose/ui/ui-wasm-js/1.11.1/ui-wasm-js-1.11.1.klib
  .m2.cache/org/jetbrains/compose/components/components-resources-wasmJs/1.11.1/components-resources-wasmJs-1.11.1.klib
  .m2.cache/org/jetbrains/kotlin/kotlin-stdlib-wasm-js/2.4.10/kotlin-stdlib-wasm-js-2.4.10.klib
  .m2.cache/org/jetbrains/kotlin/kotlin-test-wasm-js/2.4.10/kotlin-test-wasm-js-2.4.10.klib
  .m2.cache/androidx/compose/runtime/runtime-wasm-js/1.11.2/runtime-wasm-js-1.11.2.klib
  .m2.cache/androidx/collection/collection-wasm-js/1.5.0/collection-wasm-js-1.5.0.klib
  .m2.cache/org/jetbrains/compose/animation/animation-wasm-js/1.11.1/animation-wasm-js-1.11.1.klib
  .m2.cache/org/jetbrains/skiko/skiko-wasm-js/0.144.6/skiko-wasm-js-0.144.6.klib
  .m2.cache/androidx/graphics/graphics-shapes-wasm-js/1.1.0/graphics-shapes-wasm-js-1.1.0.klib
  .m2.cache/org/jetbrains/compose/foundation/foundation-layout-wasm-js/1.11.1/foundation-layout-wasm-js-1.11.1.klib
  .m2.cache/org/jetbrains/compose/material/material-ripple-wasm-js/1.11.0-beta03/material-ripple-wasm-js-1.11.0-beta03.klib
  .m2.cache/org/jetbrains/compose/ui/ui-text-wasm-js/1.11.1/ui-text-wasm-js-1.11.1.klib
  .m2.cache/androidx/annotation/annotation-wasm-js/1.9.1/annotation-wasm-js-1.9.1.klib
  .m2.cache/androidx/compose/runtime/runtime-retain-wasm-js/1.11.2/runtime-retain-wasm-js-1.11.2.klib
  .m2.cache/androidx/savedstate/savedstate-compose-wasm-js/1.4.0/savedstate-compose-wasm-js-1.4.0.klib
  .m2.cache/org/jetbrains/androidx/lifecycle/lifecycle-runtime-compose-wasm-js/2.9.6/lifecycle-runtime-compose-wasm-js-2.9.6.klib
  .m2.cache/org/jetbrains/compose/runtime/runtime-saveable-wasm-js/1.11.1/runtime-saveable-wasm-js-1.11.1.klib
  .m2.cache/org/jetbrains/compose/ui/ui-geometry-wasm-js/1.11.1/ui-geometry-wasm-js-1.11.1.klib
  .m2.cache/org/jetbrains/compose/ui/ui-graphics-wasm-js/1.11.1/ui-graphics-wasm-js-1.11.1.klib
  .m2.cache/org/jetbrains/compose/ui/ui-unit-wasm-js/1.11.1/ui-unit-wasm-js-1.11.1.klib
  .m2.cache/org/jetbrains/compose/ui/ui-util-wasm-js/1.11.1/ui-util-wasm-js-1.11.1.klib
  .m2.cache/org/jetbrains/kotlinx/kotlinx-browser-wasm-js/0.5.0/kotlinx-browser-wasm-js-0.5.0.klib
  .m2.cache/androidx/compose/runtime/runtime-annotation-wasm-js/1.11.2/runtime-annotation-wasm-js-1.11.2.klib
  .m2.cache/org/jetbrains/kotlinx/kotlinx-coroutines-core-wasm-js/1.9.0/kotlinx-coroutines-core-wasm-js-1.9.0.klib
  .m2.cache/org/jetbrains/compose/animation/animation-core-wasm-js/1.11.1/animation-core-wasm-js-1.11.1.klib
  .m2.cache/androidx/savedstate/savedstate-wasm-js/1.4.0/savedstate-wasm-js-1.4.0.klib
  .m2.cache/androidx/lifecycle/lifecycle-runtime-compose-wasm-js/2.9.4/lifecycle-runtime-compose-wasm-js-2.9.4.klib
  .m2.cache/org/jetbrains/androidx/lifecycle/lifecycle-runtime-wasm-js/2.9.6/lifecycle-runtime-wasm-js-2.9.6.klib
  .m2.cache/androidx/compose/runtime/runtime-saveable-wasm-js/1.11.2/runtime-saveable-wasm-js-1.11.2.klib
  .m2.cache/org/jetbrains/androidx/savedstate/savedstate-compose-wasm-js/1.3.6/savedstate-compose-wasm-js-1.3.6.klib
  .m2.cache/org/jetbrains/kotlinx/atomicfu-wasm-js/0.28.0/atomicfu-wasm-js-0.28.0.klib
  .m2.cache/org/jetbrains/kotlinx/kotlinx-serialization-core-wasm-js/1.7.3/kotlinx-serialization-core-wasm-js-1.7.3.klib
  .m2.cache/androidx/lifecycle/lifecycle-runtime-wasm-js/2.9.4/lifecycle-runtime-wasm-js-2.9.4.klib
  .m2.cache/org/jetbrains/androidx/lifecycle/lifecycle-common-wasm-js/2.9.6/lifecycle-common-wasm-js-2.9.6.klib
  .m2.cache/org/jetbrains/androidx/savedstate/savedstate-wasm-js/1.3.6/savedstate-wasm-js-1.3.6.klib
  .m2.cache/androidx/lifecycle/lifecycle-common-wasm-js/2.9.4/lifecycle-common-wasm-js-2.9.4.klib
00:10.532 DEBUG :portfolio-in-compose-multiplatform:npmInstallWasmJs StateKt                   [inc] state file is missing or empty at '/home/runner/work/portfolio-in-compose-multiplatform/portfolio-in-compose-multiplatform/build/incremental.state/_portfolio-in-compose-multiplatform_npmInstallWasm-b1ec640ab8' -> cache miss
00:10.532 DEBUG :portfolio-in-compose-multiplatform:npmInstallWasmJs IncrementalCache          [inc] building ':portfolio-in-compose-multiplatform:npmInstallWasmJs-install-npm-dependencies'
00:10.535 DEBUG :portfolio-in-compose-multiplatform:npmInstallWasmJs NpmInstallTask            Generated package.json with 1 npm dependencies at /home/runner/work/portfolio-in-compose-multiplatform/portfolio-in-compose-multiplatform/build/tasks/_portfolio-in-compose-multiplatform_npmInstallWasmJs/package.json
00:10.560 DEBUG :portfolio-in-compose-multiplatform:compileWasmJs JdkProvider               `JAVA_HOME` was found but doesn't match the JDK selection criteria: major version mismatch: expected 25 but got 17. The Kotlin Toolchain will provision a suitable JDK instead.
00:10.568 DEBUG :portfolio-in-compose-multiplatform:compileWasmJs StateKt                   [inc] state file is missing or empty at '/home/runner/work/portfolio-in-compose-multiplatform/portfolio-in-compose-multiplatform/build/incremental.state/jdk-provisioning___majorVersion__25_-a1d432fb5a' -> cache miss
00:10.568 DEBUG :portfolio-in-compose-multiplatform:compileWasmJs IncrementalCache          [inc] building 'jdk-provisioning_{"majorVersion":25}'
00:10.573 DEBUG :portfolio-in-compose-multiplatform:compileWasmJs StateKt                   [inc] state file is missing or empty at '/home/runner/work/portfolio-in-compose-multiplatform/portfolio-in-compose-multiplatform/build/incremental.state/jdk-list-download-9a11f15790' -> cache miss
00:10.573 DEBUG :portfolio-in-compose-multiplatform:compileWasmJs IncrementalCache          [inc] building 'jdk-list-download'
00:10.892 INFO  :portfolio-in-compose-multiplatform:npmInstallWasmJs Downloader                Downloading https://github.com/pnpm/pnpm/releases/download/v11.9.0/pnpm-linux-x64.tar.gz to /home/runner/.cache/JetBrains/Kotlin/download.cache/d30df19002-pnpm-linux-x64.tar.gz
00:11.413 DEBUG :portfolio-in-compose-multiplatform:compileWasmJs IncrementalCache          [inc] 'jdk-list-download' changes: 
00:11.419 INFO  :portfolio-in-compose-multiplatform:compileWasmJs Downloader                Downloading https://github.com/adoptium/temurin25-binaries/releases/download/jdk-25.0.4.1%2B1/OpenJDK25U-jdk_x64_linux_hotspot_25.0.4.1_1.tar.gz to /home/runner/.cache/JetBrains/Kotlin/download.cache/5cadb5bf88-OpenJDK25U-jdk_x64_linux_hotspot_25.0.4.1_1.tar.gz
00:11.957 DEBUG :portfolio-in-compose-multiplatform:npmInstallWasmJs ExtractKt                 Extracting /home/runner/.cache/JetBrains/Kotlin/download.cache/d30df19002-pnpm-linux-x64.tar.gz to /home/runner/.cache/JetBrains/Kotlin/extract.cache/d30df19002-pnpm-linux-x64.tar.gz.d90c13.d
00:12.907 DEBUG :portfolio-in-compose-multiplatform:compileWasmJs ExtractKt                 Extracting /home/runner/.cache/JetBrains/Kotlin/download.cache/5cadb5bf88-OpenJDK25U-jdk_x64_linux_hotspot_25.0.4.1_1.tar.gz to /home/runner/.cache/JetBrains/Kotlin/extract.cache/5cadb5bf88-OpenJDK25U-jdk_x64_linux_hotspot_25.0.4.1_1.tar.gz.63903a.d
00:13.118 DEBUG :portfolio-in-compose-multiplatform:npmInstallWasmJs ProcessRunner             [cmd] /home/runner/.cache/JetBrains/Kotlin/extract.cache/d30df19002-pnpm-linux-x64.tar.gz.d90c13.d/pnpm config set --location=project updateNotifier false
00:13.713 DEBUG :portfolio-in-compose-multiplatform:npmInstallWasmJs ProcessRunner             [cmd] /home/runner/.cache/JetBrains/Kotlin/extract.cache/d30df19002-pnpm-linux-x64.tar.gz.d90c13.d/pnpm install
00:14.393 INFO  :portfolio-in-compose-multiplatform:npmInstallWasmJs LoggingProcessOutputListener Progress: resolved 1, reused 0, downloaded 0, added 0
00:14.415 INFO  :portfolio-in-compose-multiplatform:npmInstallWasmJs LoggingProcessOutputListener Packages: +1
00:14.415 INFO  :portfolio-in-compose-multiplatform:npmInstallWasmJs LoggingProcessOutputListener +
00:14.419 DEBUG :portfolio-in-compose-multiplatform:compileWasmJs IncrementalCache          [inc] 'jdk-provisioning_{"majorVersion":25}' changes: '/home/runner/.cache/JetBrains/Kotlin/extract.cache/5cadb5bf88-OpenJDK25U-jdk_x64_linux_hotspot_25.0.4.1_1.tar.gz.63903a.d/jdk-25.0.4.1+1/release' CREATED, '/home/runner/.cache/JetBrains/Kotlin/extract.cache/5cadb5bf88-OpenJDK25U-jdk_x64_linux_hotspot_25.0.4.1_1.tar.gz.63903a.d/jdk-25.0.4.1+1/legal/jdk.jdi/ASSEMBLY_EXCEPTION' CREATED, '/home/runner/.cache/JetBrains/Kotlin/extract.cache/5cadb5bf88-OpenJDK25U-jdk_x64_linux_hotspot_25.0.4.1_1.tar.gz.63903a.d/jdk-25.0.4.1+1/legal/jdk.jdi/ADDITIONAL_LICENSE_INFO' CREATED, '/home/runner/.cache/JetBrains/Kotlin/extract.cache/5cadb5bf88-OpenJDK25U-jdk_x64_linux_hotspot_25.0.4.1_1.tar.gz.63903a.d/jdk-25.0.4.1+1/legal/jdk.jdi/LICENSE' CREATED, '/home/runner/.cache/JetBrains/Kotlin/extract.cache/5cadb5bf88-OpenJDK25U-jdk_x64_linux_hotspot_25.0.4.1_1.tar.gz.63903a.d/jdk-25.0.4.1+1/legal/jdk.net/ASSEMBLY_EXCEPTION' CREATED, '/home/runner/.cache/JetBrains/Kotlin/extract.cache/5cadb5bf88-OpenJDK25U-jdk_x64_linux_hotspot_25.0.4.1_1.tar.gz.63903a.d/jdk-25.0.4.1+1/legal/jdk.net/ADDITIONAL_LICENSE_INFO' CREATED, '/home/runner/.cache/JetBrains/Kotlin/extract.cache/5cadb5bf88-OpenJDK25U-jdk_x64_linux_hotspot_25.0.4.1_1.tar.gz.63903a.d/jdk-25.0.4.1+1/legal/jdk.net/LICENSE' CREATED, '/home/runner/.cache/JetBrains/Kotlin/extract.cache/5cadb5bf88-OpenJDK25U-jdk_x64_linux_hotspot_25.0.4.1_1.tar.gz.63903a.d/jdk-25.0.4.1+1/legal/java.datatransfer/ASSEMBLY_EXCEPTION' CREATED, '/home/runner/.cache/JetBrains/Kotlin/extract.cache/5cadb5bf88-OpenJDK25U-jdk_x64_linux_hotspot_25.0.4.1_1.tar.gz.63903a.d/jdk-25.0.4.1+1/legal/java.datatransfer/ADDITIONAL_LICENSE_INFO' CREATED, '/home/runner/.cache/JetBrains/Kotlin/extract.cache/5cadb5bf88-OpenJDK25U-jdk_x64_linux_hotspot_25.0.4.1_1.tar.gz.63903a.d/jdk-25.0.4.1+1/legal/java.datatransfer/LICENSE' CREATED, '/home/runner/.cache/JetBrains/Kotlin/extract.cache/5cadb5bf88-OpenJDK25U-jdk_x64_linux_hotspot_25.0.4.1_1.tar.gz.63903a.d/jdk-25.0.4.1+1/legal/jdk.jpackage/ASSEMBLY_EXCEPTION' CREATED, '/home/runner/.cache/JetBrains/Kotlin/extract.cache/5cadb5bf88-OpenJDK25U-jdk_x64_linux_hotspot_25.0.4.1_1.tar.gz.63903a.d/jdk-25.0.4.1+1/legal/jdk.jpackage/ADDITIONAL_LICENSE_INFO' CREATED, '/home/runner/.cache/JetBrains/Kotlin/extract.cache/5cadb5bf88-OpenJDK25U-jdk_x64_linux_hotspot_25.0.4.1_1.tar.gz.63903a.d/jdk-25.0.4.1+1/legal/jdk.jpackage/LICENSE' CREATED, '/home/runner/.cache/JetBrains/Kotlin/extract.cache/5cadb5bf88-OpenJDK25U-jdk_x64_linux_hotspot_25.0.4.1_1.tar.gz.63903a.d/jdk-25.0.4.1+1/legal/jdk.jconsole/ASSEMBLY_EXCEPTION' CREATED, '/home/runner/.cache/JetBrains/Kotlin/extract.cache/5cadb5bf88-OpenJDK25U-jdk_x64_linux_hotspot_25.0.4.1_1.tar.gz.63903a.d/jdk-25.0.4.1+1/legal/jdk.jconsole/ADDITIONAL_LICENSE_INFO' CREATED, '/home/runner/.cache/JetBrains/Kotlin/extract.cache/5cadb5bf88-OpenJDK25U-jdk_x64_linux_hotspot_25.0.4.1_1.tar.gz.63903a.d/jdk-25.0.4.1+1/legal/jdk.jconsole/LICENSE' CREATED, '/home/runner/.cache/JetBrains/Kotlin/extract.cache/5cadb5bf88-OpenJDK25U-jdk_x64_linux_hotspot_25.0.4.1_1.tar.gz.63903a.d/jdk-25.0.4.1+1/legal/jdk.crypto.cryptoki/pkcs11wrapper.md' CREATED, '/home/runner/.cache/JetBrains/Kotlin/extract.cache/5cadb5bf88-OpenJDK25U-jdk_x64_linux_hotspot_25.0.4.1_1.tar.gz.63903a.d/jdk-25.0.4.1+1/legal/jdk.crypto.cryptoki/ASSEMBLY_EXCEPTION' CREATED, '/home/runner/.cache/JetBrains/Kotlin/extract.cache/5cadb5bf88-OpenJDK25U-jdk_x64_linux_hotspot_25.0.4.1_1.tar.gz.63903a.d/jdk-25.0.4.1+1/legal/jdk.crypto.cryptoki/ADDITIONAL_LICENSE_INFO' CREATED, '/home/runner/.cache/JetBrains/Kotlin/extract.cache/5cadb5bf88-OpenJDK25U-jdk_x64_linux_hotspot_25.0.4.1_1.tar.gz.63903a.d/jdk-25.0.4.1+1/legal/jdk.crypto.cryptoki/pkcs11cryptotoken.md' CREATED, '/home/runner/.cache/JetBrains/Kotlin/extract.cache/5cadb5bf88-OpenJDK25U-jdk_x64_linux_hotspot_25.0.4.1_1.tar.gz.63903a.d/jdk-25.0.4.1+1/legal/jdk.crypto.cryptoki/LICENSE' CREATED, '/home/runner/.cache/JetBrains/Kotlin/extract.cache/5cadb5bf88-OpenJDK25U-jdk_x64_linux_hotspot_25.0.4.1_1.tar.gz.63903a.d/jdk-25.0.4.1+1/legal/jdk.jartool/ASSEMBLY_EXCEPTION' CREATED, '/home/runner/.cache/JetBrains/Kotlin/extract.cache/5cadb5bf88-OpenJDK25U-jdk_x64_linux_hotspot_25.0.4.1_1.tar.gz.63903a.d/jdk-25.0.4.1+1/legal/jdk.jartool/ADDITIONAL_LICENSE_INFO' CREATED, '/home/runner/.cache/JetBrains/Kotlin/extract.cache/5cadb5bf88-OpenJDK25U-jdk_x64_linux_hotspot_25.0.4.1_1.tar.gz.63903a.d/jdk-25.0.4.1+1/legal/jdk.jartool/LICENSE' CREATED, '/home/runner/.cache/JetBrains/Kotlin/extract.cache/5cadb5bf88-OpenJDK25U-jdk_x64_linux_hotspot_25.0.4.1_1.tar.gz.63903a.d/jdk-25.0.4.1+1/legal/jdk.httpserver/ASSEMBLY_EXCEPTION' CREATED, '/home/runner/.cache/JetBrains/Kotlin/extract.cache/5cadb5bf88-OpenJDK25U-jdk_x64_linux_hotspot_25.0.4.1_1.tar.gz.63903a.d/jdk-25.0.4.1+1/legal/jdk.httpserver/ADDITIONAL_LICENSE_INFO' CREATED, '/home/runner/.cache/JetBrains/Kotlin/extract.cache/5cadb5bf88-OpenJDK25U-jdk_x64_linux_hotspot_25.0.4.1_1.tar.gz.63903a.d/jdk-25.0.4.1+1/legal/jdk.httpserver/LICENSE' CREATED, '/home/runner/.cache/JetBrains/Kotlin/extract.cache/5cadb5bf88-OpenJDK25U-jdk_x64_linux_hotspot_25.0.4.1_1.tar.gz.63903a.d/jdk-25.0.4.1+1/legal/jdk.localedata/thaidict.md' CREATED, '/home/runner/.cache/JetBrains/Kotlin/extract.cache/5cadb5bf88-OpenJDK25U-jdk_x64_linux_hotspot_25.0.4.1_1.tar.gz.63903a.d/jdk-25.0.4.1+1/legal/jdk.localedata/ASSEMBLY_EXCEPTION' CREATED, '/home/runner/.cache/JetBrains/Kotlin/extract.cache/5cadb5bf88-OpenJDK25U-jdk_x64_linux_hotspot_25.0.4.1_1.tar.gz.63903a.d/jdk-25.0.4.1+1/legal/jdk.localedata/ADDITIONAL_LICENSE_INFO' CREATED, '/home/runner/.cache/JetBrains/Kotlin/extract.cache/5cadb5bf88-OpenJDK25U-jdk_x64_linux_hotspot_25.0.4.1_1.tar.gz.63903a.d/jdk-25.0.4.1+1/legal/jdk.localedata/LICENSE' CREATED, '/home/runner/.cache/JetBrains/Kotlin/extract.cache/5cadb5bf88-OpenJDK25U-jdk_x64_linux_hotspot_25.0.4.1_1.tar.gz.63903a.d/jdk-25.0.4.1+1/legal/jdk.localedata/cldr.md' CREATED, '/home/runner/.cache/JetBrains/Kotlin/extract.cache/5cadb5bf88-OpenJDK25U-jdk_x64_linux_hotspot_25.0.4.1_1.tar.gz.63903a.d/jdk-25.0.4.1+1/legal/jdk.internal.ed/ASSEMBLY_EXCEPTION' CREATED, '/home/runner/.cache/JetBrains/Kotlin/extract.cache/5cadb5bf88-OpenJDK25U-jdk_x64_linux_hotspot_25.0.4.1_1.tar.gz.63903a.d/jdk-25.0.4.1+1/legal/jdk.internal.ed/ADDITIONAL_LICENSE_INFO' CREATED, '/home/runner/.cache/JetBrains/Kotlin/extract.cache/5cadb5bf88-OpenJDK25U-jdk_x64_linux_hotspot_25.0.4.1_1.tar.gz.63903a.d/jdk-25.0.4.1+1/legal/jdk.internal.ed/LICENSE' CREATED, '/home/runner/.cache/JetBrains/Kotlin/extract.cache/5cadb5bf88-OpenJDK25U-jdk_x64_linux_hotspot_25.0.4.1_1.tar.gz.63903a.d/jdk-25.0.4.1+1/legal/java.management.rmi/ASSEMBLY_EXCEPTION' CREATED, '/home/runner/.cache/JetBrains/Kotlin/extract.cache/5cadb5bf88-OpenJDK25U-jdk_x64_linux_hotspot_25.0.4.1_1.tar.gz.63903a.d/jdk-25.0.4.1+1/legal/java.management.rmi/ADDITIONAL_LICENSE_INFO' CREATED, '/home/runner/.cache/JetBrains/Kotlin/extract.cache/5cadb5bf88-OpenJDK25U-jdk_x64_linux_hotspot_25.0.4.1_1.tar.gz.63903a.d/jdk-25.0.4.1+1/legal/java.management.rmi/LICENSE' CREATED, '/home/runner/.cache/JetBrains/Kotlin/extract.cache/5cadb5bf88-OpenJDK25U-jdk_x64_linux_hotspot_25.0.4.1_1.tar.gz.63903a.d/jdk-25.0.4.1+1/legal/jdk.internal.md/ASSEMBLY_EXCEPTION' CREATED, '/home/runner/.cache/JetBrains/Kotlin/extract.cache/5cadb5bf88-OpenJDK25U-jdk_x64_linux_hotspot_25.0.4.1_1.tar.gz.63903a.d/jdk-25.0.4.1+1/legal/jdk.internal.md/commonmark.md' CREATED, '/home/runner/.cache/JetBrains/Kotlin/extract.cache/5cadb5bf88-OpenJDK25U-jdk_x64_linux_hotspot_25.0.4.1_1.tar.gz.63903a.d/jdk-25.0.4.1+1/legal/jdk.internal.md/ADDITIONAL_LICENSE_INFO' CREATED, '/home/runner/.cache/JetBrains/Kotlin/extract.cache/5cadb5bf88-OpenJDK25U-jdk_x64_linux_hotspot_25.0.4.1_1.tar.gz.63903a.d/jdk-25.0.4.1+1/legal/jdk.internal.md/LICENSE' CREATED, '/home/runner/.cache/JetBrains/Kotlin/extract.cache/5cadb5bf88-OpenJDK25U-jdk_x64_linux_hotspot_25.0.4.1_1.tar.gz.63903a.d/jdk-25.0.4.1+1/legal/jdk.security.auth/ASSEMBLY_EXCEPTION' CREATED, '/home/runner/.cache/JetBrains/Kotlin/extract.cache/5cadb5bf88-OpenJDK25U-jdk_x64_linux_hotspot_25.0.4.1_1.tar.gz.63903a.d/jdk-25.0.4.1+1/legal/jdk.security.auth/ADDITIONAL_LICENSE_INFO' CREATED, '/home/runner/.cache/JetBrains/Kotlin/extract.cache/5cadb5bf88-OpenJDK25U-jdk_x64_linux_hotspot_25.0.4.1_1.tar.gz.63903a.d/jdk-25.0.4.1+1/legal/jdk.security.auth/LICENSE' CREATED, '/home/runner/.cache/JetBrains/Kotlin/extract.cache/5cadb5bf88-OpenJDK25U-jdk_x64_linux_hotspot_25.0.4.1_1.tar.gz.63903a.d/jdk-25.0.4.1+1/legal/jdk.attach/ASSEMBLY_EXCEPTION' CREATED, '/home/runner/.cache/JetBrains/Kotlin/extract.cache/5cadb5bf88-OpenJDK25U-jdk_x64_linux_hotspot_25.0.4.1_1.tar.gz.63903a.d/jdk-25.0.4.1+1/legal/jdk.attach/ADDITIONAL_LICENSE_INFO' CREATED, '/home/runner/.cache/JetBrains/Kotlin/extract.cache/5cadb5bf88-OpenJDK25U-jdk_x64_linux_hotspot_25.0.4.1_1.tar.gz.63903a.d/jdk-25.0.4.1+1/legal/jdk.attach/LICENSE' CREATED, '/home/runner/.cache/JetBrains/Kotlin/extract.cache/5cadb5bf88-OpenJDK25U-jdk_x64_linux_hotspot_25.0.4.1_1.tar.gz.63903a.d/jdk-25.0.4.1+1/legal/java.net.http/ASSEMBLY_EXCEPTION' CREATED, '/home/runner/.cache/JetBrains/Kotlin/extract.cache/5cadb5bf88-OpenJDK25U-jdk_x64_linux_hotspot_25.0.4.1_1.tar.gz.63903a.d/jdk-25.0.4.1+1/legal/java.net.http/ADDITIONAL_LICENSE_INFO' CREATED, '/home/runner/.cache/JetBrains/Kotlin/extract.cache/5cadb5bf88-OpenJDK25U-jdk_x64_linux_hotspot_25.0.4.1_1.tar.gz.63903a.d/jdk-25.0.4.1+1/legal/java.net.http/LICENSE' CREATED, '/home/runner/.cache/JetBrains/Kotlin/extract.cache/5cadb5bf88-OpenJDK25U-jdk_x64_linux_hotspot_25.0.4.1_1.tar.gz.63903a.d/jdk-25.0.4.1+1/legal/jdk.management.jfr/ASSEMBLY_EXCEPTION' CREATED, '/home/runner/.cache/JetBrains/Kotlin/extract.cache/5cadb5bf88-OpenJDK25U-jdk_x64_linux_hotspot_25.0.4.1_1.tar.gz.63903a.d/jdk-25.0.4.1+1/legal/jdk.management.jfr/ADDITIONAL_LICENSE_INFO' CREATED, '/home/runner/.cache/JetBrains/Kotlin/extract.cache/5cadb5bf88-OpenJDK25U-jdk_x64_linux_hotspot_25.0.4.1_1.tar.gz.63903a.d/jdk-25.0.4.1+1/legal/jdk.management.jfr/LICENSE' CREATED, '/home/runner/.cache/JetBrains/Kotlin/extract.cache/5cadb5bf88-OpenJDK25U-jdk_x64_linux_hotspot_25.0.4.1_1.tar.gz.63903a.d/jdk-25.0.4.1+1/legal/jdk.jdwp.agent/ASSEMBLY_EXCEPTION' CREATED, '/home/runner/.cache/JetBrains/Kotlin/extract.cache/5cadb5bf88-OpenJDK25U-jdk_x64_linux_hotspot_25.0.4.1_1.tar.gz.63903a.d/jdk-25.0.4.1+1/legal/jdk.jdwp.agent/ADDITIONAL_LICENSE_INFO' CREATED, '/home/runner/.cache/JetBrains/Kotlin/extract.cache/5cadb5bf88-OpenJDK25U-jdk_x64_linux_hotspot_25.0.4.1_1.tar.gz.63903a.d/jdk-25.0.4.1+1/legal/jdk.jdwp.agent/LICENSE' CREATED, '/home/runner/.cache/JetBrains/Kotlin/extract.cache/5cadb5bf88-OpenJDK25U-jdk_x64_linux_hotspot_25.0.4.1_1.tar.gz.63903a.d/jdk-25.0.4.1+1/legal/java.scripting/ASSEMBLY_EXCEPTION' CREATED, '/home/runner/.cache/JetBrains/Kotlin/extract.cache/5cadb5bf88-OpenJDK25U-jdk_x64_linux_hotspot_25.0.4.1_1.tar.gz.63903a.d/jdk-25.0.4.1+1/legal/java.scripting/ADDITIONAL_LICENSE_INFO' CREATED, '/home/runner/.cache/JetBrains/Kotlin/extract.cache/5cadb5bf88-OpenJDK25U-jdk_x64_linux_hotspot_25.0.4.1_1.tar.gz.63903a.d/jdk-25.0.4.1+1/legal/java.scripting/LICENSE' CREATED, '/home/runner/.cache/JetBrains/Kotlin/extract.cache/5cadb5bf88-OpenJDK25U-jdk_x64_linux_hotspot_25.0.4.1_1.tar.gz.63903a.d/jdk-25.0.4.1+1/legal/jdk.unsupported/ASSEMBLY_EXCEPTION' CREATED, '/home/runner/.cache/JetBrains/Kotlin/extract.cache/5cadb5bf88-OpenJDK25U-jdk_x64_linux_hotspot_25.0.4.1_1.tar.gz.63903a.d/jdk-25.0.4.1+1/legal/jdk.unsupported/ADDITIONAL_LICENSE_INFO' CREATED, '/home/runner/.cache/JetBrains/Kotlin/extract.cache/5cadb5bf88-OpenJDK25U-jdk_x64_linux_hotspot_25.0.4.1_1.tar.gz.63903a.d/jdk-25.0.4.1+1/legal/jdk.unsupported/LICENSE' CREATED, '/home/runner/.cache/JetBrains/Kotlin/extract.cache/5cadb5bf88-OpenJDK25U-jdk_x64_linux_hotspot_25.0.4.1_1.tar.gz.63903a.d/jdk-25.0.4.1+1/legal/jdk.management.agent/ASSEMBLY_EXCEPTION' CREATED, '/home/runner/.cache/JetBrains/Kotlin/extract.cache/5cadb5bf88-OpenJDK25U-jdk_x64_linux_hotspot_25.0.4.1_1.tar.gz.63903a.d/jdk-25.0.4.1+1/legal/jdk.management.agent/ADDITIONAL_LICENSE_INFO' CREATED, '/home/runner/.cache/JetBrains/Kotlin/extract.cache/5cadb5bf88-OpenJDK25U-jdk_x64_linux_hotspot_25.0.4.1_1.tar.gz.63903a.d/jdk-25.0.4.1+1/legal/jdk.management.agent/LICENSE' CREATED, '/home/runner/.cache/JetBrains/Kotlin/extract.cache/5cadb5bf88-OpenJDK25U-jdk_x64_linux_hotspot_25.0.4.1_1.tar.gz.63903a.d/jdk-25.0.4.1+1/legal/jdk.graal.compiler.management/ASSEMBLY_EXCEPTION' CREATED, '/home/runner/.cache/JetBrains/Kotlin/extract.cache/5cadb5bf88-OpenJDK25U-jdk_x64_linux_hotspot_25.0.4.1_1.tar.gz.63903a.d/jdk-25.0.4.1+1/legal/jdk.graal.compiler.management/ADDITIONAL_LICENSE_INFO' CREATED, '/home/runner/.cache/JetBrains/Kotlin/extract.cache/5cadb5bf88-OpenJDK25U-jdk_x64_linux_hotspot_25.0.4.1_1.tar.gz.63903a.d/jdk-25.0.4.1+1/legal/jdk.graal.compiler.management/LICENSE' CREATED, '/home/runner/.cache/JetBrains/Kotlin/extract.cache/5cadb5bf88-OpenJDK25U-jdk_x64_linux_hotspot_25.0.4.1_1.tar.gz.63903a.d/jdk-25.0.4.1+1/legal/jdk.javadoc/jqueryUI.md' CREATED, '/home/runner/.cache/JetBrains/Kotlin/extract.cache/5cadb5bf88-OpenJDK25U-jdk_x64_linux_hotspot_25.0.4.1_1.tar.gz.63903a.d/jdk-25.0.4.1+1/legal/jdk.javadoc/dejavufonts.md' CREATED, '/home/runner/.cache/JetBrains/Kotlin/extract.cache/5cadb5bf88-OpenJDK25U-jdk_x64_linux_hotspot_25.0.4.1_1.tar.gz.63903a.d/jdk-25.0.4.1+1/legal/jdk.javadoc/jquery.md' CREATED, '/home/runner/.cache/JetBrains/Kotlin/extract.cache/5cadb5bf88-OpenJDK25U-jdk_x64_linux_hotspot_25.0.4.1_1.tar.gz.63903a.d/jdk-25.0.4.1+1/legal/jdk.javadoc/ASSEMBLY_EXCEPTION' CREATED, '/home/runner/.cache/JetBrains/Kotlin/extract.cache/5cadb5bf88-OpenJDK25U-jdk_x64_linux_hotspot_25.0.4.1_1.tar.gz.63903a.d/jdk-25.0.4.1+1/legal/jdk.javadoc/ADDITIONAL_LICENSE_INFO' CREATED, '/home/runner/.cache/JetBrains/Kotlin/extract.cache/5cadb5bf88-OpenJDK25U-jdk_x64_linux_hotspot_25.0.4.1_1.tar.gz.63903a.d/jdk-25.0.4.1+1/legal/jdk.javadoc/highlightjs.md' CREATED, '/home/runner/.cache/JetBrains/Kotlin/extract.cache/5cadb5bf88-OpenJDK25U-jdk_x64_linux_hotspot_25.0.4.1_1.tar.gz.63903a.d/jdk-25.0.4.1+1/legal/jdk.javadoc/LICENSE' CREATED, '/home/runner/.cache/JetBrains/Kotlin/extract.cache/5cadb5bf88-OpenJDK25U-jdk_x64_linux_hotspot_25.0.4.1_1.tar.gz.63903a.d/jdk-25.0.4.1+1/legal/java.management/ASSEMBLY_EXCEPTION' CREATED, '/home/runner/.cache/JetBrains/Kotlin/extract.cache/5cadb5bf88-OpenJDK25U-jdk_x64_linux_hotspot_25.0.4.1_1.tar.gz.63903a.d/jdk-25.0.4.1+1/legal/java.management/ADDITIONAL_LICENSE_INFO' CREATED, '/home/runner/.cache/JetBrains/Kotlin/extract.cache/5cadb5bf88-OpenJDK25U-jdk_x64_linux_hotspot_25.0.4.1_1.tar.gz.63903a.d/jdk-25.0.4.1+1/legal/java.management/LICENSE' CREATED, '/home/runner/.cache/JetBrains/Kotlin/extract.cache/5cadb5bf88-OpenJDK25U-jdk_x64_linux_hotspot_25.0.4.1_1.tar.gz.63903a.d/jdk-25.0.4.1+1/legal/java.instrument/ASSEMBLY_EXCEPTION' CREATED, '/home/runner/.cache/JetBrains/Kotlin/extract.cache/5cadb5bf88-OpenJDK25U-jdk_x64_linux_hotspot_25.0.4.1_1.tar.gz.63903a.d/jdk-25.0.4.1+1/legal/java.instrument/ADDITIONAL_LICENSE_INFO' CREATED, '/home/runner/.cache/JetBrains/Kotlin/extract.cache/5cadb5bf88-OpenJDK25U-jdk_x64_linux_hotspot_25.0.4.1_1.tar.gz.63903a.d/jdk-25.0.4.1+1/legal/java.instrument/LICENSE' CREATED, '/home/runner/.cache/JetBrains/Kotlin/extract.cache/5cadb5bf88-OpenJDK25U-jdk_x64_linux_hotspot_25.0.4.1_1.tar.gz.63903a.d/jdk-25.0.4.1+1/legal/jdk.unsupported.desktop/ASSEMBLY_EXCEPTION' CREATED, '/home/runner/.cache/JetBrains/Kotlin/extract.cache/5cadb5bf88-OpenJDK25U-jdk_x64_linux_hotspot_25.0.4.1_1.tar.gz.63903a.d/jdk-25.0.4.1+1/legal/jdk.unsupported.desktop/ADDITIONAL_LICENSE_INFO' CREATED, '/home/runner/.cache/JetBrains/Kotlin/extract.cache/5cadb5bf88-OpenJDK25U-jdk_x64_linux_hotspot_25.0.4.1_1.tar.gz.63903a.d/jdk-25.0.4.1+1/legal/jdk.unsupported.desktop/LICENSE' CREATED, '/home/runner/.cache/JetBrains/Kotlin/extract.cache/5cadb5bf88-OpenJDK25U-jdk_x64_linux_hotspot_25.0.4.1_1.tar.gz.63903a.d/jdk-25.0.4.1+1/legal/jdk.jsobject/ASSEMBLY_EXCEPTION' CREATED, '/home/runner/.cache/JetBrains/Kotlin/extract.cache/5cadb5bf88-OpenJDK25U-jdk_x64_linux_hotspot_25.0.4.1_1.tar.gz.63903a.d/jdk-25.0.4.1+1/legal/jdk.jsobject/ADDITIONAL_LICENSE_INFO' CREATED, '/home/runner/.cache/JetBrains/Kotlin/extract.cache/5cadb5bf88-OpenJDK25U-jdk_x64_linux_hotspot_25.0.4.1_1.tar.gz.63903a.d/jdk-25.0.4.1+1/legal/jdk.jsobject/LICENSE' CREATED, '/home/runner/.cache/JetBrains/Kotlin/extract.cache/5cadb5bf88-OpenJDK25U-jdk_x64_linux_hotspot_25.0.4.1_1.tar.gz.63903a.d/jdk-25.0.4.1+1/legal/jdk.jfr/ASSEMBLY_EXCEPTION' CREATED, '/home/runner/.cache/JetBrains/Kotlin/extract.cache/5cadb5bf88-OpenJDK25U-jdk_x64_linux_hotspot_25.0.4.1_1.tar.gz.63903a.d/jdk-25.0.4.1+1/legal/jdk.jfr/ADDITIONAL_LICENSE_INFO' CREATED, '/home/runner/.cache/JetBrains/Kotlin/extract.cache/5cadb5bf88-OpenJDK25U-jdk_x64_linux_hotspot_25.0.4.1_1.tar.gz.63903a.d/jdk-25.0.4.1+1/legal/jdk.jfr/LICENSE' CREATED, '/home/runner/.cache/JetBrains/Kotlin/extract.cache/5cadb5bf88-OpenJDK25U-jdk_x64_linux_hotspot_25.0.4.1_1.tar.gz.63903a.d/jdk-25.0.4.1+1/legal/jdk.naming.dns/ASSEMBLY_EXCEPTION' CREATED, '/home/runner/.cache/JetBrains/Kotlin/extract.cache/5cadb5bf88-OpenJDK25U-jdk_x64_linux_hotspot_25.0.4.1_1.tar.gz.63903a.d/jdk-25.0.4.1+1/legal/jdk.naming.dns/ADDITIONAL_LICENSE_INFO' CREATED, '/home/runner/.cache/JetBrains/Kotlin/extract.cache/5cadb5bf88-OpenJDK25U-jdk_x64_linux_hotspot_25.0.4.1_1.tar.gz.63903a.d/jdk-25.0.4.1+1/legal/jdk.naming.dns/LICENSE' CREATED, '/home/runner/.cache/JetBrains/Kotlin/extract.cache/5cadb5bf88-OpenJDK25U-jdk_x64_linux_hotspot_25.0.4.1_1.tar.gz.63903a.d/jdk-25.0.4.1+1/legal/jdk.jshell/ASSEMBLY_EXCEPTION' CREATED, '/home/runner/.cache/JetBrains/Kotlin/extract.cache/5cadb5bf88-OpenJDK25U-jdk_x64_linux_hotspot_25.0.4.1_1.tar.gz.63903a.d/jdk-25.0.4.1+1/legal/jdk.jshell/ADDITIONAL_LICENSE_INFO' CREATED, '/home/runner/.cache/JetBrains/Kotlin/extract.cache/5cadb5bf88-OpenJDK25U-jdk_x64_linux_hotspot_25.0.4.1_1.tar.gz.63903a.d/jdk-25.0.4.1+1/legal/jdk.jshell/LICENSE' CREATED, '/home/runner/.cache/JetBrains/Kotlin/extract.cache/5cadb5bf88-OpenJDK25U-jdk_x64_linux_hotspot_25.0.4.1_1.tar.gz.63903a.d/jdk-25.0.4.1+1/legal/jdk.naming.rmi/ASSEMBLY_EXCEPTION' CREATED, '/home/runner/.cache/JetBrains/Kotlin/extract.cache/5cadb5bf88-OpenJDK25U-jdk_x64_linux_hotspot_25.0.4.1_1.tar.gz.63903a.d/jdk-25.0.4.1+1/legal/jdk.naming.rmi/ADDITIONAL_LICENSE_INFO' CREATED, '/home/runner/.cache/JetBrains/Kotlin/extract.cache/5cadb5bf88-OpenJDK25U-jdk_x64_linux_hotspot_25.0.4.1_1.tar.gz.63903a.d/jdk-25.0.4.1+1/legal/jdk.naming.rmi/LICENSE' CREATED, '/home/runner/.cache/JetBrains/Kotlin/extract.cache/5cadb5bf88-OpenJDK25U-jdk_x64_linux_hotspot_25.0.4.1_1.tar.gz.63903a.d/jdk-25.0.4.1+1/legal/java.smartcardio/ASSEMBLY_EXCEPTION' CREATED, '/home/runner/.cache/JetBrains/Kotlin/extract.cache/5cadb5bf88-OpenJDK25U-jdk_x64_linux_hotspot_25.0.4.1_1.tar.gz.63903a.d/jdk-25.0.4.1+1/legal/java.smartcardio/ADDITIONAL_LICENSE_INFO' CREATED, '/home/runner/.cache/JetBrains/Kotlin/extract.cache/5cadb5bf88-OpenJDK25U-jdk_x64_linux_hotspot_25.0.4.1_1.tar.gz.63903a.d/jdk-25.0.4.1+1/legal/java.smartcardio/pcsclite.md' CREATED, '/home/runner/.cache/JetBrains/Kotlin/extract.cache/5cadb5bf88-OpenJDK25U-jdk_x64_linux_hotspot_25.0.4.1_1.tar.gz.63903a.d/jdk-25.0.4.1+1/legal/java.smartcardio/LICENSE' CREATED, '/home/runner/.cache/JetBrains/Kotlin/extract.cache/5cadb5bf88-OpenJDK25U-jdk_x64_linux_hotspot_25.0.4.1_1.tar.gz.63903a.d/jdk-25.0.4.1+1/legal/jdk.dynalink/dynalink.md' CREATED, '/home/runner/.cache/JetBrains/Kotlin/extract.cache/5cadb5bf88-OpenJDK25U-jdk_x64_linux_hotspot_25.0.4.1_1.tar.gz.63903a.d/jdk-25.0.4.1+1/legal/jdk.dynalink/ASSEMBLY_EXCEPTION' CREATED, '/home/runner/.cache/JetBrains/Kotlin/extract.cache/5cadb5bf88-OpenJDK25U-jdk_x64_linux_hotspot_25.0.4.1_1.tar.gz.63903a.d/jdk-25.0.4.1+1/legal/jdk.dynalink/ADDITIONAL_LICENSE_INFO' CREATED, '/home/runner/.cache/JetBrains/Kotlin/extract.cache/5cadb5bf88-OpenJDK25U-jdk_x64_linux_hotspot_25.0.4.1_1.tar.gz.63903a.d/jdk-25.0.4.1+1/legal/jdk.dynalink/LICENSE' CREATED, '/home/runner/.cache/JetBrains/Kotlin/extract.cache/5cadb5bf88-OpenJDK25U-jdk_x64_linux_hotspot_25.0.4.1_1.tar.gz.63903a.d/jdk-25.0.4.1+1/legal/jdk.accessibility/ASSEMBLY_EXCEPTION' CREATED, '/home/runner/.cache/JetBrains/Kotlin/extract.cache/5cadb5bf88-OpenJDK25U-jdk_x64_linux_hotspot_25.0.4.1_1.tar.gz.63903a.d/jdk-25.0.4.1+1/legal/jdk.accessibility/ADDITIONAL_LICENSE_INFO' CREATED, '/home/runner/.cache/JetBrains/Kotlin/extract.cache/5cadb5bf88-OpenJDK25U-jdk_x64_linux_hotspot_25.0.4.1_1.tar.gz.63903a.d/jdk-25.0.4.1+1/legal/jdk.accessibility/LICENSE' CREATED, '/home/runner/.cache/JetBrains/Kotlin/extract.cache/5cadb5bf88-OpenJDK25U-jdk_x64_linux_hotspot_25.0.4.1_1.tar.gz.63903a.d/jdk-25.0.4.1+1/legal/java.security.sasl/ASSEMBLY_EXCEPTION' CREATED, '/home/runner/.cache/JetBrains/Kotlin/extract.cache/5cadb5bf88-OpenJDK25U-jdk_x64_linux_hotspot_25.0.4.1_1.tar.gz.63903a.d/jdk-25.0.4.1+1/legal/java.security.sasl/ADDITIONAL_LICENSE_INFO' CREATED, '/home/runner/.cache/JetBrains/Kotlin/extract.cache/5cadb5bf88-OpenJDK25U-jdk_x64_linux_hotspot_25.0.4.1_1.tar.gz.63903a.d/jdk-25.0.4.1+1/legal/java.security.sasl/LICENSE' CREATED, '/home/runner/.cache/JetBrains/Kotlin/extract.cache/5cadb5bf88-OpenJDK25U-jdk_x64_linux_hotspot_25.0.4.1_1.tar.gz.63903a.d/jdk-25.0.4.1+1/legal/jdk.internal.vm.ci/ASSEMBLY_EXCEPTION' CREATED, '/home/runner/.cache/JetBrains/Kotlin/extract.cache/5cadb5bf88-OpenJDK25U-jdk_x64_linux_hotspot_25.0.4.1_1.tar.gz.63903a.d/jdk-25.0.4.1+1/legal/jdk.internal.vm.ci/ADDITIONAL_LICENSE_INFO' CREATED, '/home/runner/.cache/JetBrains/Kotlin/extract.cache/5cadb5bf88-OpenJDK25U-jdk_x64_linux_hotspot_25.0.4.1_1.tar.gz.63903a.d/jdk-25.0.4.1+1/legal/jdk.internal.vm.ci/LICENSE' CREATED, '/home/runner/.cache/JetBrains/Kotlin/extract.cache/5cadb5bf88-OpenJDK25U-jdk_x64_linux_hotspot_25.0.4.1_1.tar.gz.63903a.d/jdk-25.0.4.1+1/legal/java.rmi/ASSEMBLY_EXCEPTION' CREATED, '/home/runner/.cache/JetBrains/Kotlin/extract.cache/5cadb5bf88-OpenJDK25U-jdk_x64_linux_hotspot_25.0.4.1_1.tar.gz.63903a.d/jdk-25.0.4.1+1/legal/java.rmi/ADDITIONAL_LICENSE_INFO' CREATED, '/home/runner/.cache/JetBrains/Kotlin/extract.cache/5cadb5bf88-OpenJDK25U-jdk_x64_linux_hotspot_25.0.4.1_1.tar.gz.63903a.d/jdk-25.0.4.1+1/legal/java.rmi/LICENSE' CREATED, '/home/runner/.cache/JetBrains/Kotlin/extract.cache/5cadb5bf88-OpenJDK25U-jdk_x64_linux_hotspot_25.0.4.1_1.tar.gz.63903a.d/jdk-25.0.4.1+1/legal/java.base/siphash.md' CREATED, '/home/runner/.cache/JetBrains/Kotlin/extract.cache/5cadb5bf88-OpenJDK25U-jdk_x64_linux_hotspot_25.0.4.1_1.tar.gz.63903a.d/jdk-25.0.4.1+1/legal/java.base/gcc.md' CREATED, '/home/runner/.cache/JetBrains/Kotlin/extract.cache/5cadb5bf88-OpenJDK25U-jdk_x64_linux_hotspot_25.0.4.1_1.tar.gz.63903a.d/jdk-25.0.4.1+1/legal/java.base/zlib.md' CREATED, '/home/runner/.cache/JetBrains/Kotlin/extract.cache/5cadb5bf88-OpenJDK25U-jdk_x64_linux_hotspot_25.0.4.1_1.tar.gz.63903a.d/jdk-25.0.4.1+1/legal/java.base/c-libutl.md' CREATED, '/home/runner/.cache/JetBrains/Kotlin/extract.cache/5cadb5bf88-OpenJDK25U-jdk_x64_linux_hotspot_25.0.4.1_1.tar.gz.63903a.d/jdk-25.0.4.1+1/legal/java.base/icu.md' CREATED, '/home/runner/.cache/JetBrains/Kotlin/extract.cache/5cadb5bf88-OpenJDK25U-jdk_x64_linux_hotspot_25.0.4.1_1.tar.gz.63903a.d/jdk-25.0.4.1+1/legal/java.base/ASSEMBLY_EXCEPTION' CREATED, '/home/runner/.cache/JetBrains/Kotlin/extract.cache/5cadb5bf88-OpenJDK25U-jdk_x64_linux_hotspot_25.0.4.1_1.tar.gz.63903a.d/jdk-25.0.4.1+1/legal/java.base/ADDITIONAL_LICENSE_INFO' CREATED, '/home/runner/.cache/JetBrains/Kotlin/extract.cache/5cadb5bf88-OpenJDK25U-jdk_x64_linux_hotspot_25.0.4.1_1.tar.gz.63903a.d/jdk-25.0.4.1+1/legal/java.base/LICENSE' CREATED, '/home/runner/.cache/JetBrains/Kotlin/extract.cache/5cadb5bf88-OpenJDK25U-jdk_x64_linux_hotspot_25.0.4.1_1.tar.gz.63903a.d/jdk-25.0.4.1+1/legal/java.base/unicode.md' CREATED, '/home/runner/.cache/JetBrains/Kotlin/extract.cache/5cadb5bf88-OpenJDK25U-jdk_x64_linux_hotspot_25.0.4.1_1.tar.gz.63903a.d/jdk-25.0.4.1+1/legal/java.base/public_suffix.md' CREATED, '/home/runner/.cache/JetBrains/Kotlin/extract.cache/5cadb5bf88-OpenJDK25U-jdk_x64_linux_hotspot_25.0.4.1_1.tar.gz.63903a.d/jdk-25.0.4.1+1/legal/java.base/aes.md' CREATED, '/home/runner/.cache/JetBrains/Kotlin/extract.cache/5cadb5bf88-OpenJDK25U-jdk_x64_linux_hotspot_25.0.4.1_1.tar.gz.63903a.d/jdk-25.0.4.1+1/legal/java.base/cldr.md' CREATED, '/home/runner/.cache/JetBrains/Kotlin/extract.cache/5cadb5bf88-OpenJDK25U-jdk_x64_linux_hotspot_25.0.4.1_1.tar.gz.63903a.d/jdk-25.0.4.1+1/legal/java.sql/ASSEMBLY_EXCEPTION' CREATED, '/home/runner/.cache/JetBrains/Kotlin/extract.cache/5cadb5bf88-OpenJDK25U-jdk_x64_linux_hotspot_25.0.4.1_1.tar.gz.63903a.d/jdk-25.0.4.1+1/legal/java.sql/ADDITIONAL_LICENSE_INFO' CREATED, '/home/runner/.cache/JetBrains/Kotlin/extract.cache/5cadb5bf88-OpenJDK25U-jdk_x64_linux_hotspot_25.0.4.1_1.tar.gz.63903a.d/jdk-25.0.4.1+1/legal/java.sql/LICENSE' CREATED, '/home/runner/.cache/JetBrains/Kotlin/extract.cache/5cadb5bf88-OpenJDK25U-jdk_x64_linux_hotspot_25.0.4.1_1.tar.gz.63903a.d/jdk-25.0.4.1+1/legal/jdk.internal.le/ASSEMBLY_EXCEPTION' CREATED, '/home/runner/.cache/JetBrains/Kotlin/extract.cache/5cadb5bf88-OpenJDK25U-jdk_x64_linux_hotspot_25.0.4.1_1.tar.gz.63903a.d/jdk-25.0.4.1+1/legal/jdk.internal.le/ADDITIONAL_LICENSE_INFO' CREATED, '/home/runner/.cache/JetBrains/Kotlin/extract.cache/5cadb5bf88-OpenJDK25U-jdk_x64_linux_hotspot_25.0.4.1_1.tar.gz.63903a.d/jdk-25.0.4.1+1/legal/jdk.internal.le/jline.md' CREATED, '/home/runner/.cache/JetBrains/Kotlin/extract.cache/5cadb5bf88-OpenJDK25U-jdk_x64_linux_hotspot_25.0.4.1_1.tar.gz.63903a.d/jdk-25.0.4.1+1/legal/jdk.internal.le/LICENSE' CREATED, '/home/runner/.cache/JetBrains/Kotlin/extract.cache/5cadb5bf88-OpenJDK25U-jdk_x64_linux_hotspot_25.0.4.1_1.tar.gz.63903a.d/jdk-25.0.4.1+1/legal/java.prefs/ASSEMBLY_EXCEPTION' CREATED, '/home/runner/.cache/JetBrains/Kotlin/extract.cache/5cadb5bf88-OpenJDK25U-jdk_x64_linux_hotspot_25.0.4.1_1.tar.gz.63903a.d/jdk-25.0.4.1+1/legal/java.prefs/ADDITIONAL_LICENSE_INFO' CREATED, '/home/runner/.cache/JetBrains/Kotlin/extract.cache/5cadb5bf88-OpenJDK25U-jdk_x64_linux_hotspot_25.0.4.1_1.tar.gz.63903a.d/jdk-25.0.4.1+1/legal/java.prefs/LICENSE' CREATED, '/home/runner/.cache/JetBrains/Kotlin/extract.cache/5cadb5bf88-OpenJDK25U-jdk_x64_linux_hotspot_25.0.4.1_1.tar.gz.63903a.d/jdk-25.0.4.1+1/legal/jdk.xml.dom/ASSEMBLY_EXCEPTION' CREATED, '/home/runner/.cache/JetBrains/Kotlin/extract.cache/5cadb5bf88-OpenJDK25U-jdk_x64_linux_hotspot_25.0.4.1_1.tar.gz.63903a.d/jdk-25.0.4.1+1/legal/jdk.xml.dom/ADDITIONAL_LICENSE_INFO' CREATED, '/home/runner/.cache/JetBrains/Kotlin/extract.cache/5cadb5bf88-OpenJDK25U-jdk_x64_linux_hotspot_25.0.4.1_1.tar.gz.63903a.d/jdk-25.0.4.1+1/legal/jdk.xml.dom/LICENSE' CREATED, '/home/runner/.cache/JetBrains/Kotlin/extract.cache/5cadb5bf88-OpenJDK25U-jdk_x64_linux_hotspot_25.0.4.1_1.tar.gz.63903a.d/jdk-25.0.4.1+1/legal/jdk.jcmd/ASSEMBLY_EXCEPTION' CREATED, '/home/runner/.cache/JetBrains/Kotlin/extract.cache/5cadb5bf88-OpenJDK25U-jdk_x64_linux_hotspot_25.0.4.1_1.tar.gz.63903a.d/jdk-25.0.4.1+1/legal/jdk.jcmd/ADDITIONAL_LICENSE_INFO' CREATED, '/home/runner/.cache/JetBrains/Kotlin/extract.cache/5cadb5bf88-OpenJDK25U-jdk_x64_linux_hotspot_25.0.4.1_1.tar.gz.63903a.d/jdk-25.0.4.1+1/legal/jdk.jcmd/LICENSE' CREATED, '/home/runner/.cache/JetBrains/Kotlin/extract.cache/5cadb5bf88-OpenJDK25U-jdk_x64_linux_hotspot_25.0.4.1_1.tar.gz.63903a.d/jdk-25.0.4.1+1/legal/java.desktop/pipewire.md' CREATED, '/home/runner/.cache/JetBrains/Kotlin/extract.cache/5cadb5bf88-OpenJDK25U-jdk_x64_linux_hotspot_25.0.4.1_1.tar.gz.63903a.d/jdk-25.0.4.1+1/legal/java.desktop/harfbuzz.md' CREATED, '/home/runner/.cache/JetBrains/Kotlin/extract.cache/5cadb5bf88-OpenJDK25U-jdk_x64_linux_hotspot_25.0.4.1_1.tar.gz.63903a.d/jdk-25.0.4.1+1/legal/java.desktop/giflib.md' CREATED, '/home/runner/.cache/JetBrains/Kotlin/extract.cache/5cadb5bf88-OpenJDK25U-jdk_x64_linux_hotspot_25.0.4.1_1.tar.gz.63903a.d/jdk-25.0.4.1+1/legal/java.desktop/xwd.md' CREATED, '/home/runner/.cache/JetBrains/Kotlin/extract.cache/5cadb5bf88-OpenJDK25U-jdk_x64_linux_hotspot_25.0.4.1_1.tar.gz.63903a.d/jdk-25.0.4.1+1/legal/java.desktop/lcms.md' CREATED, '/home/runner/.cache/JetBrains/Kotlin/extract.cache/5cadb5bf88-OpenJDK25U-jdk_x64_linux_hotspot_25.0.4.1_1.tar.gz.63903a.d/jdk-25.0.4.1+1/legal/java.desktop/ASSEMBLY_EXCEPTION' CREATED, '/home/runner/.cache/JetBrains/Kotlin/extract.cache/5cadb5bf88-OpenJDK25U-jdk_x64_linux_hotspot_25.0.4.1_1.tar.gz.63903a.d/jdk-25.0.4.1+1/legal/java.desktop/colorimaging.md' CREATED, '/home/runner/.cache/JetBrains/Kotlin/extract.cache/5cadb5bf88-OpenJDK25U-jdk_x64_linux_hotspot_25.0.4.1_1.tar.gz.63903a.d/jdk-25.0.4.1+1/legal/java.desktop/ADDITIONAL_LICENSE_INFO' CREATED, '/home/runner/.cache/JetBrains/Kotlin/extract.cache/5cadb5bf88-OpenJDK25U-jdk_x64_linux_hotspot_25.0.4.1_1.tar.gz.63903a.d/jdk-25.0.4.1+1/legal/java.desktop/freetype.md' CREATED, '/home/runner/.cache/JetBrains/Kotlin/extract.cache/5cadb5bf88-OpenJDK25U-jdk_x64_linux_hotspot_25.0.4.1_1.tar.gz.63903a.d/jdk-25.0.4.1+1/legal/java.desktop/LICENSE' CREATED, '/home/runner/.cache/JetBrains/Kotlin/extract.cache/5cadb5bf88-OpenJDK25U-jdk_x64_linux_hotspot_25.0.4.1_1.tar.gz.63903a.d/jdk-25.0.4.1+1/legal/java.desktop/jpeg.md' CREATED, '/home/runner/.cache/JetBrains/Kotlin/extract.cache/5cadb5bf88-OpenJDK25U-jdk_x64_linux_hotspot_25.0.4.1_1.tar.gz.63903a.d/jdk-25.0.4.1+1/legal/java.desktop/mesa3d.md' CREATED, '/home/runner/.cache/JetBrains/Kotlin/extract.cache/5cadb5bf88-OpenJDK25U-jdk_x64_linux_hotspot_25.0.4.1_1.tar.gz.63903a.d/jdk-25.0.4.1+1/legal/java.desktop/libpng.md' CREATED, '/home/runner/.cache/JetBrains/Kotlin/extract.cache/5cadb5bf88-OpenJDK25U-jdk_x64_linux_hotspot_25.0.4.1_1.tar.gz.63903a.d/jdk-25.0.4.1+1/legal/jdk.editpad/ASSEMBLY_EXCEPTION' CREATED, '/home/runner/.cache/JetBrains/Kotlin/extract.cache/5cadb5bf88-OpenJDK25U-jdk_x64_linux_hotspot_25.0.4.1_1.tar.gz.63903a.d/jdk-25.0.4.1+1/legal/jdk.editpad/ADDITIONAL_LICENSE_INFO' CREATED, '/home/runner/.cache/JetBrains/Kotlin/extract.cache/5cadb5bf88-OpenJDK25U-jdk_x64_linux_hotspot_25.0.4.1_1.tar.gz.63903a.d/jdk-25.0.4.1+1/legal/jdk.editpad/LICENSE' CREATED, '/home/runner/.cache/JetBrains/Kotlin/extract.cache/5cadb5bf88-OpenJDK25U-jdk_x64_linux_hotspot_25.0.4.1_1.tar.gz.63903a.d/jdk-25.0.4.1+1/legal/jdk.hotspot.agent/ASSEMBLY_EXCEPTION' CREATED, '/home/runner/.cache/JetBrains/Kotlin/extract.cache/5cadb5bf88-OpenJDK25U-jdk_x64_linux_hotspot_25.0.4.1_1.tar.gz.63903a.d/jdk-25.0.4.1+1/legal/jdk.hotspot.agent/ADDITIONAL_LICENSE_INFO' CREATED, '/home/runner/.cache/JetBrains/Kotlin/extract.cache/5cadb5bf88-OpenJDK25U-jdk_x64_linux_hotspot_25.0.4.1_1.tar.gz.63903a.d/jdk-25.0.4.1+1/legal/jdk.hotspot.agent/LICENSE' CREATED, '/home/runner/.cache/JetBrains/Kotlin/extract.cache/5cadb5bf88-OpenJDK25U-jdk_x64_linux_hotspot_25.0.4.1_1.tar.gz.63903a.d/jdk-25.0.4.1+1/legal/jdk.nio.mapmode/ASSEMBLY_EXCEPTION' CREATED, '/home/runner/.cache/JetBrains/Kotlin/extract.cache/5cadb5bf88-OpenJDK25U-jdk_x64_linux_hotspot_25.0.4.1_1.tar.gz.63903a.d/jdk-25.0.4.1+1/legal/jdk.nio.mapmode/ADDITIONAL_LICENSE_INFO' CREATED, '/home/runner/.cache/JetBrains/Kotlin/extract.cache/5cadb5bf88-OpenJDK25U-jdk_x64_linux_hotspot_25.0.4.1_1.tar.gz.63903a.d/jdk-25.0.4.1+1/legal/jdk.nio.mapmode/LICENSE' CREATED, '/home/runner/.cache/JetBrains/Kotlin/extract.cache/5cadb5bf88-OpenJDK25U-jdk_x64_linux_hotspot_25.0.4.1_1.tar.gz.63903a.d/jdk-25.0.4.1+1/legal/jdk.incubator.vector/ASSEMBLY_EXCEPTION' CREATED, '/home/runner/.cache/JetBrains/Kotlin/extract.cache/5cadb5bf88-OpenJDK25U-jdk_x64_linux_hotspot_25.0.4.1_1.tar.gz.63903a.d/jdk-25.0.4.1+1/legal/jdk.incubator.vector/ADDITIONAL_LICENSE_INFO' CREATED, '/home/runner/.cache/JetBrains/Kotlin/extract.cache/5cadb5bf88-OpenJDK25U-jdk_x64_linux_hotspot_25.0.4.1_1.tar.gz.63903a.d/jdk-25.0.4.1+1/legal/jdk.incubator.vector/sleef.md' CREATED, '/home/runner/.cache/JetBrains/Kotlin/extract.cache/5cadb5bf88-OpenJDK25U-jdk_x64_linux_hotspot_25.0.4.1_1.tar.gz.63903a.d/jdk-25.0.4.1+1/legal/jdk.incubator.vector/LICENSE' CREATED, '/home/runner/.cache/JetBrains/Kotlin/extract.cache/5cadb5bf88-OpenJDK25U-jdk_x64_linux_hotspot_25.0.4.1_1.tar.gz.63903a.d/jdk-25.0.4.1+1/legal/jdk.jdeps/ASSEMBLY_EXCEPTION' CREATED, '/home/runner/.cache/JetBrains/Kotlin/extract.cache/5cadb5bf88-OpenJDK25U-jdk_x64_linux_hotspot_25.0.4.1_1.tar.gz.63903a.d/jdk-25.0.4.1+1/legal/jdk.jdeps/ADDITIONAL_LICENSE_INFO' CREATED, '/home/runner/.cache/JetBrains/Kotlin/extract.cache/5cadb5bf88-OpenJDK25U-jdk_x64_linux_hotspot_25.0.4.1_1.tar.gz.63903a.d/jdk-25.0.4.1+1/legal/jdk.jdeps/LICENSE' CREATED, '/home/runner/.cache/JetBrains/Kotlin/extract.cache/5cadb5bf88-OpenJDK25U-jdk_x64_linux_hotspot_25.0.4.1_1.tar.gz.63903a.d/jdk-25.0.4.1+1/legal/jdk.zipfs/ASSEMBLY_EXCEPTION' CREATED, '/home/runner/.cache/JetBrains/Kotlin/extract.cache/5cadb5bf88-OpenJDK25U-jdk_x64_linux_hotspot_25.0.4.1_1.tar.gz.63903a.d/jdk-25.0.4.1+1/legal/jdk.zipfs/ADDITIONAL_LICENSE_INFO' CREATED, '/home/runner/.cache/JetBrains/Kotlin/extract.cache/5cadb5bf88-OpenJDK25U-jdk_x64_linux_hotspot_25.0.4.1_1.tar.gz.63903a.d/jdk-25.0.4.1+1/legal/jdk.zipfs/LICENSE' CREATED, '/home/runner/.cache/JetBrains/Kotlin/extract.cache/5cadb5bf88-OpenJDK25U-jdk_x64_linux_hotspot_25.0.4.1_1.tar.gz.63903a.d/jdk-25.0.4.1+1/legal/java.naming/ASSEMBLY_EXCEPTION' CREATED, '/home/runner/.cache/JetBrains/Kotlin/extract.cache/5cadb5bf88-OpenJDK25U-jdk_x64_linux_hotspot_25.0.4.1_1.tar.gz.63903a.d/jdk-25.0.4.1+1/legal/java.naming/ADDITIONAL_LICENSE_INFO' CREATED, '/home/runner/.cache/JetBrains/Kotlin/extract.cache/5cadb5bf88-OpenJDK25U-jdk_x64_linux_hotspot_25.0.4.1_1.tar.gz.63903a.d/jdk-25.0.4.1+1/legal/java.naming/LICENSE' CREATED, '/home/runner/.cache/JetBrains/Kotlin/extract.cache/5cadb5bf88-OpenJDK25U-jdk_x64_linux_hotspot_25.0.4.1_1.tar.gz.63903a.d/jdk-25.0.4.1+1/legal/jdk.internal.jvmstat/ASSEMBLY_EXCEPTION' CREATED, '/home/runner/.cache/JetBrains/Kotlin/extract.cache/5cadb5bf88-OpenJDK25U-jdk_x64_linux_hotspot_25.0.4.1_1.tar.gz.63903a.d/jdk-25.0.4.1+1/legal/jdk.internal.jvmstat/ADDITIONAL_LICENSE_INFO' CREATED, '/home/runner/.cache/JetBrains/Kotlin/extract.cache/5cadb5bf88-OpenJDK25U-jdk_x64_linux_hotspot_25.0.4.1_1.tar.gz.63903a.d/jdk-25.0.4.1+1/legal/jdk.internal.jvmstat/LICENSE' CREATED, '/home/runner/.cache/JetBrains/Kotlin/extract.cache/5cadb5bf88-OpenJDK25U-jdk_x64_linux_hotspot_25.0.4.1_1.tar.gz.63903a.d/jdk-25.0.4.1+1/legal/jdk.jstatd/ASSEMBLY_EXCEPTION' CREATED, '/home/runner/.cache/JetBrains/Kotlin/extract.cache/5cadb5bf88-OpenJDK25U-jdk_x64_linux_hotspot_25.0.4.1_1.tar.gz.63903a.d/jdk-25.0.4.1+1/legal/jdk.jstatd/ADDITIONAL_LICENSE_INFO' CREATED, '/home/runner/.cache/JetBrains/Kotlin/extract.cache/5cadb5bf88-OpenJDK25U-jdk_x64_linux_hotspot_25.0.4.1_1.tar.gz.63903a.d/jdk-25.0.4.1+1/legal/jdk.jstatd/LICENSE' CREATED, '/home/runner/.cache/JetBrains/Kotlin/extract.cache/5cadb5bf88-OpenJDK25U-jdk_x64_linux_hotspot_25.0.4.1_1.tar.gz.63903a.d/jdk-25.0.4.1+1/legal/jdk.security.jgss/ASSEMBLY_EXCEPTION' CREATED, '/home/runner/.cache/JetBrains/Kotlin/extract.cache/5cadb5bf88-OpenJDK25U-jdk_x64_linux_hotspot_25.0.4.1_1.tar.gz.63903a.d/jdk-25.0.4.1+1/legal/jdk.security.jgss/ADDITIONAL_LICENSE_INFO' CREATED, '/home/runner/.cache/JetBrains/Kotlin/extract.cache/5cadb5bf88-OpenJDK25U-jdk_x64_linux_hotspot_25.0.4.1_1.tar.gz.63903a.d/jdk-25.0.4.1+1/legal/jdk.security.jgss/LICENSE' CREATED, '/home/runner/.cache/JetBrains/Kotlin/extract.cache/5cadb5bf88-OpenJDK25U-jdk_x64_linux_hotspot_25.0.4.1_1.tar.gz.63903a.d/jdk-25.0.4.1+1/legal/java.security.jgss/ASSEMBLY_EXCEPTION' CREATED, '/home/runner/.cache/JetBrains/Kotlin/extract.cache/5cadb5bf88-OpenJDK25U-jdk_x64_linux_hotspot_25.0.4.1_1.tar.gz.63903a.d/jdk-25.0.4.1+1/legal/java.security.jgss/ADDITIONAL_LICENSE_INFO' CREATED, '/home/runner/.cache/JetBrains/Kotlin/extract.cache/5cadb5bf88-OpenJDK25U-jdk_x64_linux_hotspot_25.0.4.1_1.tar.gz.63903a.d/jdk-25.0.4.1+1/legal/java.security.jgss/LICENSE' CREATED, '/home/runner/.cache/JetBrains/Kotlin/extract.cache/5cadb5bf88-OpenJDK25U-jdk_x64_linux_hotspot_25.0.4.1_1.tar.gz.63903a.d/jdk-25.0.4.1+1/legal/jdk.crypto.ec/ASSEMBLY_EXCEPTION' CREATED, '/home/runner/.cache/JetBrains/Kotlin/extract.cache/5cadb5bf88-OpenJDK25U-jdk_x64_linux_hotspot_25.0.4.1_1.tar.gz.63903a.d/jdk-25.0.4.1+1/legal/jdk.crypto.ec/ADDITIONAL_LICENSE_INFO' CREATED, '/home/runner/.cache/JetBrains/Kotlin/extract.cache/5cadb5bf88-OpenJDK25U-jdk_x64_linux_hotspot_25.0.4.1_1.tar.gz.63903a.d/jdk-25.0.4.1+1/legal/jdk.crypto.ec/LICENSE' CREATED, '/home/runner/.cache/JetBrains/Kotlin/extract.cache/5cadb5bf88-OpenJDK25U-jdk_x64_linux_hotspot_25.0.4.1_1.tar.gz.63903a.d/jdk-25.0.4.1+1/legal/jdk.compiler/ASSEMBLY_EXCEPTION' CREATED, '/home/runner/.cache/JetBrains/Kotlin/extract.cache/5cadb5bf88-OpenJDK25U-jdk_x64_linux_hotspot_25.0.4.1_1.tar.gz.63903a.d/jdk-25.0.4.1+1/legal/jdk.compiler/ADDITIONAL_LICENSE_INFO' CREATED, '/home/runner/.cache/JetBrains/Kotlin/extract.cache/5cadb5bf88-OpenJDK25U-jdk_x64_linux_hotspot_25.0.4.1_1.tar.gz.63903a.d/jdk-25.0.4.1+1/legal/jdk.compiler/LICENSE' CREATED, '/home/runner/.cache/JetBrains/Kotlin/extract.cache/5cadb5bf88-OpenJDK25U-jdk_x64_linux_hotspot_25.0.4.1_1.tar.gz.63903a.d/jdk-25.0.4.1+1/legal/java.se/ASSEMBLY_EXCEPTION' CREATED, '/home/runner/.cache/JetBrains/Kotlin/extract.cache/5cadb5bf88-OpenJDK25U-jdk_x64_linux_hotspot_25.0.4.1_1.tar.gz.63903a.d/jdk-25.0.4.1+1/legal/java.se/ADDITIONAL_LICENSE_INFO' CREATED, '/home/runner/.cache/JetBrains/Kotlin/extract.cache/5cadb5bf88-OpenJDK25U-jdk_x64_linux_hotspot_25.0.4.1_1.tar.gz.63903a.d/jdk-25.0.4.1+1/legal/java.se/LICENSE' CREATED, '/home/runner/.cache/JetBrains/Kotlin/extract.cache/5cadb5bf88-OpenJDK25U-jdk_x64_linux_hotspot_25.0.4.1_1.tar.gz.63903a.d/jdk-25.0.4.1+1/legal/java.logging/ASSEMBLY_EXCEPTION' CREATED, '/home/runner/.cache/JetBrains/Kotlin/extract.cache/5cadb5bf88-OpenJDK25U-jdk_x64_linux_hotspot_25.0.4.1_1.tar.gz.63903a.d/jdk-25.0.4.1+1/legal/java.logging/ADDITIONAL_LICENSE_INFO' CREATED, '/home/runner/.cache/JetBrains/Kotlin/extract.cache/5cadb5bf88-OpenJDK25U-jdk_x64_linux_hotspot_25.0.4.1_1.tar.gz.63903a.d/jdk-25.0.4.1+1/legal/java.logging/LICENSE' CREATED, '/home/runner/.cache/JetBrains/Kotlin/extract.cache/5cadb5bf88-OpenJDK25U-jdk_x64_linux_hotspot_25.0.4.1_1.tar.gz.63903a.d/jdk-25.0.4.1+1/legal/jdk.sctp/ASSEMBLY_EXCEPTION' CREATED, '/home/runner/.cache/JetBrains/Kotlin/extract.cache/5cadb5bf88-OpenJDK25U-jdk_x64_linux_hotspot_25.0.4.1_1.tar.gz.63903a.d/jdk-25.0.4.1+1/legal/jdk.sctp/ADDITIONAL_LICENSE_INFO' CREATED, '/home/runner/.cache/JetBrains/Kotlin/extract.cache/5cadb5bf88-OpenJDK25U-jdk_x64_linux_hotspot_25.0.4.1_1.tar.gz.63903a.d/jdk-25.0.4.1+1/legal/jdk.sctp/LICENSE' CREATED, '/home/runner/.cache/JetBrains/Kotlin/extract.cache/5cadb5bf88-OpenJDK25U-jdk_x64_linux_hotspot_25.0.4.1_1.tar.gz.63903a.d/jdk-25.0.4.1+1/legal/java.xml/xalan.md' CREATED, '/home/runner/.cache/JetBrains/Kotlin/extract.cache/5cadb5bf88-OpenJDK25U-jdk_x64_linux_hotspot_25.0.4.1_1.tar.gz.63903a.d/jdk-25.0.4.1+1/legal/java.xml/xhtml10schema.md' CREATED, '/home/runner/.cache/JetBrains/Kotlin/extract.cache/5cadb5bf88-OpenJDK25U-jdk_x64_linux_hotspot_25.0.4.1_1.tar.gz.63903a.d/jdk-25.0.4.1+1/legal/java.xml/xmlxsd.md' CREATED, '/home/runner/.cache/JetBrains/Kotlin/extract.cache/5cadb5bf88-OpenJDK25U-jdk_x64_linux_hotspot_25.0.4.1_1.tar.gz.63903a.d/jdk-25.0.4.1+1/legal/java.xml/xhtml11schema.md' CREATED, '/home/runner/.cache/JetBrains/Kotlin/extract.cache/5cadb5bf88-OpenJDK25U-jdk_x64_linux_hotspot_25.0.4.1_1.tar.gz.63903a.d/jdk-25.0.4.1+1/legal/java.xml/xmlspec.md' CREATED, '/home/runner/.cache/JetBrains/Kotlin/extract.cache/5cadb5bf88-OpenJDK25U-jdk_x64_linux_hotspot_25.0.4.1_1.tar.gz.63903a.d/jdk-25.0.4.1+1/legal/java.xml/ASSEMBLY_EXCEPTION' CREATED, '/home/runner/.cache/JetBrains/Kotlin/extract.cache/5cadb5bf88-OpenJDK25U-jdk_x64_linux_hotspot_25.0.4.1_1.tar.gz.63903a.d/jdk-25.0.4.1+1/legal/java.xml/ADDITIONAL_LICENSE_INFO' CREATED, '/home/runner/.cache/JetBrains/Kotlin/extract.cache/5cadb5bf88-OpenJDK25U-jdk_x64_linux_hotspot_25.0.4.1_1.tar.gz.63903a.d/jdk-25.0.4.1+1/legal/java.xml/schema10part1.md' CREATED, '/home/runner/.cache/JetBrains/Kotlin/extract.cache/5cadb5bf88-OpenJDK25U-jdk_x64_linux_hotspot_25.0.4.1_1.tar.gz.63903a.d/jdk-25.0.4.1+1/legal/java.xml/jcup.md' CREATED, '/home/runner/.cache/JetBrains/Kotlin/extract.cache/5cadb5bf88-OpenJDK25U-jdk_x64_linux_hotspot_25.0.4.1_1.tar.gz.63903a.d/jdk-25.0.4.1+1/legal/java.xml/bcel.md' CREATED, '/home/runner/.cache/JetBrains/Kotlin/extract.cache/5cadb5bf88-OpenJDK25U-jdk_x64_linux_hotspot_25.0.4.1_1.tar.gz.63903a.d/jdk-25.0.4.1+1/legal/java.xml/xhtml10.md' CREATED, '/home/runner/.cache/JetBrains/Kotlin/extract.cache/5cadb5bf88-OpenJDK25U-jdk_x64_linux_hotspot_25.0.4.1_1.tar.gz.63903a.d/jdk-25.0.4.1+1/legal/java.xml/xhtml11.md' CREATED, '/home/runner/.cache/JetBrains/Kotlin/extract.cache/5cadb5bf88-OpenJDK25U-jdk_x64_linux_hotspot_25.0.4.1_1.tar.gz.63903a.d/jdk-25.0.4.1+1/legal/java.xml/LICENSE' CREATED, '/home/runner/.cache/JetBrains/Kotlin/extract.cache/5cadb5bf88-OpenJDK25U-jdk_x64_linux_hotspot_25.0.4.1_1.tar.gz.63903a.d/jdk-25.0.4.1+1/legal/java.xml/xerces.md' CREATED, '/home/runner/.cache/JetBrains/Kotlin/extract.cache/5cadb5bf88-OpenJDK25U-jdk_x64_linux_hotspot_25.0.4.1_1.tar.gz.63903a.d/jdk-25.0.4.1+1/legal/java.xml/dom.md' CREATED, '/home/runner/.cache/JetBrains/Kotlin/extract.cache/5cadb5bf88-OpenJDK25U-jdk_x64_linux_hotspot_25.0.4.1_1.tar.gz.63903a.d/jdk-25.0.4.1+1/legal/java.xml/schema10part2.md' CREATED, '/home/runner/.cache/JetBrains/Kotlin/extract.cache/5cadb5bf88-OpenJDK25U-jdk_x64_linux_hotspot_25.0.4.1_1.tar.gz.63903a.d/jdk-25.0.4.1+1/legal/java.sql.rowset/ASSEMBLY_EXCEPTION' CREATED, '/home/runner/.cache/JetBrains/Kotlin/extract.cache/5cadb5bf88-OpenJDK25U-jdk_x64_linux_hotspot_25.0.4.1_1.tar.gz.63903a.d/jdk-25.0.4.1+1/legal/java.sql.rowset/ADDITIONAL_LICENSE_INFO' CREATED, '/home/runner/.cache/JetBrains/Kotlin/extract.cache/5cadb5bf88-OpenJDK25U-jdk_x64_linux_hotspot_25.0.4.1_1.tar.gz.63903a.d/jdk-25.0.4.1+1/legal/java.sql.rowset/LICENSE' CREATED, '/home/runner/.cache/JetBrains/Kotlin/extract.cache/5cadb5bf88-OpenJDK25U-jdk_x64_linux_hotspot_25.0.4.1_1.tar.gz.63903a.d/jdk-25.0.4.1+1/legal/java.transaction.xa/ASSEMBLY_EXCEPTION' CREATED, '/home/runner/.cache/JetBrains/Kotlin/extract.cache/5cadb5bf88-OpenJDK25U-jdk_x64_linux_hotspot_25.0.4.1_1.tar.gz.63903a.d/jdk-25.0.4.1+1/legal/java.transaction.xa/ADDITIONAL_LICENSE_INFO' CREATED, '/home/runner/.cache/JetBrains/Kotlin/extract.cache/5cadb5bf88-OpenJDK25U-jdk_x64_linux_hotspot_25.0.4.1_1.tar.gz.63903a.d/jdk-25.0.4.1+1/legal/java.transaction.xa/LICENSE' CREATED, '/home/runner/.cache/JetBrains/Kotlin/extract.cache/5cadb5bf88-OpenJDK25U-jdk_x64_linux_hotspot_25.0.4.1_1.tar.gz.63903a.d/jdk-25.0.4.1+1/legal/jdk.management/ASSEMBLY_EXCEPTION' CREATED, '/home/runner/.cache/JetBrains/Kotlin/extract.cache/5cadb5bf88-OpenJDK25U-jdk_x64_linux_hotspot_25.0.4.1_1.tar.gz.63903a.d/jdk-25.0.4.1+1/legal/jdk.management/ADDITIONAL_LICENSE_INFO' CREATED, '/home/runner/.cache/JetBrains/Kotlin/extract.cache/5cadb5bf88-OpenJDK25U-jdk_x64_linux_hotspot_25.0.4.1_1.tar.gz.63903a.d/jdk-25.0.4.1+1/legal/jdk.management/LICENSE' CREATED, '/home/runner/.cache/JetBrains/Kotlin/extract.cache/5cadb5bf88-OpenJDK25U-jdk_x64_linux_hotspot_25.0.4.1_1.tar.gz.63903a.d/jdk-25.0.4.1+1/legal/java.xml.crypto/ASSEMBLY_EXCEPTION' CREATED, '/home/runner/.cache/JetBrains/Kotlin/extract.cache/5cadb5bf88-OpenJDK25U-jdk_x64_linux_hotspot_25.0.4.1_1.tar.gz.63903a.d/jdk-25.0.4.1+1/legal/java.xml.crypto/ADDITIONAL_LICENSE_INFO' CREATED, '/home/runner/.cache/JetBrains/Kotlin/extract.cache/5cadb5bf88-OpenJDK25U-jdk_x64_linux_hotspot_25.0.4.1_1.tar.gz.63903a.d/jdk-25.0.4.1+1/legal/java.xml.crypto/LICENSE' CREATED, '/home/runner/.cache/JetBrains/Kotlin/extract.cache/5cadb5bf88-OpenJDK25U-jdk_x64_linux_hotspot_25.0.4.1_1.tar.gz.63903a.d/jdk-25.0.4.1+1/legal/java.xml.crypto/santuario.md' CREATED, '/home/runner/.cache/JetBrains/Kotlin/extract.cache/5cadb5bf88-OpenJDK25U-jdk_x64_linux_hotspot_25.0.4.1_1.tar.gz.63903a.d/jdk-25.0.4.1+1/legal/jdk.graal.compiler/ASSEMBLY_EXCEPTION' CREATED, '/home/runner/.cache/JetBrains/Kotlin/extract.cache/5cadb5bf88-OpenJDK25U-jdk_x64_linux_hotspot_25.0.4.1_1.tar.gz.63903a.d/jdk-25.0.4.1+1/legal/jdk.graal.compiler/ADDITIONAL_LICENSE_INFO' CREATED, '/home/runner/.cache/JetBrains/Kotlin/extract.cache/5cadb5bf88-OpenJDK25U-jdk_x64_linux_hotspot_25.0.4.1_1.tar.gz.63903a.d/jdk-25.0.4.1+1/legal/jdk.graal.compiler/LICENSE' CREATED, '/home/runner/.cache/JetBrains/Kotlin/extract.cache/5cadb5bf88-OpenJDK25U-jdk_x64_linux_hotspot_25.0.4.1_1.tar.gz.63903a.d/jdk-25.0.4.1+1/legal/jdk.jlink/ASSEMBLY_EXCEPTION' CREATED, '/home/runner/.cache/JetBrains/Kotlin/extract.cache/5cadb5bf88-OpenJDK25U-jdk_x64_linux_hotspot_25.0.4.1_1.tar.gz.63903a.d/jdk-25.0.4.1+1/legal/jdk.jlink/ADDITIONAL_LICENSE_INFO' CREATED, '/home/runner/.cache/JetBrains/Kotlin/extract.cache/5cadb5bf88-OpenJDK25U-jdk_x64_linux_hotspot_25.0.4.1_1.tar.gz.63903a.d/jdk-25.0.4.1+1/legal/jdk.jlink/LICENSE' CREATED, '/home/runner/.cache/JetBrains/Kotlin/extract.cache/5cadb5bf88-OpenJDK25U-jdk_x64_linux_hotspot_25.0.4.1_1.tar.gz.63903a.d/jdk-25.0.4.1+1/legal/java.compiler/ASSEMBLY_EXCEPTION' CREATED, '/home/runner/.cache/JetBrains/Kotlin/extract.cache/5cadb5bf88-OpenJDK25U-jdk_x64_linux_hotspot_25.0.4.1_1.tar.gz.63903a.d/jdk-25.0.4.1+1/legal/java.compiler/ADDITIONAL_LICENSE_INFO' CREATED, '/home/runner/.cache/JetBrains/Kotlin/extract.cache/5cadb5bf88-OpenJDK25U-jdk_x64_linux_hotspot_25.0.4.1_1.tar.gz.63903a.d/jdk-25.0.4.1+1/legal/java.compiler/LICENSE' CREATED, '/home/runner/.cache/JetBrains/Kotlin/extract.cache/5cadb5bf88-OpenJDK25U-jdk_x64_linux_hotspot_25.0.4.1_1.tar.gz.63903a.d/jdk-25.0.4.1+1/legal/jdk.charsets/ASSEMBLY_EXCEPTION' CREATED, '/home/runner/.cache/JetBrains/Kotlin/extract.cache/5cadb5bf88-OpenJDK25U-jdk_x64_linux_hotspot_25.0.4.1_1.tar.gz.63903a.d/jdk-25.0.4.1+1/legal/jdk.charsets/ADDITIONAL_LICENSE_INFO' CREATED, '/home/runner/.cache/JetBrains/Kotlin/extract.cache/5cadb5bf88-OpenJDK25U-jdk_x64_linux_hotspot_25.0.4.1_1.tar.gz.63903a.d/jdk-25.0.4.1+1/legal/jdk.charsets/LICENSE' CREATED, '/home/runner/.cache/JetBrains/Kotlin/extract.cache/5cadb5bf88-OpenJDK25U-jdk_x64_linux_hotspot_25.0.4.1_1.tar.gz.63903a.d/jdk-25.0.4.1+1/legal/jdk.internal.opt/ASSEMBLY_EXCEPTION' CREATED, '/home/runner/.cache/JetBrains/Kotlin/extract.cache/5cadb5bf88-OpenJDK25U-jdk_x64_linux_hotspot_25.0.4.1_1.tar.gz.63903a.d/jdk-25.0.4.1+1/legal/jdk.internal.opt/ADDITIONAL_LICENSE_INFO' CREATED, '/home/runner/.cache/JetBrains/Kotlin/extract.cache/5cadb5bf88-OpenJDK25U-jdk_x64_linux_hotspot_25.0.4.1_1.tar.gz.63903a.d/jdk-25.0.4.1+1/legal/jdk.internal.opt/LICENSE' CREATED, '/home/runner/.cache/JetBrains/Kotlin/extract.cache/5cadb5bf88-OpenJDK25U-jdk_x64_linux_hotspot_25.0.4.1_1.tar.gz.63903a.d/jdk-25.0.4.1+1/legal/jdk.internal.opt/jopt-simple.md' CREATED, '/home/runner/.cache/JetBrains/Kotlin/extract.cache/5cadb5bf88-OpenJDK25U-jdk_x64_linux_hotspot_25.0.4.1_1.tar.gz.63903a.d/jdk-25.0.4.1+1/man/man1/javap.1' CREATED, '/home/runner/.cache/JetBrains/Kotlin/extract.cache/5cadb5bf88-OpenJDK25U-jdk_x64_linux_hotspot_25.0.4.1_1.tar.gz.63903a.d/jdk-25.0.4.1+1/man/man1/jdb.1' CREATED, '/home/runner/.cache/JetBrains/Kotlin/extract.cache/5cadb5bf88-OpenJDK25U-jdk_x64_linux_hotspot_25.0.4.1_1.tar.gz.63903a.d/jdk-25.0.4.1+1/man/man1/jps.1' CREATED, '/home/runner/.cache/JetBrains/Kotlin/extract.cache/5cadb5bf88-OpenJDK25U-jdk_x64_linux_hotspot_25.0.4.1_1.tar.gz.63903a.d/jdk-25.0.4.1+1/man/man1/jshell.1' CREATED, '/home/runner/.cache/JetBrains/Kotlin/extract.cache/5cadb5bf88-OpenJDK25U-jdk_x64_linux_hotspot_25.0.4.1_1.tar.gz.63903a.d/jdk-25.0.4.1+1/man/man1/jmod.1' CREATED, '/home/runner/.cache/JetBrains/Kotlin/extract.cache/5cadb5bf88-OpenJDK25U-jdk_x64_linux_hotspot_25.0.4.1_1.tar.gz.63903a.d/jdk-25.0.4.1+1/man/man1/jstack.1' CREATED, '/home/runner/.cache/JetBrains/Kotlin/extract.cache/5cadb5bf88-OpenJDK25U-jdk_x64_linux_hotspot_25.0.4.1_1.tar.gz.63903a.d/jdk-25.0.4.1+1/man/man1/javadoc.1' CREATED, '/home/runner/.cache/JetBrains/Kotlin/extract.cache/5cadb5bf88-OpenJDK25U-jdk_x64_linux_hotspot_25.0.4.1_1.tar.gz.63903a.d/jdk-25.0.4.1+1/man/man1/jmap.1' CREATED, '/home/runner/.cache/JetBrains/Kotlin/extract.cache/5cadb5bf88-OpenJDK25U-jdk_x64_linux_hotspot_25.0.4.1_1.tar.gz.63903a.d/jdk-25.0.4.1+1/man/man1/jdeps.1' CREATED, '/home/runner/.cache/JetBrains/Kotlin/extract.cache/5cadb5bf88-OpenJDK25U-jdk_x64_linux_hotspot_25.0.4.1_1.tar.gz.63903a.d/jdk-25.0.4.1+1/man/man1/jrunscript.1' CREATED, '/home/runner/.cache/JetBrains/Kotlin/extract.cache/5cadb5bf88-OpenJDK25U-jdk_x64_linux_hotspot_25.0.4.1_1.tar.gz.63903a.d/jdk-25.0.4.1+1/man/man1/jcmd.1' CREATED, '/home/runner/.cache/JetBrains/Kotlin/extract.cache/5cadb5bf88-OpenJDK25U-jdk_x64_linux_hotspot_25.0.4.1_1.tar.gz.63903a.d/jdk-25.0.4.1+1/man/man1/jarsigner.1' CREATED, '/home/runner/.cache/JetBrains/Kotlin/extract.cache/5cadb5bf88-OpenJDK25U-jdk_x64_linux_hotspot_25.0.4.1_1.tar.gz.63903a.d/jdk-25.0.4.1+1/man/man1/jdeprscan.1' CREATED, '/home/runner/.cache/JetBrains/Kotlin/extract.cache/5cadb5bf88-OpenJDK25U-jdk_x64_linux_hotspot_25.0.4.1_1.tar.gz.63903a.d/jdk-25.0.4.1+1/man/man1/jnativescan.1' CREATED, '/home/runner/.cache/JetBrains/Kotlin/extract.cache/5cadb5bf88-OpenJDK25U-jdk_x64_linux_hotspot_25.0.4.1_1.tar.gz.63903a.d/jdk-25.0.4.1+1/man/man1/jinfo.1' CREATED, '/home/runner/.cache/JetBrains/Kotlin/extract.cache/5cadb5bf88-OpenJDK25U-jdk_x64_linux_hotspot_25.0.4.1_1.tar.gz.63903a.d/jdk-25.0.4.1+1/man/man1/jar.1' CREATED, '/home/runner/.cache/JetBrains/Kotlin/extract.cache/5cadb5bf88-OpenJDK25U-jdk_x64_linux_hotspot_25.0.4.1_1.tar.gz.63903a.d/jdk-25.0.4.1+1/man/man1/keytool.1' CREATED, '/home/runner/.cache/JetBrains/Kotlin/extract.cache/5cadb5bf88-OpenJDK25U-jdk_x64_linux_hotspot_25.0.4.1_1.tar.gz.63903a.d/jdk-25.0.4.1+1/man/man1/jlink.1' CREATED, '/home/runner/.cache/JetBrains/Kotlin/extract.cache/5cadb5bf88-OpenJDK25U-jdk_x64_linux_hotspot_25.0.4.1_1.tar.gz.63903a.d/jdk-25.0.4.1+1/man/man1/java.1' CREATED, '/home/runner/.cache/JetBrains/Kotlin/extract.cache/5cadb5bf88-OpenJDK25U-jdk_x64_linux_hotspot_25.0.4.1_1.tar.gz.63903a.d/jdk-25.0.4.1+1/man/man1/jfr.1' CREATED, '/home/runner/.cache/JetBrains/Kotlin/extract.cache/5cadb5bf88-OpenJDK25U-jdk_x64_linux_hotspot_25.0.4.1_1.tar.gz.63903a.d/jdk-25.0.4.1+1/man/man1/jstatd.1' CREATED, '/home/runner/.cache/JetBrains/Kotlin/extract.cache/5cadb5bf88-OpenJDK25U-jdk_x64_linux_hotspot_25.0.4.1_1.tar.gz.63903a.d/jdk-25.0.4.1+1/man/man1/javac.1' CREATED, '/home/runner/.cache/JetBrains/Kotlin/extract.cache/5cadb5bf88-OpenJDK25U-jdk_x64_linux_hotspot_25.0.4.1_1.tar.gz.63903a.d/jdk-25.0.4.1+1/man/man1/rmiregistry.1' CREATED, '/home/runner/.cache/JetBrains/Kotlin/extract.cache/5cadb5bf88-OpenJDK25U-jdk_x64_linux_hotspot_25.0.4.1_1.tar.gz.63903a.d/jdk-25.0.4.1+1/man/man1/jstat.1' CREATED, '/home/runner/.cache/JetBrains/Kotlin/extract.cache/5cadb5bf88-OpenJDK25U-jdk_x64_linux_hotspot_25.0.4.1_1.tar.gz.63903a.d/jdk-25.0.4.1+1/man/man1/serialver.1' CREATED, '/home/runner/.cache/JetBrains/Kotlin/extract.cache/5cadb5bf88-OpenJDK25U-jdk_x64_linux_hotspot_25.0.4.1_1.tar.gz.63903a.d/jdk-25.0.4.1+1/man/man1/jwebserver.1' CREATED, '/home/runner/.cache/JetBrains/Kotlin/extract.cache/5cadb5bf88-OpenJDK25U-jdk_x64_linux_hotspot_25.0.4.1_1.tar.gz.63903a.d/jdk-25.0.4.1+1/man/man1/jconsole.1' CREATED, '/home/runner/.cache/JetBrains/Kotlin/extract.cache/5cadb5bf88-OpenJDK25U-jdk_x64_linux_hotspot_25.0.4.1_1.tar.gz.63903a.d/jdk-25.0.4.1+1/man/man1/jpackage.1' CREATED, '/home/runner/.cache/JetBrains/Kotlin/extract.cache/5cadb5bf88-OpenJDK25U-jdk_x64_linux_hotspot_25.0.4.1_1.tar.gz.63903a.d/jdk-25.0.4.1+1/man/man1/jhsdb.1' CREATED, '/home/runner/.cache/JetBrains/Kotlin/extract.cache/5cadb5bf88-OpenJDK25U-jdk_x64_linux_hotspot_25.0.4.1_1.tar.gz.63903a.d/jdk-25.0.4.1+1/bin/jhsdb' CREATED, '/home/runner/.cache/JetBrains/Kotlin/extract.cache/5cadb5bf88-OpenJDK25U-jdk_x64_linux_hotspot_25.0.4.1_1.tar.gz.63903a.d/jdk-25.0.4.1+1/bin/jarsigner' CREATED, '/home/runner/.cache/JetBrains/Kotlin/extract.cache/5cadb5bf88-OpenJDK25U-jdk_x64_linux_hotspot_25.0.4.1_1.tar.gz.63903a.d/jdk-25.0.4.1+1/bin/javap' CREATED, '/home/runner/.cache/JetBrains/Kotlin/extract.cache/5cadb5bf88-OpenJDK25U-jdk_x64_linux_hotspot_25.0.4.1_1.tar.gz.63903a.d/jdk-25.0.4.1+1/bin/keytool' CREATED, '/home/runner/.cache/JetBrains/Kotlin/extract.cache/5cadb5bf88-OpenJDK25U-jdk_x64_linux_hotspot_25.0.4.1_1.tar.gz.63903a.d/jdk-25.0.4.1+1/bin/jmod' CREATED, '/home/runner/.cache/JetBrains/Kotlin/extract.cache/5cadb5bf88-OpenJDK25U-jdk_x64_linux_hotspot_25.0.4.1_1.tar.gz.63903a.d/jdk-25.0.4.1+1/bin/javac' CREATED, '/home/runner/.cache/JetBrains/Kotlin/extract.cache/5cadb5bf88-OpenJDK25U-jdk_x64_linux_hotspot_25.0.4.1_1.tar.gz.63903a.d/jdk-25.0.4.1+1/bin/jwebserver' CREATED, '/home/runner/.cache/JetBrains/Kotlin/extract.cache/5cadb5bf88-OpenJDK25U-jdk_x64_linux_hotspot_25.0.4.1_1.tar.gz.63903a.d/jdk-25.0.4.1+1/bin/jdb' CREATED, '/home/runner/.cache/JetBrains/Kotlin/extract.cache/5cadb5bf88-OpenJDK25U-jdk_x64_linux_hotspot_25.0.4.1_1.tar.gz.63903a.d/jdk-25.0.4.1+1/bin/java' CREATED, '/home/runner/.cache/JetBrains/Kotlin/extract.cache/5cadb5bf88-OpenJDK25U-jdk_x64_linux_hotspot_25.0.4.1_1.tar.gz.63903a.d/jdk-25.0.4.1+1/bin/jconsole' CREATED, '/home/runner/.cache/JetBrains/Kotlin/extract.cache/5cadb5bf88-OpenJDK25U-jdk_x64_linux_hotspot_25.0.4.1_1.tar.gz.63903a.d/jdk-25.0.4.1+1/bin/jshell' CREATED, '/home/runner/.cache/JetBrains/Kotlin/extract.cache/5cadb5bf88-OpenJDK25U-jdk_x64_linux_hotspot_25.0.4.1_1.tar.gz.63903a.d/jdk-25.0.4.1+1/bin/jstat' CREATED, '/home/runner/.cache/JetBrains/Kotlin/extract.cache/5cadb5bf88-OpenJDK25U-jdk_x64_linux_hotspot_25.0.4.1_1.tar.gz.63903a.d/jdk-25.0.4.1+1/bin/jdeprscan' CREATED, '/home/runner/.cache/JetBrains/Kotlin/extract.cache/5cadb5bf88-OpenJDK25U-jdk_x64_linux_hotspot_25.0.4.1_1.tar.gz.63903a.d/jdk-25.0.4.1+1/bin/jmap' CREATED, '/home/runner/.cache/JetBrains/Kotlin/extract.cache/5cadb5bf88-OpenJDK25U-jdk_x64_linux_hotspot_25.0.4.1_1.tar.gz.63903a.d/jdk-25.0.4.1+1/bin/serialver' CREATED, '/home/runner/.cache/JetBrains/Kotlin/extract.cache/5cadb5bf88-OpenJDK25U-jdk_x64_linux_hotspot_25.0.4.1_1.tar.gz.63903a.d/jdk-25.0.4.1+1/bin/jpackage' CREATED, '/home/runner/.cache/JetBrains/Kotlin/extract.cache/5cadb5bf88-OpenJDK25U-jdk_x64_linux_hotspot_25.0.4.1_1.tar.gz.63903a.d/jdk-25.0.4.1+1/bin/jstack' CREATED, '/home/runner/.cache/JetBrains/Kotlin/extract.cache/5cadb5bf88-OpenJDK25U-jdk_x64_linux_hotspot_25.0.4.1_1.tar.gz.63903a.d/jdk-25.0.4.1+1/bin/jstatd' CREATED, '/home/runner/.cache/JetBrains/Kotlin/extract.cache/5cadb5bf88-OpenJDK25U-jdk_x64_linux_hotspot_25.0.4.1_1.tar.gz.63903a.d/jdk-25.0.4.1+1/bin/jcmd' CREATED, '/home/runner/.cache/JetBrains/Kotlin/extract.cache/5cadb5bf88-OpenJDK25U-jdk_x64_linux_hotspot_25.0.4.1_1.tar.gz.63903a.d/jdk-25.0.4.1+1/bin/jdeps' CREATED, '/home/runner/.cache/JetBrains/Kotlin/extract.cache/5cadb5bf88-OpenJDK25U-jdk_x64_linux_hotspot_25.0.4.1_1.tar.gz.63903a.d/jdk-25.0.4.1+1/bin/jar' CREATED, '/home/runner/.cache/JetBrains/Kotlin/extract.cache/5cadb5bf88-OpenJDK25U-jdk_x64_linux_hotspot_25.0.4.1_1.tar.gz.63903a.d/jdk-25.0.4.1+1/bin/jps' CREATED, '/home/runner/.cache/JetBrains/Kotlin/extract.cache/5cadb5bf88-OpenJDK25U-jdk_x64_linux_hotspot_25.0.4.1_1.tar.gz.63903a.d/jdk-25.0.4.1+1/bin/jimage' CREATED, '/home/runner/.cache/JetBrains/Kotlin/extract.cache/5cadb5bf88-OpenJDK25U-jdk_x64_linux_hotspot_25.0.4.1_1.tar.gz.63903a.d/jdk-25.0.4.1+1/bin/jrunscript' CREATED, '/home/runner/.cache/JetBrains/Kotlin/extract.cache/5cadb5bf88-OpenJDK25U-jdk_x64_linux_hotspot_25.0.4.1_1.tar.gz.63903a.d/jdk-25.0.4.1+1/bin/jinfo' CREATED, '/home/runner/.cache/JetBrains/Kotlin/extract.cache/5cadb5bf88-OpenJDK25U-jdk_x64_linux_hotspot_25.0.4.1_1.tar.gz.63903a.d/jdk-25.0.4.1+1/bin/jnativescan' CREATED, '/home/runner/.cache/JetBrains/Kotlin/extract.cache/5cadb5bf88-OpenJDK25U-jdk_x64_linux_hotspot_25.0.4.1_1.tar.gz.63903a.d/jdk-25.0.4.1+1/bin/jfr' CREATED, '/home/runner/.cache/JetBrains/Kotlin/extract.cache/5cadb5bf88-OpenJDK25U-jdk_x64_linux_hotspot_25.0.4.1_1.tar.gz.63903a.d/jdk-25.0.4.1+1/bin/rmiregistry' CREATED, '/home/runner/.cache/JetBrains/Kotlin/extract.cache/5cadb5bf88-OpenJDK25U-jdk_x64_linux_hotspot_25.0.4.1_1.tar.gz.63903a.d/jdk-25.0.4.1+1/bin/javadoc' CREATED, '/home/runner/.cache/JetBrains/Kotlin/extract.cache/5cadb5bf88-OpenJDK25U-jdk_x64_linux_hotspot_25.0.4.1_1.tar.gz.63903a.d/jdk-25.0.4.1+1/bin/jlink' CREATED, '/home/runner/.cache/JetBrains/Kotlin/extract.cache/5cadb5bf88-OpenJDK25U-jdk_x64_linux_hotspot_25.0.4.1_1.tar.gz.63903a.d/jdk-25.0.4.1+1/NOTICE' CREATED, '/home/runner/.cache/JetBrains/Kotlin/extract.cache/5cadb5bf88-OpenJDK25U-jdk_x64_linux_hotspot_25.0.4.1_1.tar.gz.63903a.d/jdk-25.0.4.1+1/include/jni.h' CREATED, '/home/runner/.cache/JetBrains/Kotlin/extract.cache/5cadb5bf88-OpenJDK25U-jdk_x64_linux_hotspot_25.0.4.1_1.tar.gz.63903a.d/jdk-25.0.4.1+1/include/classfile_constants.h' CREATED, '/home/runner/.cache/JetBrains/Kotlin/extract.cache/5cadb5bf88-OpenJDK25U-jdk_x64_linux_hotspot_25.0.4.1_1.tar.gz.63903a.d/jdk-25.0.4.1+1/include/jawt.h' CREATED, '/home/runner/.cache/JetBrains/Kotlin/extract.cache/5cadb5bf88-OpenJDK25U-jdk_x64_linux_hotspot_25.0.4.1_1.tar.gz.63903a.d/jdk-25.0.4.1+1/include/jvmti.h' CREATED, '/home/runner/.cache/JetBrains/Kotlin/extract.cache/5cadb5bf88-OpenJDK25U-jdk_x64_linux_hotspot_25.0.4.1_1.tar.gz.63903a.d/jdk-25.0.4.1+1/include/linux/jni_md.h' CREATED, '/home/runner/.cache/JetBrains/Kotlin/extract.cache/5cadb5bf88-OpenJDK25U-jdk_x64_linux_hotspot_25.0.4.1_1.tar.gz.63903a.d/jdk-25.0.4.1+1/include/linux/jawt_md.h' CREATED, '/home/runner/.cache/JetBrains/Kotlin/extract.cache/5cadb5bf88-OpenJDK25U-jdk_x64_linux_hotspot_25.0.4.1_1.tar.gz.63903a.d/jdk-25.0.4.1+1/include/jdwpTransport.h' CREATED, '/home/runner/.cache/JetBrains/Kotlin/extract.cache/5cadb5bf88-OpenJDK25U-jdk_x64_linux_hotspot_25.0.4.1_1.tar.gz.63903a.d/jdk-25.0.4.1+1/include/jvmticmlr.h' CREATED, '/home/runner/.cache/JetBrains/Kotlin/extract.cache/5cadb5bf88-OpenJDK25U-jdk_x64_linux_hotspot_25.0.4.1_1.tar.gz.63903a.d/jdk-25.0.4.1+1/conf/logging.properties' CREATED, '/home/runner/.cache/JetBrains/Kotlin/extract.cache/5cadb5bf88-OpenJDK25U-jdk_x64_linux_hotspot_25.0.4.1_1.tar.gz.63903a.d/jdk-25.0.4.1+1/conf/jaxp-strict.properties.template' CREATED, '/home/runner/.cache/JetBrains/Kotlin/extract.cache/5cadb5bf88-OpenJDK25U-jdk_x64_linux_hotspot_25.0.4.1_1.tar.gz.63903a.d/jdk-25.0.4.1+1/conf/net.properties' CREATED, '/home/runner/.cache/JetBrains/Kotlin/extract.cache/5cadb5bf88-OpenJDK25U-jdk_x64_linux_hotspot_25.0.4.1_1.tar.gz.63903a.d/jdk-25.0.4.1+1/conf/security/policy/limited/exempt_local.policy' CREATED, '/home/runner/.cache/JetBrains/Kotlin/extract.cache/5cadb5bf88-OpenJDK25U-jdk_x64_linux_hotspot_25.0.4.1_1.tar.gz.63903a.d/jdk-25.0.4.1+1/conf/security/policy/limited/default_local.policy' CREATED, '/home/runner/.cache/JetBrains/Kotlin/extract.cache/5cadb5bf88-OpenJDK25U-jdk_x64_linux_hotspot_25.0.4.1_1.tar.gz.63903a.d/jdk-25.0.4.1+1/conf/security/policy/limited/default_US_export.policy' CREATED, '/home/runner/.cache/JetBrains/Kotlin/extract.cache/5cadb5bf88-OpenJDK25U-jdk_x64_linux_hotspot_25.0.4.1_1.tar.gz.63903a.d/jdk-25.0.4.1+1/conf/security/policy/README.txt' CREATED, '/home/runner/.cache/JetBrains/Kotlin/extract.cache/5cadb5bf88-OpenJDK25U-jdk_x64_linux_hotspot_25.0.4.1_1.tar.gz.63903a.d/jdk-25.0.4.1+1/conf/security/policy/unlimited/default_local.policy' CREATED, '/home/runner/.cache/JetBrains/Kotlin/extract.cache/5cadb5bf88-OpenJDK25U-jdk_x64_linux_hotspot_25.0.4.1_1.tar.gz.63903a.d/jdk-25.0.4.1+1/conf/security/policy/unlimited/default_US_export.policy' CREATED, '/home/runner/.cache/JetBrains/Kotlin/extract.cache/5cadb5bf88-OpenJDK25U-jdk_x64_linux_hotspot_25.0.4.1_1.tar.gz.63903a.d/jdk-25.0.4.1+1/conf/security/java.security' CREATED, '/home/runner/.cache/JetBrains/Kotlin/extract.cache/5cadb5bf88-OpenJDK25U-jdk_x64_linux_hotspot_25.0.4.1_1.tar.gz.63903a.d/jdk-25.0.4.1+1/conf/management/jmxremote.password.template' CREATED, '/home/runner/.cache/JetBrains/Kotlin/extract.cache/5cadb5bf88-OpenJDK25U-jdk_x64_linux_hotspot_25.0.4.1_1.tar.gz.63903a.d/jdk-25.0.4.1+1/conf/management/jmxremote.access' CREATED, '/home/runner/.cache/JetBrains/Kotlin/extract.cache/5cadb5bf88-OpenJDK25U-jdk_x64_linux_hotspot_25.0.4.1_1.tar.gz.63903a.d/jdk-25.0.4.1+1/conf/management/management.properties' CREATED, '/home/runner/.cache/JetBrains/Kotlin/extract.cache/5cadb5bf88-OpenJDK25U-jdk_x64_linux_hotspot_25.0.4.1_1.tar.gz.63903a.d/jdk-25.0.4.1+1/conf/sdp/sdp.conf.template' CREATED, '/home/runner/.cache/JetBrains/Kotlin/extract.cache/5cadb5bf88-OpenJDK25U-jdk_x64_linux_hotspot_25.0.4.1_1.tar.gz.63903a.d/jdk-25.0.4.1+1/conf/sound.properties' CREATED, '/home/runner/.cache/JetBrains/Kotlin/extract.cache/5cadb5bf88-OpenJDK25U-jdk_x64_linux_hotspot_25.0.4.1_1.tar.gz.63903a.d/jdk-25.0.4.1+1/conf/jaxp.properties' CREATED, '/home/runner/.cache/JetBrains/Kotlin/extract.cache/5cadb5bf88-OpenJDK25U-jdk_x64_linux_hotspot_25.0.4.1_1.tar.gz.63903a.d/jdk-25.0.4.1+1/lib/libmanagement.so' CREATED, '/home/runner/.cache/JetBrains/Kotlin/extract.cache/5cadb5bf88-OpenJDK25U-jdk_x64_linux_hotspot_25.0.4.1_1.tar.gz.63903a.d/jdk-25.0.4.1+1/lib/libdt_socket.so' CREATED, '/home/runner/.cache/JetBrains/Kotlin/extract.cache/5cadb5bf88-OpenJDK25U-jdk_x64_linux_hotspot_25.0.4.1_1.tar.gz.63903a.d/jdk-25.0.4.1+1/lib/jrt-fs.jar' CREATED, '/home/runner/.cache/JetBrains/Kotlin/extract.cache/5cadb5bf88-OpenJDK25U-jdk_x64_linux_hotspot_25.0.4.1_1.tar.gz.63903a.d/jdk-25.0.4.1+1/lib/ct.sym' CREATED, '/home/runner/.cache/JetBrains/Kotlin/extract.cache/5cadb5bf88-OpenJDK25U-jdk_x64_linux_hotspot_25.0.4.1_1.tar.gz.63903a.d/jdk-25.0.4.1+1/lib/libsaproc.so' CREATED, '/home/runner/.cache/JetBrains/Kotlin/extract.cache/5cadb5bf88-OpenJDK25U-jdk_x64_linux_hotspot_25.0.4.1_1.tar.gz.63903a.d/jdk-25.0.4.1+1/lib/libawt_xawt.so' CREATED, '/home/runner/.cache/JetBrains/Kotlin/extract.cache/5cadb5bf88-OpenJDK25U-jdk_x64_linux_hotspot_25.0.4.1_1.tar.gz.63903a.d/jdk-25.0.4.1+1/lib/modules' CREATED, '/home/runner/.cache/JetBrains/Kotlin/extract.cache/5cadb5bf88-OpenJDK25U-jdk_x64_linux_hotspot_25.0.4.1_1.tar.gz.63903a.d/jdk-25.0.4.1+1/lib/libj2gss.so' CREATED, '/home/runner/.cache/JetBrains/Kotlin/extract.cache/5cadb5bf88-OpenJDK25U-jdk_x64_linux_hotspot_25.0.4.1_1.tar.gz.63903a.d/jdk-25.0.4.1+1/lib/librmi.so' CREATED, '/home/runner/.cache/JetBrains/Kotlin/extract.cache/5cadb5bf88-OpenJDK25U-jdk_x64_linux_hotspot_25.0.4.1_1.tar.gz.63903a.d/jdk-25.0.4.1+1/lib/libprefs.so' CREATED, '/home/runner/.cache/JetBrains/Kotlin/extract.cache/5cadb5bf88-OpenJDK25U-jdk_x64_linux_hotspot_25.0.4.1_1.tar.gz.63903a.d/jdk-25.0.4.1+1/lib/libawt_headless.so' CREATED, '/home/runner/.cache/JetBrains/Kotlin/extract.cache/5cadb5bf88-OpenJDK25U-jdk_x64_linux_hotspot_25.0.4.1_1.tar.gz.63903a.d/jdk-25.0.4.1+1/lib/psfont.properties.ja' CREATED, '/home/runner/.cache/JetBrains/Kotlin/extract.cache/5cadb5bf88-OpenJDK25U-jdk_x64_linux_hotspot_25.0.4.1_1.tar.gz.63903a.d/jdk-25.0.4.1+1/lib/libnio.so' CREATED, '/home/runner/.cache/JetBrains/Kotlin/extract.cache/5cadb5bf88-OpenJDK25U-jdk_x64_linux_hotspot_25.0.4.1_1.tar.gz.63903a.d/jdk-25.0.4.1+1/lib/libjaas.so' CREATED, '/home/runner/.cache/JetBrains/Kotlin/extract.cache/5cadb5bf88-OpenJDK25U-jdk_x64_linux_hotspot_25.0.4.1_1.tar.gz.63903a.d/jdk-25.0.4.1+1/lib/libfreetype.so' CREATED, '/home/runner/.cache/JetBrains/Kotlin/extract.cache/5cadb5bf88-OpenJDK25U-jdk_x64_linux_hotspot_25.0.4.1_1.tar.gz.63903a.d/jdk-25.0.4.1+1/lib/jvm.cfg' CREATED, '/home/runner/.cache/JetBrains/Kotlin/extract.cache/5cadb5bf88-OpenJDK25U-jdk_x64_linux_hotspot_25.0.4.1_1.tar.gz.63903a.d/jdk-25.0.4.1+1/lib/libattach.so' CREATED, '/home/runner/.cache/JetBrains/Kotlin/extract.cache/5cadb5bf88-OpenJDK25U-jdk_x64_linux_hotspot_25.0.4.1_1.tar.gz.63903a.d/jdk-25.0.4.1+1/lib/libjsound.so' CREATED, '/home/runner/.cache/JetBrains/Kotlin/extract.cache/5cadb5bf88-OpenJDK25U-jdk_x64_linux_hotspot_25.0.4.1_1.tar.gz.63903a.d/jdk-25.0.4.1+1/lib/psfontj2d.properties' CREATED, '/home/runner/.cache/JetBrains/Kotlin/extract.cache/5cadb5bf88-OpenJDK25U-jdk_x64_linux_hotspot_25.0.4.1_1.tar.gz.63903a.d/jdk-25.0.4.1+1/lib/libnet.so' CREATED, '/home/runner/.cache/JetBrains/Kotlin/extract.cache/5cadb5bf88-OpenJDK25U-jdk_x64_linux_hotspot_25.0.4.1_1.tar.gz.63903a.d/jdk-25.0.4.1+1/lib/libjdwp.so' CREATED, '/home/runner/.cache/JetBrains/Kotlin/extract.cache/5cadb5bf88-OpenJDK25U-jdk_x64_linux_hotspot_25.0.4.1_1.tar.gz.63903a.d/jdk-25.0.4.1+1/lib/libjava.so' CREATED, '/home/runner/.cache/JetBrains/Kotlin/extract.cache/5cadb5bf88-OpenJDK25U-jdk_x64_linux_hotspot_25.0.4.1_1.tar.gz.63903a.d/jdk-25.0.4.1+1/lib/libverify.so' CREATED, '/home/runner/.cache/JetBrains/Kotlin/extract.cache/5cadb5bf88-OpenJDK25U-jdk_x64_linux_hotspot_25.0.4.1_1.tar.gz.63903a.d/jdk-25.0.4.1+1/lib/libj2pkcs11.so' CREATED, '/home/runner/.cache/JetBrains/Kotlin/extract.cache/5cadb5bf88-OpenJDK25U-jdk_x64_linux_hotspot_25.0.4.1_1.tar.gz.63903a.d/jdk-25.0.4.1+1/lib/libsplashscreen.so' CREATED, '/home/runner/.cache/JetBrains/Kotlin/extract.cache/5cadb5bf88-OpenJDK25U-jdk_x64_linux_hotspot_25.0.4.1_1.tar.gz.63903a.d/jdk-25.0.4.1+1/lib/src.zip' CREATED, '/home/runner/.cache/JetBrains/Kotlin/extract.cache/5cadb5bf88-OpenJDK25U-jdk_x64_linux_hotspot_25.0.4.1_1.tar.gz.63903a.d/jdk-25.0.4.1+1/lib/security/cacerts' CREATED, '/home/runner/.cache/JetBrains/Kotlin/extract.cache/5cadb5bf88-OpenJDK25U-jdk_x64_linux_hotspot_25.0.4.1_1.tar.gz.63903a.d/jdk-25.0.4.1+1/lib/security/public_suffix_list.dat' CREATED, '/home/runner/.cache/JetBrains/Kotlin/extract.cache/5cadb5bf88-OpenJDK25U-jdk_x64_linux_hotspot_25.0.4.1_1.tar.gz.63903a.d/jdk-25.0.4.1+1/lib/security/blocked.certs' CREATED, '/home/runner/.cache/JetBrains/Kotlin/extract.cache/5cadb5bf88-OpenJDK25U-jdk_x64_linux_hotspot_25.0.4.1_1.tar.gz.63903a.d/jdk-25.0.4.1+1/lib/libsyslookup.so' CREATED, '/home/runner/.cache/JetBrains/Kotlin/extract.cache/5cadb5bf88-OpenJDK25U-jdk_x64_linux_hotspot_25.0.4.1_1.tar.gz.63903a.d/jdk-25.0.4.1+1/lib/libzip.so' CREATED, '/home/runner/.cache/JetBrains/Kotlin/extract.cache/5cadb5bf88-OpenJDK25U-jdk_x64_linux_hotspot_25.0.4.1_1.tar.gz.63903a.d/jdk-25.0.4.1+1/lib/libmanagement_ext.so' CREATED, '/home/runner/.cache/JetBrains/Kotlin/extract.cache/5cadb5bf88-OpenJDK25U-jdk_x64_linux_hotspot_25.0.4.1_1.tar.gz.63903a.d/jdk-25.0.4.1+1/lib/libmanagement_agent.so' CREATED, '/home/runner/.cache/JetBrains/Kotlin/extract.cache/5cadb5bf88-OpenJDK25U-jdk_x64_linux_hotspot_25.0.4.1_1.tar.gz.63903a.d/jdk-25.0.4.1+1/lib/libmlib_image.so' CREATED, '/home/runner/.cache/JetBrains/Kotlin/extract.cache/5cadb5bf88-OpenJDK25U-jdk_x64_linux_hotspot_25.0.4.1_1.tar.gz.63903a.d/jdk-25.0.4.1+1/lib/libawt.so' CREATED, '/home/runner/.cache/JetBrains/Kotlin/extract.cache/5cadb5bf88-OpenJDK25U-jdk_x64_linux_hotspot_25.0.4.1_1.tar.gz.63903a.d/jdk-25.0.4.1+1/lib/jexec' CREATED, '/home/runner/.cache/JetBrains/Kotlin/extract.cache/5cadb5bf88-OpenJDK25U-jdk_x64_linux_hotspot_25.0.4.1_1.tar.gz.63903a.d/jdk-25.0.4.1+1/lib/libjavajpeg.so' CREATED, '/home/runner/.cache/JetBrains/Kotlin/extract.cache/5cadb5bf88-OpenJDK25U-jdk_x64_linux_hotspot_25.0.4.1_1.tar.gz.63903a.d/jdk-25.0.4.1+1/lib/libjawt.so' CREATED, '/home/runner/.cache/JetBrains/Kotlin/extract.cache/5cadb5bf88-OpenJDK25U-jdk_x64_linux_hotspot_25.0.4.1_1.tar.gz.63903a.d/jdk-25.0.4.1+1/lib/libjsvml.so' CREATED, '/home/runner/.cache/JetBrains/Kotlin/extract.cache/5cadb5bf88-OpenJDK25U-jdk_x64_linux_hotspot_25.0.4.1_1.tar.gz.63903a.d/jdk-25.0.4.1+1/lib/classlist' CREATED, '/home/runner/.cache/JetBrains/Kotlin/extract.cache/5cadb5bf88-OpenJDK25U-jdk_x64_linux_hotspot_25.0.4.1_1.tar.gz.63903a.d/jdk-25.0.4.1+1/lib/libextnet.so' CREATED, '/home/runner/.cache/JetBrains/Kotlin/extract.cache/5cadb5bf88-OpenJDK25U-jdk_x64_linux_hotspot_25.0.4.1_1.tar.gz.63903a.d/jdk-25.0.4.1+1/lib/jfr/profile.jfc' CREATED, '/home/runner/.cache/JetBrains/Kotlin/extract.cache/5cadb5bf88-OpenJDK25U-jdk_x64_linux_hotspot_25.0.4.1_1.tar.gz.63903a.d/jdk-25.0.4.1+1/lib/jfr/default.jfc' CREATED, '/home/runner/.cache/JetBrains/Kotlin/extract.cache/5cadb5bf88-OpenJDK25U-jdk_x64_linux_hotspot_25.0.4.1_1.tar.gz.63903a.d/jdk-25.0.4.1+1/lib/jspawnhelper' CREATED, '/home/runner/.cache/JetBrains/Kotlin/extract.cache/5cadb5bf88-OpenJDK25U-jdk_x64_linux_hotspot_25.0.4.1_1.tar.gz.63903a.d/jdk-25.0.4.1+1/lib/libfontmanager.so' CREATED, '/home/runner/.cache/JetBrains/Kotlin/extract.cache/5cadb5bf88-OpenJDK25U-jdk_x64_linux_hotspot_25.0.4.1_1.tar.gz.63903a.d/jdk-25.0.4.1+1/lib/libjimage.so' CREATED, '/home/runner/.cache/JetBrains/Kotlin/extract.cache/5cadb5bf88-OpenJDK25U-jdk_x64_linux_hotspot_25.0.4.1_1.tar.gz.63903a.d/jdk-25.0.4.1+1/lib/liblcms.so' CREATED, '/home/runner/.cache/JetBrains/Kotlin/extract.cache/5cadb5bf88-OpenJDK25U-jdk_x64_linux_hotspot_25.0.4.1_1.tar.gz.63903a.d/jdk-25.0.4.1+1/lib/libsimdsort.so' CREATED, '/home/runner/.cache/JetBrains/Kotlin/extract.cache/5cadb5bf88-OpenJDK25U-jdk_x64_linux_hotspot_25.0.4.1_1.tar.gz.63903a.d/jdk-25.0.4.1+1/lib/tzdb.dat' CREATED, '/home/runner/.cache/JetBrains/Kotlin/extract.cache/5cadb5bf88-OpenJDK25U-jdk_x64_linux_hotspot_25.0.4.1_1.tar.gz.63903a.d/jdk-25.0.4.1+1/lib/libsctp.so' CREATED, '/home/runner/.cache/JetBrains/Kotlin/extract.cache/5cadb5bf88-OpenJDK25U-jdk_x64_linux_hotspot_25.0.4.1_1.tar.gz.63903a.d/jdk-25.0.4.1+1/lib/libjli.so' CREATED, '/home/runner/.cache/JetBrains/Kotlin/extract.cache/5cadb5bf88-OpenJDK25U-jdk_x64_linux_hotspot_25.0.4.1_1.tar.gz.63903a.d/jdk-25.0.4.1+1/lib/libinstrument.so' CREATED, '/home/runner/.cache/JetBrains/Kotlin/extract.cache/5cadb5bf88-OpenJDK25U-jdk_x64_linux_hotspot_25.0.4.1_1.tar.gz.63903a.d/jdk-25.0.4.1+1/lib/libjsig.so' CREATED, '/home/runner/.cache/JetBrains/Kotlin/extract.cache/5cadb5bf88-OpenJDK25U-jdk_x64_linux_hotspot_25.0.4.1_1.tar.gz.63903a.d/jdk-25.0.4.1+1/lib/libj2pcsc.so' CREATED, '/home/runner/.cache/JetBrains/Kotlin/extract.cache/5cadb5bf88-OpenJDK25U-jdk_x64_linux_hotspot_25.0.4.1_1.tar.gz.63903a.d/jdk-25.0.4.1+1/lib/server/classes_coh.jsa' CREATED, '/home/runner/.cache/JetBrains/Kotlin/extract.cache/5cadb5bf88-OpenJDK25U-jdk_x64_linux_hotspot_25.0.4.1_1.tar.gz.63903a.d/jdk-25.0.4.1+1/lib/server/classes_nocoops.jsa' CREATED, '/home/runner/.cache/JetBrains/Kotlin/extract.cache/5cadb5bf88-OpenJDK25U-jdk_x64_linux_hotspot_25.0.4.1_1.tar.gz.63903a.d/jdk-25.0.4.1+1/lib/server/classes.jsa' CREATED, '/home/runner/.cache/JetBrains/Kotlin/extract.cache/5cadb5bf88-OpenJDK25U-jdk_x64_linux_hotspot_25.0.4.1_1.tar.gz.63903a.d/jdk-25.0.4.1+1/lib/server/libjvm.so' CREATED, '/home/runner/.cache/JetBrains/Kotlin/extract.cache/5cadb5bf88-OpenJDK25U-jdk_x64_linux_hotspot_25.0.4.1_1.tar.gz.63903a.d/jdk-25.0.4.1+1/lib/server/classes_nocoops_coh.jsa' CREATED, '/home/runner/.cache/JetBrains/Kotlin/extract.cache/5cadb5bf88-OpenJDK25U-jdk_x64_linux_hotspot_25.0.4.1_1.tar.gz.63903a.d/jdk-25.0.4.1+1/lib/server/libjsig.so' CREATED
00:14.427 DEBUG :portfolio-in-compose-multiplatform:compileWasmJs StateKt                   [inc] state file is missing or empty at '/home/runner/work/portfolio-in-compose-multiplatform/portfolio-in-compose-multiplatform/build/incremental.state/_portfolio-in-compose-multiplatform_compileWasmJs-bc8edca758' -> cache miss
00:14.428 DEBUG :portfolio-in-compose-multiplatform:compileWasmJs IncrementalCache          [inc] building ':portfolio-in-compose-multiplatform:compileWasmJs'
00:14.435 INFO  :portfolio-in-compose-multiplatform:compileWasmJs Slf4jExtensionsKt         Compiling module 'portfolio-in-compose-multiplatform' for platform 'wasmJs'...
00:14.436 DEBUG :portfolio-in-compose-multiplatform:compileWasmJs StateKt                   [inc] state file is missing or empty at '/home/runner/work/portfolio-in-compose-multiplatform/portfolio-in-compose-multiplatform/build/incremental.state/resolve-org.jetbrains.kotlin-kotlin-compiler-embed-bad7ddbbc3' -> cache miss
00:14.436 DEBUG :portfolio-in-compose-multiplatform:compileWasmJs IncrementalCache          [inc] building 'resolve-org.jetbrains.kotlin-kotlin-compiler-embeddable-2.4.10'
00:14.523 INFO  :portfolio-in-compose-multiplatform:npmInstallWasmJs LoggingProcessOutputListener Progress: resolved 1, reused 0, downloaded 1, added 1, done
00:14.546 INFO  :portfolio-in-compose-multiplatform:npmInstallWasmJs LoggingProcessOutputListener 
00:14.546 INFO  :portfolio-in-compose-multiplatform:npmInstallWasmJs LoggingProcessOutputListener dependencies:
00:14.546 INFO  :portfolio-in-compose-multiplatform:npmInstallWasmJs LoggingProcessOutputListener + @js-joda/core 3.2.0 (6.1.0 is available)
00:14.547 INFO  :portfolio-in-compose-multiplatform:npmInstallWasmJs LoggingProcessOutputListener 
00:14.554 DEBUG :portfolio-in-compose-multiplatform:compileWasmJs DependencyFileImpl        Not found URL: https://repo1.maven.org/maven2/org/jetbrains/kotlin/kotlin-compiler-embeddable/2.4.10/kotlin-compiler-embeddable-2.4.10.pom.sha512
00:14.556 INFO  :portfolio-in-compose-multiplatform:npmInstallWasmJs LoggingProcessOutputListener Done in 336ms using pnpm v11.9.0
00:14.577 INFO  :portfolio-in-compose-multiplatform:npmInstallWasmJs NpmInstallTask            pnpm install completed successfully
00:14.581 DEBUG :portfolio-in-compose-multiplatform:npmInstallWasmJs IncrementalCache          [inc] ':portfolio-in-compose-multiplatform:npmInstallWasmJs-install-npm-dependencies' changes: '/home/runner/work/portfolio-in-compose-multiplatform/portfolio-in-compose-multiplatform/build/tasks/_portfolio-in-compose-multiplatform_npmInstallWasmJs/node_modules/@js-joda/core' CREATED, '/home/runner/work/portfolio-in-compose-multiplatform/portfolio-in-compose-multiplatform/build/tasks/_portfolio-in-compose-multiplatform_npmInstallWasmJs/node_modules/.pnpm-workspace-state-v1.json' CREATED, '/home/runner/work/portfolio-in-compose-multiplatform/portfolio-in-compose-multiplatform/build/tasks/_portfolio-in-compose-multiplatform_npmInstallWasmJs/node_modules/.modules.yaml' CREATED, '/home/runner/work/portfolio-in-compose-multiplatform/portfolio-in-compose-multiplatform/build/tasks/_portfolio-in-compose-multiplatform_npmInstallWasmJs/node_modules/.pnpm/@js-joda+core@3.2.0/node_modules/@js-joda/core/src/ZoneId.js' CREATED, '/home/runner/work/portfolio-in-compose-multiplatform/portfolio-in-compose-multiplatform/build/tasks/_portfolio-in-compose-multiplatform_npmInstallWasmJs/node_modules/.pnpm/@js-joda+core@3.2.0/node_modules/@js-joda/core/src/_init.js' CREATED, '/home/runner/work/portfolio-in-compose-multiplatform/portfolio-in-compose-multiplatform/build/tasks/_portfolio-in-compose-multiplatform_npmInstallWasmJs/node_modules/.pnpm/@js-joda+core@3.2.0/node_modules/@js-joda/core/src/LocalTime.js' CREATED, '/home/runner/work/portfolio-in-compose-multiplatform/portfolio-in-compose-multiplatform/build/tasks/_portfolio-in-compose-multiplatform_npmInstallWasmJs/node_modules/.pnpm/@js-joda+core@3.2.0/node_modules/@js-joda/core/src/temporal/TemporalAdjusters.js' CREATED, '/home/runner/work/portfolio-in-compose-multiplatform/portfolio-in-compose-multiplatform/build/tasks/_portfolio-in-compose-multiplatform_npmInstallWasmJs/node_modules/.pnpm/@js-joda+core@3.2.0/node_modules/@js-joda/core/src/temporal/ChronoField.js' CREATED, '/home/runner/work/portfolio-in-compose-multiplatform/portfolio-in-compose-multiplatform/build/tasks/_portfolio-in-compose-multiplatform_npmInstallWasmJs/node_modules/.pnpm/@js-joda+core@3.2.0/node_modules/@js-joda/core/src/temporal/TemporalQuery.js' CREATED, '/home/runner/work/portfolio-in-compose-multiplatform/portfolio-in-compose-multiplatform/build/tasks/_portfolio-in-compose-multiplatform_npmInstallWasmJs/node_modules/.pnpm/@js-joda+core@3.2.0/node_modules/@js-joda/core/src/temporal/Temporal.js' CREATED, '/home/runner/work/portfolio-in-compose-multiplatform/portfolio-in-compose-multiplatform/build/tasks/_portfolio-in-compose-multiplatform_npmInstallWasmJs/node_modules/.pnpm/@js-joda+core@3.2.0/node_modules/@js-joda/core/src/temporal/ChronoUnit.js' CREATED, '/home/runner/work/portfolio-in-compose-multiplatform/portfolio-in-compose-multiplatform/build/tasks/_portfolio-in-compose-multiplatform_npmInstallWasmJs/node_modules/.pnpm/@js-joda+core@3.2.0/node_modules/@js-joda/core/src/temporal/TemporalField.js' CREATED, '/home/runner/work/portfolio-in-compose-multiplatform/portfolio-in-compose-multiplatform/build/tasks/_portfolio-in-compose-multiplatform_npmInstallWasmJs/node_modules/.pnpm/@js-joda+core@3.2.0/node_modules/@js-joda/core/src/temporal/ValueRange.js' CREATED, '/home/runner/work/portfolio-in-compose-multiplatform/portfolio-in-compose-multiplatform/build/tasks/_portfolio-in-compose-multiplatform_npmInstallWasmJs/node_modules/.pnpm/@js-joda+core@3.2.0/node_modules/@js-joda/core/src/temporal/TemporalUnit.js' CREATED, '/home/runner/work/portfolio-in-compose-multiplatform/portfolio-in-compose-multiplatform/build/tasks/_portfolio-in-compose-multiplatform_npmInstallWasmJs/node_modules/.pnpm/@js-joda+core@3.2.0/node_modules/@js-joda/core/src/temporal/TemporalQueriesFactory.js' CREATED, '/home/runner/work/portfolio-in-compose-multiplatform/portfolio-in-compose-multiplatform/build/tasks/_portfolio-in-compose-multiplatform_npmInstallWasmJs/node_modules/.pnpm/@js-joda+core@3.2.0/node_modules/@js-joda/core/src/temporal/TemporalAdjuster.js' CREATED, '/home/runner/work/portfolio-in-compose-multiplatform/portfolio-in-compose-multiplatform/build/tasks/_portfolio-in-compose-multiplatform_npmInstallWasmJs/node_modules/.pnpm/@js-joda+core@3.2.0/node_modules/@js-joda/core/src/temporal/IsoFields.js' CREATED, '/home/runner/work/portfolio-in-compose-multiplatform/portfolio-in-compose-multiplatform/build/tasks/_portfolio-in-compose-multiplatform_npmInstallWasmJs/node_modules/.pnpm/@js-joda+core@3.2.0/node_modules/@js-joda/core/src/temporal/DefaultInterfaceTemporal.js' CREATED, '/home/runner/work/portfolio-in-compose-multiplatform/portfolio-in-compose-multiplatform/build/tasks/_portfolio-in-compose-multiplatform_npmInstallWasmJs/node_modules/.pnpm/@js-joda+core@3.2.0/node_modules/@js-joda/core/src/temporal/TemporalQueries.js' CREATED, '/home/runner/work/portfolio-in-compose-multiplatform/portfolio-in-compose-multiplatform/build/tasks/_portfolio-in-compose-multiplatform_npmInstallWasmJs/node_modules/.pnpm/@js-joda+core@3.2.0/node_modules/@js-joda/core/src/temporal/NativeJsTemporal.js' CREATED, '/home/runner/work/portfolio-in-compose-multiplatform/portfolio-in-compose-multiplatform/build/tasks/_portfolio-in-compose-multiplatform_npmInstallWasmJs/node_modules/.pnpm/@js-joda+core@3.2.0/node_modules/@js-joda/core/src/temporal/TemporalAccessor.js' CREATED, '/home/runner/work/portfolio-in-compose-multiplatform/portfolio-in-compose-multiplatform/build/tasks/_portfolio-in-compose-multiplatform_npmInstallWasmJs/node_modules/.pnpm/@js-joda+core@3.2.0/node_modules/@js-joda/core/src/temporal/TemporalAmount.js' CREATED, '/home/runner/work/portfolio-in-compose-multiplatform/portfolio-in-compose-multiplatform/build/tasks/_portfolio-in-compose-multiplatform_npmInstallWasmJs/node_modules/.pnpm/@js-joda+core@3.2.0/node_modules/@js-joda/core/src/Instant.js' CREATED, '/home/runner/work/portfolio-in-compose-multiplatform/portfolio-in-compose-multiplatform/build/tasks/_portfolio-in-compose-multiplatform_npmInstallWasmJs/node_modules/.pnpm/@js-joda+core@3.2.0/node_modules/@js-joda/core/src/StringUtil.js' CREATED, '/home/runner/work/portfolio-in-compose-multiplatform/portfolio-in-compose-multiplatform/build/tasks/_portfolio-in-compose-multiplatform_npmInstallWasmJs/node_modules/.pnpm/@js-joda+core@3.2.0/node_modules/@js-joda/core/src/Year.js' CREATED, '/home/runner/work/portfolio-in-compose-multiplatform/portfolio-in-compose-multiplatform/build/tasks/_portfolio-in-compose-multiplatform_npmInstallWasmJs/node_modules/.pnpm/@js-joda+core@3.2.0/node_modules/@js-joda/core/src/MonthDay.js' CREATED, '/home/runner/work/portfolio-in-compose-multiplatform/portfolio-in-compose-multiplatform/build/tasks/_portfolio-in-compose-multiplatform_npmInstallWasmJs/node_modules/.pnpm/@js-joda+core@3.2.0/node_modules/@js-joda/core/src/MathUtil.js' CREATED, '/home/runner/work/portfolio-in-compose-multiplatform/portfolio-in-compose-multiplatform/build/tasks/_portfolio-in-compose-multiplatform_npmInstallWasmJs/node_modules/.pnpm/@js-joda+core@3.2.0/node_modules/@js-joda/core/src/ZoneOffset.js' CREATED, '/home/runner/work/portfolio-in-compose-multiplatform/portfolio-in-compose-multiplatform/build/tasks/_portfolio-in-compose-multiplatform_npmInstallWasmJs/node_modules/.pnpm/@js-joda+core@3.2.0/node_modules/@js-joda/core/src/errors.js' CREATED, '/home/runner/work/portfolio-in-compose-multiplatform/portfolio-in-compose-multiplatform/build/tasks/_portfolio-in-compose-multiplatform_npmInstallWasmJs/node_modules/.pnpm/@js-joda+core@3.2.0/node_modules/@js-joda/core/src/license-preamble.js' CREATED, '/home/runner/work/portfolio-in-compose-multiplatform/portfolio-in-compose-multiplatform/build/tasks/_portfolio-in-compose-multiplatform_npmInstallWasmJs/node_modules/.pnpm/@js-joda+core@3.2.0/node_modules/@js-joda/core/src/Month.js' CREATED, '/home/runner/work/portfolio-in-compose-multiplatform/portfolio-in-compose-multiplatform/build/tasks/_portfolio-in-compose-multiplatform_npmInstallWasmJs/node_modules/.pnpm/@js-joda+core@3.2.0/node_modules/@js-joda/core/src/OffsetTime.js' CREATED, '/home/runner/work/portfolio-in-compose-multiplatform/portfolio-in-compose-multiplatform/build/tasks/_portfolio-in-compose-multiplatform_npmInstallWasmJs/node_modules/.pnpm/@js-joda+core@3.2.0/node_modules/@js-joda/core/src/Duration.js' CREATED, '/home/runner/work/portfolio-in-compose-multiplatform/portfolio-in-compose-multiplatform/build/tasks/_portfolio-in-compose-multiplatform_npmInstallWasmJs/node_modules/.pnpm/@js-joda+core@3.2.0/node_modules/@js-joda/core/src/ZoneRegion.js' CREATED, '/home/runner/work/portfolio-in-compose-multiplatform/portfolio-in-compose-multiplatform/build/tasks/_portfolio-in-compose-multiplatform_npmInstallWasmJs/node_modules/.pnpm/@js-joda+core@3.2.0/node_modules/@js-joda/core/src/DayOfWeek.js' CREATED, '/home/runner/work/portfolio-in-compose-multiplatform/portfolio-in-compose-multiplatform/build/tasks/_portfolio-in-compose-multiplatform_npmInstallWasmJs/node_modules/.pnpm/@js-joda+core@3.2.0/node_modules/@js-joda/core/src/Period.js' CREATED, '/home/runner/work/portfolio-in-compose-multiplatform/portfolio-in-compose-multiplatform/build/tasks/_portfolio-in-compose-multiplatform_npmInstallWasmJs/node_modules/.pnpm/@js-joda+core@3.2.0/node_modules/@js-joda/core/src/zone/SystemDefaultZoneId.js' CREATED, '/home/runner/work/portfolio-in-compose-multiplatform/portfolio-in-compose-multiplatform/build/tasks/_portfolio-in-compose-multiplatform_npmInstallWasmJs/node_modules/.pnpm/@js-joda+core@3.2.0/node_modules/@js-joda/core/src/zone/ZoneRulesProvider.js' CREATED, '/home/runner/work/portfolio-in-compose-multiplatform/portfolio-in-compose-multiplatform/build/tasks/_portfolio-in-compose-multiplatform_npmInstallWasmJs/node_modules/.pnpm/@js-joda+core@3.2.0/node_modules/@js-joda/core/src/zone/ZoneRules.js' CREATED, '/home/runner/work/portfolio-in-compose-multiplatform/portfolio-in-compose-multiplatform/build/tasks/_portfolio-in-compose-multiplatform_npmInstallWasmJs/node_modules/.pnpm/@js-joda+core@3.2.0/node_modules/@js-joda/core/src/zone/SystemDefaultZoneRules.js' CREATED, '/home/runner/work/portfolio-in-compose-multiplatform/portfolio-in-compose-multiplatform/build/tasks/_portfolio-in-compose-multiplatform_npmInstallWasmJs/node_modules/.pnpm/@js-joda+core@3.2.0/node_modules/@js-joda/core/src/zone/ZoneOffsetTransition.js' CREATED, '/home/runner/work/portfolio-in-compose-multiplatform/portfolio-in-compose-multiplatform/build/tasks/_portfolio-in-compose-multiplatform_npmInstallWasmJs/node_modules/.pnpm/@js-joda+core@3.2.0/node_modules/@js-joda/core/src/use.js' CREATED, '/home/runner/work/portfolio-in-compose-multiplatform/portfolio-in-compose-multiplatform/build/tasks/_portfolio-in-compose-multiplatform_npmInstallWasmJs/node_modules/.pnpm/@js-joda+core@3.2.0/node_modules/@js-joda/core/src/OffsetDateTime.js' CREATED, '/home/runner/work/portfolio-in-compose-multiplatform/portfolio-in-compose-multiplatform/build/tasks/_portfolio-in-compose-multiplatform_npmInstallWasmJs/node_modules/.pnpm/@js-joda+core@3.2.0/node_modules/@js-joda/core/src/Enum.js' CREATED, '/home/runner/work/portfolio-in-compose-multiplatform/portfolio-in-compose-multiplatform/build/tasks/_portfolio-in-compose-multiplatform_npmInstallWasmJs/node_modules/.pnpm/@js-joda+core@3.2.0/node_modules/@js-joda/core/src/YearMonth.js' CREATED, '/home/runner/work/portfolio-in-compose-multiplatform/portfolio-in-compose-multiplatform/build/tasks/_portfolio-in-compose-multiplatform_npmInstallWasmJs/node_modules/.pnpm/@js-joda+core@3.2.0/node_modules/@js-joda/core/src/assert.js' CREATED, '/home/runner/work/portfolio-in-compose-multiplatform/portfolio-in-compose-multiplatform/build/tasks/_portfolio-in-compose-multiplatform_npmInstallWasmJs/node_modules/.pnpm/@js-joda+core@3.2.0/node_modules/@js-joda/core/src/LocalDateTime.js' CREATED, '/home/runner/work/portfolio-in-compose-multiplatform/portfolio-in-compose-multiplatform/build/tasks/_portfolio-in-compose-multiplatform_npmInstallWasmJs/node_modules/.pnpm/@js-joda+core@3.2.0/node_modules/@js-joda/core/src/Clock.js' CREATED, '/home/runner/work/portfolio-in-compose-multiplatform/portfolio-in-compose-multiplatform/build/tasks/_portfolio-in-compose-multiplatform_npmInstallWasmJs/node_modules/.pnpm/@js-joda+core@3.2.0/node_modules/@js-joda/core/src/js-joda.js' CREATED, '/home/runner/work/portfolio-in-compose-multiplatform/portfolio-in-compose-multiplatform/build/tasks/_portfolio-in-compose-multiplatform_npmInstallWasmJs/node_modules/.pnpm/@js-joda+core@3.2.0/node_modules/@js-joda/core/src/format/parser/CharLiteralPrinterParser.js' CREATED, '/home/runner/work/portfolio-in-compose-multiplatform/portfolio-in-compose-multiplatform/build/tasks/_portfolio-in-compose-multiplatform_npmInstallWasmJs/node_modules/.pnpm/@js-joda+core@3.2.0/node_modules/@js-joda/core/src/format/parser/CompositePrinterParser.js' CREATED, '/home/runner/work/portfolio-in-compose-multiplatform/portfolio-in-compose-multiplatform/build/tasks/_portfolio-in-compose-multiplatform_npmInstallWasmJs/node_modules/.pnpm/@js-joda+core@3.2.0/node_modules/@js-joda/core/src/format/parser/SettingsParser.js' CREATED, '/home/runner/work/portfolio-in-compose-multiplatform/portfolio-in-compose-multiplatform/build/tasks/_portfolio-in-compose-multiplatform_npmInstallWasmJs/node_modules/.pnpm/@js-joda+core@3.2.0/node_modules/@js-joda/core/src/format/parser/ZoneIdPrinterParser.js' CREATED, '/home/runner/work/portfolio-in-compose-multiplatform/portfolio-in-compose-multiplatform/build/tasks/_portfolio-in-compose-multiplatform_npmInstallWasmJs/node_modules/.pnpm/@js-joda+core@3.2.0/node_modules/@js-joda/core/src/format/parser/PadPrinterParserDecorator.js' CREATED, '/home/runner/work/portfolio-in-compose-multiplatform/portfolio-in-compose-multiplatform/build/tasks/_portfolio-in-compose-multiplatform_npmInstallWasmJs/node_modules/.pnpm/@js-joda+core@3.2.0/node_modules/@js-joda/core/src/format/parser/NumberPrinterParser.js' CREATED, '/home/runner/work/portfolio-in-compose-multiplatform/portfolio-in-compose-multiplatform/build/tasks/_portfolio-in-compose-multiplatform_npmInstallWasmJs/node_modules/.pnpm/@js-joda+core@3.2.0/node_modules/@js-joda/core/src/format/parser/StringLiteralPrinterParser.js' CREATED, '/home/runner/work/portfolio-in-compose-multiplatform/portfolio-in-compose-multiplatform/build/tasks/_portfolio-in-compose-multiplatform_npmInstallWasmJs/node_modules/.pnpm/@js-joda+core@3.2.0/node_modules/@js-joda/core/src/format/parser/OffsetIdPrinterParser.js' CREATED, '/home/runner/work/portfolio-in-compose-multiplatform/portfolio-in-compose-multiplatform/build/tasks/_portfolio-in-compose-multiplatform_npmInstallWasmJs/node_modules/.pnpm/@js-joda+core@3.2.0/node_modules/@js-joda/core/src/format/parser/FractionPrinterParser.js' CREATED, '/home/runner/work/portfolio-in-compose-multiplatform/portfolio-in-compose-multiplatform/build/tasks/_portfolio-in-compose-multiplatform_npmInstallWasmJs/node_modules/.pnpm/@js-joda+core@3.2.0/node_modules/@js-joda/core/src/format/ResolverStyle.js' CREATED, '/home/runner/work/portfolio-in-compose-multiplatform/portfolio-in-compose-multiplatform/build/tasks/_portfolio-in-compose-multiplatform_npmInstallWasmJs/node_modules/.pnpm/@js-joda+core@3.2.0/node_modules/@js-joda/core/src/format/SignStyle.js' CREATED, '/home/runner/work/portfolio-in-compose-multiplatform/portfolio-in-compose-multiplatform/build/tasks/_portfolio-in-compose-multiplatform_npmInstallWasmJs/node_modules/.pnpm/@js-joda+core@3.2.0/node_modules/@js-joda/core/src/format/StringBuilder.js' CREATED, '/home/runner/work/portfolio-in-compose-multiplatform/portfolio-in-compose-multiplatform/build/tasks/_portfolio-in-compose-multiplatform_npmInstallWasmJs/node_modules/.pnpm/@js-joda+core@3.2.0/node_modules/@js-joda/core/src/format/DateTimeBuilder.js' CREATED, '/home/runner/work/portfolio-in-compose-multiplatform/portfolio-in-compose-multiplatform/build/tasks/_portfolio-in-compose-multiplatform_npmInstallWasmJs/node_modules/.pnpm/@js-joda+core@3.2.0/node_modules/@js-joda/core/src/format/DateTimeFormatter.js' CREATED, '/home/runner/work/portfolio-in-compose-multiplatform/portfolio-in-compose-multiplatform/build/tasks/_portfolio-in-compose-multiplatform_npmInstallWasmJs/node_modules/.pnpm/@js-joda+core@3.2.0/node_modules/@js-joda/core/src/format/EnumMap.js' CREATED, '/home/runner/work/portfolio-in-compose-multiplatform/portfolio-in-compose-multiplatform/build/tasks/_portfolio-in-compose-multiplatform_npmInstallWasmJs/node_modules/.pnpm/@js-joda+core@3.2.0/node_modules/@js-joda/core/src/format/DateTimeFormatterBuilder.js' CREATED, '/home/runner/work/portfolio-in-compose-multiplatform/portfolio-in-compose-multiplatform/build/tasks/_portfolio-in-compose-multiplatform_npmInstallWasmJs/node_modules/.pnpm/@js-joda+core@3.2.0/node_modules/@js-joda/core/src/format/DateTimePrintContext.js' CREATED, '/home/runner/work/portfolio-in-compose-multiplatform/portfolio-in-compose-multiplatform/build/tasks/_portfolio-in-compose-multiplatform_npmInstallWasmJs/node_modules/.pnpm/@js-joda+core@3.2.0/node_modules/@js-joda/core/src/format/ParsePosition.js' CREATED, '/home/runner/work/portfolio-in-compose-multiplatform/portfolio-in-compose-multiplatform/build/tasks/_portfolio-in-compose-multiplatform_npmInstallWasmJs/node_modules/.pnpm/@js-joda+core@3.2.0/node_modules/@js-joda/core/src/format/DateTimeParseContext.js' CREATED, '/home/runner/work/portfolio-in-compose-multiplatform/portfolio-in-compose-multiplatform/build/tasks/_portfolio-in-compose-multiplatform_npmInstallWasmJs/node_modules/.pnpm/@js-joda+core@3.2.0/node_modules/@js-joda/core/src/format/DecimalStyle.js' CREATED, '/home/runner/work/portfolio-in-compose-multiplatform/portfolio-in-compose-multiplatform/build/tasks/_portfolio-in-compose-multiplatform_npmInstallWasmJs/node_modules/.pnpm/@js-joda+core@3.2.0/node_modules/@js-joda/core/src/format/TextStyle.js' CREATED, '/home/runner/work/portfolio-in-compose-multiplatform/portfolio-in-compose-multiplatform/build/tasks/_portfolio-in-compose-multiplatform_npmInstallWasmJs/node_modules/.pnpm/@js-joda+core@3.2.0/node_modules/@js-joda/core/src/LocalDate.js' CREATED, '/home/runner/work/portfolio-in-compose-multiplatform/portfolio-in-compose-multiplatform/build/tasks/_portfolio-in-compose-multiplatform_npmInstallWasmJs/node_modules/.pnpm/@js-joda+core@3.2.0/node_modules/@js-joda/core/src/ZoneIdFactory.js' CREATED, '/home/runner/work/portfolio-in-compose-multiplatform/portfolio-in-compose-multiplatform/build/tasks/_portfolio-in-compose-multiplatform_npmInstallWasmJs/node_modules/.pnpm/@js-joda+core@3.2.0/node_modules/@js-joda/core/src/YearConstants.js' CREATED, '/home/runner/work/portfolio-in-compose-multiplatform/portfolio-in-compose-multiplatform/build/tasks/_portfolio-in-compose-multiplatform_npmInstallWasmJs/node_modules/.pnpm/@js-joda+core@3.2.0/node_modules/@js-joda/core/src/ZonedDateTime.js' CREATED, '/home/runner/work/portfolio-in-compose-multiplatform/portfolio-in-compose-multiplatform/build/tasks/_portfolio-in-compose-multiplatform_npmInstallWasmJs/node_modules/.pnpm/@js-joda+core@3.2.0/node_modules/@js-joda/core/src/convert.js' CREATED, '/home/runner/work/portfolio-in-compose-multiplatform/portfolio-in-compose-multiplatform/build/tasks/_portfolio-in-compose-multiplatform_npmInstallWasmJs/node_modules/.pnpm/@js-joda+core@3.2.0/node_modules/@js-joda/core/src/chrono/ChronoLocalDateTime.js' CREATED, '/home/runner/work/portfolio-in-compose-multiplatform/portfolio-in-compose-multiplatform/build/tasks/_portfolio-in-compose-multiplatform_npmInstallWasmJs/node_modules/.pnpm/@js-joda+core@3.2.0/node_modules/@js-joda/core/src/chrono/ChronoZonedDateTime.js' CREATED, '/home/runner/work/portfolio-in-compose-multiplatform/portfolio-in-compose-multiplatform/build/tasks/_portfolio-in-compose-multiplatform_npmInstallWasmJs/node_modules/.pnpm/@js-joda+core@3.2.0/node_modules/@js-joda/core/src/chrono/ChronoLocalDate.js' CREATED, '/home/runner/work/portfolio-in-compose-multiplatform/portfolio-in-compose-multiplatform/build/tasks/_portfolio-in-compose-multiplatform_npmInstallWasmJs/node_modules/.pnpm/@js-joda+core@3.2.0/node_modules/@js-joda/core/src/chrono/IsoChronology.js' CREATED, '/home/runner/work/portfolio-in-compose-multiplatform/portfolio-in-compose-multiplatform/build/tasks/_portfolio-in-compose-multiplatform_npmInstallWasmJs/node_modules/.pnpm/@js-joda+core@3.2.0/node_modules/@js-joda/core/package.json' CREATED, '/home/runner/work/portfolio-in-compose-multiplatform/portfolio-in-compose-multiplatform/build/tasks/_portfolio-in-compose-multiplatform_npmInstallWasmJs/node_modules/.pnpm/@js-joda+core@3.2.0/node_modules/@js-joda/core/README.md' CREATED, '/home/runner/work/portfolio-in-compose-multiplatform/portfolio-in-compose-multiplatform/build/tasks/_portfolio-in-compose-multiplatform_npmInstallWasmJs/node_modules/.pnpm/@js-joda+core@3.2.0/node_modules/@js-joda/core/LICENSE' CREATED, '/home/runner/work/portfolio-in-compose-multiplatform/portfolio-in-compose-multiplatform/build/tasks/_portfolio-in-compose-multiplatform_npmInstallWasmJs/node_modules/.pnpm/@js-joda+core@3.2.0/node_modules/@js-joda/core/dist/js-joda.esm.js' CREATED, '/home/runner/work/portfolio-in-compose-multiplatform/portfolio-in-compose-multiplatform/build/tasks/_portfolio-in-compose-multiplatform_npmInstallWasmJs/node_modules/.pnpm/@js-joda+core@3.2.0/node_modules/@js-joda/core/dist/js-joda.js.map' CREATED, '/home/runner/work/portfolio-in-compose-multiplatform/portfolio-in-compose-multiplatform/build/tasks/_portfolio-in-compose-multiplatform_npmInstallWasmJs/node_modules/.pnpm/@js-joda+core@3.2.0/node_modules/@js-joda/core/dist/js-joda.min.js' CREATED, '/home/runner/work/portfolio-in-compose-multiplatform/portfolio-in-compose-multiplatform/build/tasks/_portfolio-in-compose-multiplatform_npmInstallWasmJs/node_modules/.pnpm/@js-joda+core@3.2.0/node_modules/@js-joda/core/dist/js-joda.flow.js' CREATED, '/home/runner/work/portfolio-in-compose-multiplatform/portfolio-in-compose-multiplatform/build/tasks/_portfolio-in-compose-multiplatform_npmInstallWasmJs/node_modules/.pnpm/@js-joda+core@3.2.0/node_modules/@js-joda/core/dist/js-joda.js' CREATED, '/home/runner/work/portfolio-in-compose-multiplatform/portfolio-in-compose-multiplatform/build/tasks/_portfolio-in-compose-multiplatform_npmInstallWasmJs/node_modules/.pnpm/@js-joda+core@3.2.0/node_modules/@js-joda/core/dist/js-joda.d.ts' CREATED, '/home/runner/work/portfolio-in-compose-multiplatform/portfolio-in-compose-multiplatform/build/tasks/_portfolio-in-compose-multiplatform_npmInstallWasmJs/node_modules/.pnpm/@js-joda+core@3.2.0/node_modules/@js-joda/core/bower.json' CREATED, '/home/runner/work/portfolio-in-compose-multiplatform/portfolio-in-compose-multiplatform/build/tasks/_portfolio-in-compose-multiplatform_npmInstallWasmJs/node_modules/.pnpm/@js-joda+core@3.2.0/node_modules/@js-joda/core/CheatSheet.md' CREATED, '/home/runner/work/portfolio-in-compose-multiplatform/portfolio-in-compose-multiplatform/build/tasks/_portfolio-in-compose-multiplatform_npmInstallWasmJs/node_modules/.pnpm/@js-joda+core@3.2.0/node_modules/@js-joda/core/CHANGELOG.md' CREATED, '/home/runner/work/portfolio-in-compose-multiplatform/portfolio-in-compose-multiplatform/build/tasks/_portfolio-in-compose-multiplatform_npmInstallWasmJs/node_modules/.pnpm/lock.yaml' CREATED, '/home/runner/work/portfolio-in-compose-multiplatform/portfolio-in-compose-multiplatform/build/tasks/_portfolio-in-compose-multiplatform_npmInstallWasmJs/node_modules/.package-map.json' CREATED
00:14.586 DEBUG :portfolio-in-compose-multiplatform:npmInstallWasmJs IncrementalCache          [inc] ':portfolio-in-compose-multiplatform:npmInstallWasmJs-extract-npm-dependencies' changes: '/home/runner/work/portfolio-in-compose-multiplatform/portfolio-in-compose-multiplatform/build/tasks/_portfolio-in-compose-multiplatform_npmInstallWasmJs/node_modules/@js-joda/core' CREATED, '/home/runner/work/portfolio-in-compose-multiplatform/portfolio-in-compose-multiplatform/build/tasks/_portfolio-in-compose-multiplatform_npmInstallWasmJs/node_modules/.pnpm-workspace-state-v1.json' CREATED, '/home/runner/work/portfolio-in-compose-multiplatform/portfolio-in-compose-multiplatform/build/tasks/_portfolio-in-compose-multiplatform_npmInstallWasmJs/node_modules/.modules.yaml' CREATED, '/home/runner/work/portfolio-in-compose-multiplatform/portfolio-in-compose-multiplatform/build/tasks/_portfolio-in-compose-multiplatform_npmInstallWasmJs/node_modules/.pnpm/@js-joda+core@3.2.0/node_modules/@js-joda/core/src/ZoneId.js' CREATED, '/home/runner/work/portfolio-in-compose-multiplatform/portfolio-in-compose-multiplatform/build/tasks/_portfolio-in-compose-multiplatform_npmInstallWasmJs/node_modules/.pnpm/@js-joda+core@3.2.0/node_modules/@js-joda/core/src/_init.js' CREATED, '/home/runner/work/portfolio-in-compose-multiplatform/portfolio-in-compose-multiplatform/build/tasks/_portfolio-in-compose-multiplatform_npmInstallWasmJs/node_modules/.pnpm/@js-joda+core@3.2.0/node_modules/@js-joda/core/src/LocalTime.js' CREATED, '/home/runner/work/portfolio-in-compose-multiplatform/portfolio-in-compose-multiplatform/build/tasks/_portfolio-in-compose-multiplatform_npmInstallWasmJs/node_modules/.pnpm/@js-joda+core@3.2.0/node_modules/@js-joda/core/src/temporal/TemporalAdjusters.js' CREATED, '/home/runner/work/portfolio-in-compose-multiplatform/portfolio-in-compose-multiplatform/build/tasks/_portfolio-in-compose-multiplatform_npmInstallWasmJs/node_modules/.pnpm/@js-joda+core@3.2.0/node_modules/@js-joda/core/src/temporal/ChronoField.js' CREATED, '/home/runner/work/portfolio-in-compose-multiplatform/portfolio-in-compose-multiplatform/build/tasks/_portfolio-in-compose-multiplatform_npmInstallWasmJs/node_modules/.pnpm/@js-joda+core@3.2.0/node_modules/@js-joda/core/src/temporal/TemporalQuery.js' CREATED, '/home/runner/work/portfolio-in-compose-multiplatform/portfolio-in-compose-multiplatform/build/tasks/_portfolio-in-compose-multiplatform_npmInstallWasmJs/node_modules/.pnpm/@js-joda+core@3.2.0/node_modules/@js-joda/core/src/temporal/Temporal.js' CREATED, '/home/runner/work/portfolio-in-compose-multiplatform/portfolio-in-compose-multiplatform/build/tasks/_portfolio-in-compose-multiplatform_npmInstallWasmJs/node_modules/.pnpm/@js-joda+core@3.2.0/node_modules/@js-joda/core/src/temporal/ChronoUnit.js' CREATED, '/home/runner/work/portfolio-in-compose-multiplatform/portfolio-in-compose-multiplatform/build/tasks/_portfolio-in-compose-multiplatform_npmInstallWasmJs/node_modules/.pnpm/@js-joda+core@3.2.0/node_modules/@js-joda/core/src/temporal/TemporalField.js' CREATED, '/home/runner/work/portfolio-in-compose-multiplatform/portfolio-in-compose-multiplatform/build/tasks/_portfolio-in-compose-multiplatform_npmInstallWasmJs/node_modules/.pnpm/@js-joda+core@3.2.0/node_modules/@js-joda/core/src/temporal/ValueRange.js' CREATED, '/home/runner/work/portfolio-in-compose-multiplatform/portfolio-in-compose-multiplatform/build/tasks/_portfolio-in-compose-multiplatform_npmInstallWasmJs/node_modules/.pnpm/@js-joda+core@3.2.0/node_modules/@js-joda/core/src/temporal/TemporalUnit.js' CREATED, '/home/runner/work/portfolio-in-compose-multiplatform/portfolio-in-compose-multiplatform/build/tasks/_portfolio-in-compose-multiplatform_npmInstallWasmJs/node_modules/.pnpm/@js-joda+core@3.2.0/node_modules/@js-joda/core/src/temporal/TemporalQueriesFactory.js' CREATED, '/home/runner/work/portfolio-in-compose-multiplatform/portfolio-in-compose-multiplatform/build/tasks/_portfolio-in-compose-multiplatform_npmInstallWasmJs/node_modules/.pnpm/@js-joda+core@3.2.0/node_modules/@js-joda/core/src/temporal/TemporalAdjuster.js' CREATED, '/home/runner/work/portfolio-in-compose-multiplatform/portfolio-in-compose-multiplatform/build/tasks/_portfolio-in-compose-multiplatform_npmInstallWasmJs/node_modules/.pnpm/@js-joda+core@3.2.0/node_modules/@js-joda/core/src/temporal/IsoFields.js' CREATED, '/home/runner/work/portfolio-in-compose-multiplatform/portfolio-in-compose-multiplatform/build/tasks/_portfolio-in-compose-multiplatform_npmInstallWasmJs/node_modules/.pnpm/@js-joda+core@3.2.0/node_modules/@js-joda/core/src/temporal/DefaultInterfaceTemporal.js' CREATED, '/home/runner/work/portfolio-in-compose-multiplatform/portfolio-in-compose-multiplatform/build/tasks/_portfolio-in-compose-multiplatform_npmInstallWasmJs/node_modules/.pnpm/@js-joda+core@3.2.0/node_modules/@js-joda/core/src/temporal/TemporalQueries.js' CREATED, '/home/runner/work/portfolio-in-compose-multiplatform/portfolio-in-compose-multiplatform/build/tasks/_portfolio-in-compose-multiplatform_npmInstallWasmJs/node_modules/.pnpm/@js-joda+core@3.2.0/node_modules/@js-joda/core/src/temporal/NativeJsTemporal.js' CREATED, '/home/runner/work/portfolio-in-compose-multiplatform/portfolio-in-compose-multiplatform/build/tasks/_portfolio-in-compose-multiplatform_npmInstallWasmJs/node_modules/.pnpm/@js-joda+core@3.2.0/node_modules/@js-joda/core/src/temporal/TemporalAccessor.js' CREATED, '/home/runner/work/portfolio-in-compose-multiplatform/portfolio-in-compose-multiplatform/build/tasks/_portfolio-in-compose-multiplatform_npmInstallWasmJs/node_modules/.pnpm/@js-joda+core@3.2.0/node_modules/@js-joda/core/src/temporal/TemporalAmount.js' CREATED, '/home/runner/work/portfolio-in-compose-multiplatform/portfolio-in-compose-multiplatform/build/tasks/_portfolio-in-compose-multiplatform_npmInstallWasmJs/node_modules/.pnpm/@js-joda+core@3.2.0/node_modules/@js-joda/core/src/Instant.js' CREATED, '/home/runner/work/portfolio-in-compose-multiplatform/portfolio-in-compose-multiplatform/build/tasks/_portfolio-in-compose-multiplatform_npmInstallWasmJs/node_modules/.pnpm/@js-joda+core@3.2.0/node_modules/@js-joda/core/src/StringUtil.js' CREATED, '/home/runner/work/portfolio-in-compose-multiplatform/portfolio-in-compose-multiplatform/build/tasks/_portfolio-in-compose-multiplatform_npmInstallWasmJs/node_modules/.pnpm/@js-joda+core@3.2.0/node_modules/@js-joda/core/src/Year.js' CREATED, '/home/runner/work/portfolio-in-compose-multiplatform/portfolio-in-compose-multiplatform/build/tasks/_portfolio-in-compose-multiplatform_npmInstallWasmJs/node_modules/.pnpm/@js-joda+core@3.2.0/node_modules/@js-joda/core/src/MonthDay.js' CREATED, '/home/runner/work/portfolio-in-compose-multiplatform/portfolio-in-compose-multiplatform/build/tasks/_portfolio-in-compose-multiplatform_npmInstallWasmJs/node_modules/.pnpm/@js-joda+core@3.2.0/node_modules/@js-joda/core/src/MathUtil.js' CREATED, '/home/runner/work/portfolio-in-compose-multiplatform/portfolio-in-compose-multiplatform/build/tasks/_portfolio-in-compose-multiplatform_npmInstallWasmJs/node_modules/.pnpm/@js-joda+core@3.2.0/node_modules/@js-joda/core/src/ZoneOffset.js' CREATED, '/home/runner/work/portfolio-in-compose-multiplatform/portfolio-in-compose-multiplatform/build/tasks/_portfolio-in-compose-multiplatform_npmInstallWasmJs/node_modules/.pnpm/@js-joda+core@3.2.0/node_modules/@js-joda/core/src/errors.js' CREATED, '/home/runner/work/portfolio-in-compose-multiplatform/portfolio-in-compose-multiplatform/build/tasks/_portfolio-in-compose-multiplatform_npmInstallWasmJs/node_modules/.pnpm/@js-joda+core@3.2.0/node_modules/@js-joda/core/src/license-preamble.js' CREATED, '/home/runner/work/portfolio-in-compose-multiplatform/portfolio-in-compose-multiplatform/build/tasks/_portfolio-in-compose-multiplatform_npmInstallWasmJs/node_modules/.pnpm/@js-joda+core@3.2.0/node_modules/@js-joda/core/src/Month.js' CREATED, '/home/runner/work/portfolio-in-compose-multiplatform/portfolio-in-compose-multiplatform/build/tasks/_portfolio-in-compose-multiplatform_npmInstallWasmJs/node_modules/.pnpm/@js-joda+core@3.2.0/node_modules/@js-joda/core/src/OffsetTime.js' CREATED, '/home/runner/work/portfolio-in-compose-multiplatform/portfolio-in-compose-multiplatform/build/tasks/_portfolio-in-compose-multiplatform_npmInstallWasmJs/node_modules/.pnpm/@js-joda+core@3.2.0/node_modules/@js-joda/core/src/Duration.js' CREATED, '/home/runner/work/portfolio-in-compose-multiplatform/portfolio-in-compose-multiplatform/build/tasks/_portfolio-in-compose-multiplatform_npmInstallWasmJs/node_modules/.pnpm/@js-joda+core@3.2.0/node_modules/@js-joda/core/src/ZoneRegion.js' CREATED, '/home/runner/work/portfolio-in-compose-multiplatform/portfolio-in-compose-multiplatform/build/tasks/_portfolio-in-compose-multiplatform_npmInstallWasmJs/node_modules/.pnpm/@js-joda+core@3.2.0/node_modules/@js-joda/core/src/DayOfWeek.js' CREATED, '/home/runner/work/portfolio-in-compose-multiplatform/portfolio-in-compose-multiplatform/build/tasks/_portfolio-in-compose-multiplatform_npmInstallWasmJs/node_modules/.pnpm/@js-joda+core@3.2.0/node_modules/@js-joda/core/src/Period.js' CREATED, '/home/runner/work/portfolio-in-compose-multiplatform/portfolio-in-compose-multiplatform/build/tasks/_portfolio-in-compose-multiplatform_npmInstallWasmJs/node_modules/.pnpm/@js-joda+core@3.2.0/node_modules/@js-joda/core/src/zone/SystemDefaultZoneId.js' CREATED, '/home/runner/work/portfolio-in-compose-multiplatform/portfolio-in-compose-multiplatform/build/tasks/_portfolio-in-compose-multiplatform_npmInstallWasmJs/node_modules/.pnpm/@js-joda+core@3.2.0/node_modules/@js-joda/core/src/zone/ZoneRulesProvider.js' CREATED, '/home/runner/work/portfolio-in-compose-multiplatform/portfolio-in-compose-multiplatform/build/tasks/_portfolio-in-compose-multiplatform_npmInstallWasmJs/node_modules/.pnpm/@js-joda+core@3.2.0/node_modules/@js-joda/core/src/zone/ZoneRules.js' CREATED, '/home/runner/work/portfolio-in-compose-multiplatform/portfolio-in-compose-multiplatform/build/tasks/_portfolio-in-compose-multiplatform_npmInstallWasmJs/node_modules/.pnpm/@js-joda+core@3.2.0/node_modules/@js-joda/core/src/zone/SystemDefaultZoneRules.js' CREATED, '/home/runner/work/portfolio-in-compose-multiplatform/portfolio-in-compose-multiplatform/build/tasks/_portfolio-in-compose-multiplatform_npmInstallWasmJs/node_modules/.pnpm/@js-joda+core@3.2.0/node_modules/@js-joda/core/src/zone/ZoneOffsetTransition.js' CREATED, '/home/runner/work/portfolio-in-compose-multiplatform/portfolio-in-compose-multiplatform/build/tasks/_portfolio-in-compose-multiplatform_npmInstallWasmJs/node_modules/.pnpm/@js-joda+core@3.2.0/node_modules/@js-joda/core/src/use.js' CREATED, '/home/runner/work/portfolio-in-compose-multiplatform/portfolio-in-compose-multiplatform/build/tasks/_portfolio-in-compose-multiplatform_npmInstallWasmJs/node_modules/.pnpm/@js-joda+core@3.2.0/node_modules/@js-joda/core/src/OffsetDateTime.js' CREATED, '/home/runner/work/portfolio-in-compose-multiplatform/portfolio-in-compose-multiplatform/build/tasks/_portfolio-in-compose-multiplatform_npmInstallWasmJs/node_modules/.pnpm/@js-joda+core@3.2.0/node_modules/@js-joda/core/src/Enum.js' CREATED, '/home/runner/work/portfolio-in-compose-multiplatform/portfolio-in-compose-multiplatform/build/tasks/_portfolio-in-compose-multiplatform_npmInstallWasmJs/node_modules/.pnpm/@js-joda+core@3.2.0/node_modules/@js-joda/core/src/YearMonth.js' CREATED, '/home/runner/work/portfolio-in-compose-multiplatform/portfolio-in-compose-multiplatform/build/tasks/_portfolio-in-compose-multiplatform_npmInstallWasmJs/node_modules/.pnpm/@js-joda+core@3.2.0/node_modules/@js-joda/core/src/assert.js' CREATED, '/home/runner/work/portfolio-in-compose-multiplatform/portfolio-in-compose-multiplatform/build/tasks/_portfolio-in-compose-multiplatform_npmInstallWasmJs/node_modules/.pnpm/@js-joda+core@3.2.0/node_modules/@js-joda/core/src/LocalDateTime.js' CREATED, '/home/runner/work/portfolio-in-compose-multiplatform/portfolio-in-compose-multiplatform/build/tasks/_portfolio-in-compose-multiplatform_npmInstallWasmJs/node_modules/.pnpm/@js-joda+core@3.2.0/node_modules/@js-joda/core/src/Clock.js' CREATED, '/home/runner/work/portfolio-in-compose-multiplatform/portfolio-in-compose-multiplatform/build/tasks/_portfolio-in-compose-multiplatform_npmInstallWasmJs/node_modules/.pnpm/@js-joda+core@3.2.0/node_modules/@js-joda/core/src/js-joda.js' CREATED, '/home/runner/work/portfolio-in-compose-multiplatform/portfolio-in-compose-multiplatform/build/tasks/_portfolio-in-compose-multiplatform_npmInstallWasmJs/node_modules/.pnpm/@js-joda+core@3.2.0/node_modules/@js-joda/core/src/format/parser/CharLiteralPrinterParser.js' CREATED, '/home/runner/work/portfolio-in-compose-multiplatform/portfolio-in-compose-multiplatform/build/tasks/_portfolio-in-compose-multiplatform_npmInstallWasmJs/node_modules/.pnpm/@js-joda+core@3.2.0/node_modules/@js-joda/core/src/format/parser/CompositePrinterParser.js' CREATED, '/home/runner/work/portfolio-in-compose-multiplatform/portfolio-in-compose-multiplatform/build/tasks/_portfolio-in-compose-multiplatform_npmInstallWasmJs/node_modules/.pnpm/@js-joda+core@3.2.0/node_modules/@js-joda/core/src/format/parser/SettingsParser.js' CREATED, '/home/runner/work/portfolio-in-compose-multiplatform/portfolio-in-compose-multiplatform/build/tasks/_portfolio-in-compose-multiplatform_npmInstallWasmJs/node_modules/.pnpm/@js-joda+core@3.2.0/node_modules/@js-joda/core/src/format/parser/ZoneIdPrinterParser.js' CREATED, '/home/runner/work/portfolio-in-compose-multiplatform/portfolio-in-compose-multiplatform/build/tasks/_portfolio-in-compose-multiplatform_npmInstallWasmJs/node_modules/.pnpm/@js-joda+core@3.2.0/node_modules/@js-joda/core/src/format/parser/PadPrinterParserDecorator.js' CREATED, '/home/runner/work/portfolio-in-compose-multiplatform/portfolio-in-compose-multiplatform/build/tasks/_portfolio-in-compose-multiplatform_npmInstallWasmJs/node_modules/.pnpm/@js-joda+core@3.2.0/node_modules/@js-joda/core/src/format/parser/NumberPrinterParser.js' CREATED, '/home/runner/work/portfolio-in-compose-multiplatform/portfolio-in-compose-multiplatform/build/tasks/_portfolio-in-compose-multiplatform_npmInstallWasmJs/node_modules/.pnpm/@js-joda+core@3.2.0/node_modules/@js-joda/core/src/format/parser/StringLiteralPrinterParser.js' CREATED, '/home/runner/work/portfolio-in-compose-multiplatform/portfolio-in-compose-multiplatform/build/tasks/_portfolio-in-compose-multiplatform_npmInstallWasmJs/node_modules/.pnpm/@js-joda+core@3.2.0/node_modules/@js-joda/core/src/format/parser/OffsetIdPrinterParser.js' CREATED, '/home/runner/work/portfolio-in-compose-multiplatform/portfolio-in-compose-multiplatform/build/tasks/_portfolio-in-compose-multiplatform_npmInstallWasmJs/node_modules/.pnpm/@js-joda+core@3.2.0/node_modules/@js-joda/core/src/format/parser/FractionPrinterParser.js' CREATED, '/home/runner/work/portfolio-in-compose-multiplatform/portfolio-in-compose-multiplatform/build/tasks/_portfolio-in-compose-multiplatform_npmInstallWasmJs/node_modules/.pnpm/@js-joda+core@3.2.0/node_modules/@js-joda/core/src/format/ResolverStyle.js' CREATED, '/home/runner/work/portfolio-in-compose-multiplatform/portfolio-in-compose-multiplatform/build/tasks/_portfolio-in-compose-multiplatform_npmInstallWasmJs/node_modules/.pnpm/@js-joda+core@3.2.0/node_modules/@js-joda/core/src/format/SignStyle.js' CREATED, '/home/runner/work/portfolio-in-compose-multiplatform/portfolio-in-compose-multiplatform/build/tasks/_portfolio-in-compose-multiplatform_npmInstallWasmJs/node_modules/.pnpm/@js-joda+core@3.2.0/node_modules/@js-joda/core/src/format/StringBuilder.js' CREATED, '/home/runner/work/portfolio-in-compose-multiplatform/portfolio-in-compose-multiplatform/build/tasks/_portfolio-in-compose-multiplatform_npmInstallWasmJs/node_modules/.pnpm/@js-joda+core@3.2.0/node_modules/@js-joda/core/src/format/DateTimeBuilder.js' CREATED, '/home/runner/work/portfolio-in-compose-multiplatform/portfolio-in-compose-multiplatform/build/tasks/_portfolio-in-compose-multiplatform_npmInstallWasmJs/node_modules/.pnpm/@js-joda+core@3.2.0/node_modules/@js-joda/core/src/format/DateTimeFormatter.js' CREATED, '/home/runner/work/portfolio-in-compose-multiplatform/portfolio-in-compose-multiplatform/build/tasks/_portfolio-in-compose-multiplatform_npmInstallWasmJs/node_modules/.pnpm/@js-joda+core@3.2.0/node_modules/@js-joda/core/src/format/EnumMap.js' CREATED, '/home/runner/work/portfolio-in-compose-multiplatform/portfolio-in-compose-multiplatform/build/tasks/_portfolio-in-compose-multiplatform_npmInstallWasmJs/node_modules/.pnpm/@js-joda+core@3.2.0/node_modules/@js-joda/core/src/format/DateTimeFormatterBuilder.js' CREATED, '/home/runner/work/portfolio-in-compose-multiplatform/portfolio-in-compose-multiplatform/build/tasks/_portfolio-in-compose-multiplatform_npmInstallWasmJs/node_modules/.pnpm/@js-joda+core@3.2.0/node_modules/@js-joda/core/src/format/DateTimePrintContext.js' CREATED, '/home/runner/work/portfolio-in-compose-multiplatform/portfolio-in-compose-multiplatform/build/tasks/_portfolio-in-compose-multiplatform_npmInstallWasmJs/node_modules/.pnpm/@js-joda+core@3.2.0/node_modules/@js-joda/core/src/format/ParsePosition.js' CREATED, '/home/runner/work/portfolio-in-compose-multiplatform/portfolio-in-compose-multiplatform/build/tasks/_portfolio-in-compose-multiplatform_npmInstallWasmJs/node_modules/.pnpm/@js-joda+core@3.2.0/node_modules/@js-joda/core/src/format/DateTimeParseContext.js' CREATED, '/home/runner/work/portfolio-in-compose-multiplatform/portfolio-in-compose-multiplatform/build/tasks/_portfolio-in-compose-multiplatform_npmInstallWasmJs/node_modules/.pnpm/@js-joda+core@3.2.0/node_modules/@js-joda/core/src/format/DecimalStyle.js' CREATED, '/home/runner/work/portfolio-in-compose-multiplatform/portfolio-in-compose-multiplatform/build/tasks/_portfolio-in-compose-multiplatform_npmInstallWasmJs/node_modules/.pnpm/@js-joda+core@3.2.0/node_modules/@js-joda/core/src/format/TextStyle.js' CREATED, '/home/runner/work/portfolio-in-compose-multiplatform/portfolio-in-compose-multiplatform/build/tasks/_portfolio-in-compose-multiplatform_npmInstallWasmJs/node_modules/.pnpm/@js-joda+core@3.2.0/node_modules/@js-joda/core/src/LocalDate.js' CREATED, '/home/runner/work/portfolio-in-compose-multiplatform/portfolio-in-compose-multiplatform/build/tasks/_portfolio-in-compose-multiplatform_npmInstallWasmJs/node_modules/.pnpm/@js-joda+core@3.2.0/node_modules/@js-joda/core/src/ZoneIdFactory.js' CREATED, '/home/runner/work/portfolio-in-compose-multiplatform/portfolio-in-compose-multiplatform/build/tasks/_portfolio-in-compose-multiplatform_npmInstallWasmJs/node_modules/.pnpm/@js-joda+core@3.2.0/node_modules/@js-joda/core/src/YearConstants.js' CREATED, '/home/runner/work/portfolio-in-compose-multiplatform/portfolio-in-compose-multiplatform/build/tasks/_portfolio-in-compose-multiplatform_npmInstallWasmJs/node_modules/.pnpm/@js-joda+core@3.2.0/node_modules/@js-joda/core/src/ZonedDateTime.js' CREATED, '/home/runner/work/portfolio-in-compose-multiplatform/portfolio-in-compose-multiplatform/build/tasks/_portfolio-in-compose-multiplatform_npmInstallWasmJs/node_modules/.pnpm/@js-joda+core@3.2.0/node_modules/@js-joda/core/src/convert.js' CREATED, '/home/runner/work/portfolio-in-compose-multiplatform/portfolio-in-compose-multiplatform/build/tasks/_portfolio-in-compose-multiplatform_npmInstallWasmJs/node_modules/.pnpm/@js-joda+core@3.2.0/node_modules/@js-joda/core/src/chrono/ChronoLocalDateTime.js' CREATED, '/home/runner/work/portfolio-in-compose-multiplatform/portfolio-in-compose-multiplatform/build/tasks/_portfolio-in-compose-multiplatform_npmInstallWasmJs/node_modules/.pnpm/@js-joda+core@3.2.0/node_modules/@js-joda/core/src/chrono/ChronoZonedDateTime.js' CREATED, '/home/runner/work/portfolio-in-compose-multiplatform/portfolio-in-compose-multiplatform/build/tasks/_portfolio-in-compose-multiplatform_npmInstallWasmJs/node_modules/.pnpm/@js-joda+core@3.2.0/node_modules/@js-joda/core/src/chrono/ChronoLocalDate.js' CREATED, '/home/runner/work/portfolio-in-compose-multiplatform/portfolio-in-compose-multiplatform/build/tasks/_portfolio-in-compose-multiplatform_npmInstallWasmJs/node_modules/.pnpm/@js-joda+core@3.2.0/node_modules/@js-joda/core/src/chrono/IsoChronology.js' CREATED, '/home/runner/work/portfolio-in-compose-multiplatform/portfolio-in-compose-multiplatform/build/tasks/_portfolio-in-compose-multiplatform_npmInstallWasmJs/node_modules/.pnpm/@js-joda+core@3.2.0/node_modules/@js-joda/core/package.json' CREATED, '/home/runner/work/portfolio-in-compose-multiplatform/portfolio-in-compose-multiplatform/build/tasks/_portfolio-in-compose-multiplatform_npmInstallWasmJs/node_modules/.pnpm/@js-joda+core@3.2.0/node_modules/@js-joda/core/README.md' CREATED, '/home/runner/work/portfolio-in-compose-multiplatform/portfolio-in-compose-multiplatform/build/tasks/_portfolio-in-compose-multiplatform_npmInstallWasmJs/node_modules/.pnpm/@js-joda+core@3.2.0/node_modules/@js-joda/core/LICENSE' CREATED, '/home/runner/work/portfolio-in-compose-multiplatform/portfolio-in-compose-multiplatform/build/tasks/_portfolio-in-compose-multiplatform_npmInstallWasmJs/node_modules/.pnpm/@js-joda+core@3.2.0/node_modules/@js-joda/core/dist/js-joda.esm.js' CREATED, '/home/runner/work/portfolio-in-compose-multiplatform/portfolio-in-compose-multiplatform/build/tasks/_portfolio-in-compose-multiplatform_npmInstallWasmJs/node_modules/.pnpm/@js-joda+core@3.2.0/node_modules/@js-joda/core/dist/js-joda.js.map' CREATED, '/home/runner/work/portfolio-in-compose-multiplatform/portfolio-in-compose-multiplatform/build/tasks/_portfolio-in-compose-multiplatform_npmInstallWasmJs/node_modules/.pnpm/@js-joda+core@3.2.0/node_modules/@js-joda/core/dist/js-joda.min.js' CREATED, '/home/runner/work/portfolio-in-compose-multiplatform/portfolio-in-compose-multiplatform/build/tasks/_portfolio-in-compose-multiplatform_npmInstallWasmJs/node_modules/.pnpm/@js-joda+core@3.2.0/node_modules/@js-joda/core/dist/js-joda.flow.js' CREATED, '/home/runner/work/portfolio-in-compose-multiplatform/portfolio-in-compose-multiplatform/build/tasks/_portfolio-in-compose-multiplatform_npmInstallWasmJs/node_modules/.pnpm/@js-joda+core@3.2.0/node_modules/@js-joda/core/dist/js-joda.js' CREATED, '/home/runner/work/portfolio-in-compose-multiplatform/portfolio-in-compose-multiplatform/build/tasks/_portfolio-in-compose-multiplatform_npmInstallWasmJs/node_modules/.pnpm/@js-joda+core@3.2.0/node_modules/@js-joda/core/dist/js-joda.d.ts' CREATED, '/home/runner/work/portfolio-in-compose-multiplatform/portfolio-in-compose-multiplatform/build/tasks/_portfolio-in-compose-multiplatform_npmInstallWasmJs/node_modules/.pnpm/@js-joda+core@3.2.0/node_modules/@js-joda/core/bower.json' CREATED, '/home/runner/work/portfolio-in-compose-multiplatform/portfolio-in-compose-multiplatform/build/tasks/_portfolio-in-compose-multiplatform_npmInstallWasmJs/node_modules/.pnpm/@js-joda+core@3.2.0/node_modules/@js-joda/core/CheatSheet.md' CREATED, '/home/runner/work/portfolio-in-compose-multiplatform/portfolio-in-compose-multiplatform/build/tasks/_portfolio-in-compose-multiplatform_npmInstallWasmJs/node_modules/.pnpm/@js-joda+core@3.2.0/node_modules/@js-joda/core/CHANGELOG.md' CREATED, '/home/runner/work/portfolio-in-compose-multiplatform/portfolio-in-compose-multiplatform/build/tasks/_portfolio-in-compose-multiplatform_npmInstallWasmJs/node_modules/.pnpm/lock.yaml' CREATED, '/home/runner/work/portfolio-in-compose-multiplatform/portfolio-in-compose-multiplatform/build/tasks/_portfolio-in-compose-multiplatform_npmInstallWasmJs/node_modules/.package-map.json' CREATED
00:15.174 DEBUG :portfolio-in-compose-multiplatform:compileWasmJs DependencyFileImpl        Not found URL: https://packages.jetbrains.team/maven/p/kt/bootstrap/org/jetbrains/kotlin/kotlin-compiler-embeddable/2.4.10/kotlin-compiler-embeddable-2.4.10.pom.sha512
00:15.328 DEBUG :portfolio-in-compose-multiplatform:compileWasmJs DependencyFileImpl        Not found URL: https://repo1.maven.org/maven2/org/jetbrains/kotlin/kotlin-compiler-embeddable/2.4.10/kotlin-compiler-embeddable-2.4.10.pom.sha256
00:15.416 DEBUG :portfolio-in-compose-multiplatform:compileWasmJs DependencyFileImpl        Not found URL: https://packages.jetbrains.team/maven/p/kt/bootstrap/org/jetbrains/kotlin/kotlin-compiler-embeddable/2.4.10/kotlin-compiler-embeddable-2.4.10.pom.sha256
00:15.433 DEBUG :portfolio-in-compose-multiplatform:compileWasmJs DependencyFileImpl        Downloaded https://repo1.maven.org/maven2/org/jetbrains/kotlin/kotlin-compiler-embeddable/2.4.10/kotlin-compiler-embeddable-2.4.10.pom.sha1 for the dependency org.jetbrains.kotlin:kotlin-compiler-embeddable:2.4.10
00:15.447 DEBUG :portfolio-in-compose-multiplatform:compileWasmJs DependencyFileImpl        Downloaded https://repo1.maven.org/maven2/org/jetbrains/kotlin/kotlin-compiler-embeddable/2.4.10/kotlin-compiler-embeddable-2.4.10.pom for the dependency org.jetbrains.kotlin:kotlin-compiler-embeddable:2.4.10
00:15.482 DEBUG :portfolio-in-compose-multiplatform:compileWasmJs DependencyFileImpl        Not found URL: https://repo1.maven.org/maven2/org/jetbrains/annotations/13.0/annotations-13.0.pom.sha512
00:15.494 DEBUG :portfolio-in-compose-multiplatform:compileWasmJs DependencyFileImpl        Downloaded https://repo1.maven.org/maven2/org/jetbrains/kotlinx/kotlinx-coroutines-core-jvm/1.8.0/kotlinx-coroutines-core-jvm-1.8.0.pom.sha512 for the dependency org.jetbrains.kotlinx:kotlinx-coroutines-core-jvm:1.8.0
00:15.509 DEBUG :portfolio-in-compose-multiplatform:compileWasmJs DependencyFileImpl        Downloaded https://repo1.maven.org/maven2/org/jetbrains/kotlinx/kotlinx-coroutines-core-jvm/1.8.0/kotlinx-coroutines-core-jvm-1.8.0.pom for the dependency org.jetbrains.kotlinx:kotlinx-coroutines-core-jvm:1.8.0
00:15.511 DEBUG :portfolio-in-compose-multiplatform:compileWasmJs DependencyFileImpl        Not found URL: https://repo1.maven.org/maven2/org/jetbrains/kotlin/kotlin-reflect/1.6.10/kotlin-reflect-1.6.10.pom.sha512
00:15.525 DEBUG :portfolio-in-compose-multiplatform:compileWasmJs DependencyFileImpl        Downloaded https://repo1.maven.org/maven2/org/jetbrains/kotlinx/kotlinx-coroutines-core-jvm/1.8.0/kotlinx-coroutines-core-jvm-1.8.0.module.sha512 for the dependency org.jetbrains.kotlinx:kotlinx-coroutines-core-jvm:1.8.0
00:15.540 DEBUG :portfolio-in-compose-multiplatform:compileWasmJs DependencyFileImpl        Downloaded https://repo1.maven.org/maven2/org/jetbrains/kotlinx/kotlinx-coroutines-core-jvm/1.8.0/kotlinx-coroutines-core-jvm-1.8.0.module for the dependency org.jetbrains.kotlinx:kotlinx-coroutines-core-jvm:1.8.0
00:15.558 DEBUG :portfolio-in-compose-multiplatform:compileWasmJs DependencyFileImpl        Not found URL: https://repo1.maven.org/maven2/org/jetbrains/kotlin/kotlin-build-tools-api/2.4.10/kotlin-build-tools-api-2.4.10.pom.sha512
00:15.559 DEBUG :portfolio-in-compose-multiplatform:compileWasmJs DependencyFileImpl        Downloaded https://repo1.maven.org/maven2/org/jetbrains/kotlinx/kotlinx-coroutines-bom/1.8.0/kotlinx-coroutines-bom-1.8.0.pom.sha512 for the dependency org.jetbrains.kotlinx:kotlinx-coroutines-bom:1.8.0
00:15.560 DEBUG :portfolio-in-compose-multiplatform:compileWasmJs DependencyFileImpl        Not found URL: https://repo1.maven.org/maven2/org/jetbrains/kotlin/kotlin-script-runtime/2.4.10/kotlin-script-runtime-2.4.10.pom.sha512
00:15.572 DEBUG :portfolio-in-compose-multiplatform:compileWasmJs DependencyFileImpl        Downloaded https://repo1.maven.org/maven2/org/jetbrains/kotlinx/kotlinx-coroutines-bom/1.8.0/kotlinx-coroutines-bom-1.8.0.pom for the dependency org.jetbrains.kotlinx:kotlinx-coroutines-bom:1.8.0
00:15.585 DEBUG :portfolio-in-compose-multiplatform:compileWasmJs DependencyFileImpl        Not found URL: https://repo1.maven.org/maven2/org/jetbrains/kotlin/kotlin-daemon-embeddable/2.4.10/kotlin-daemon-embeddable-2.4.10.pom.sha512
00:15.593 DEBUG :portfolio-in-compose-multiplatform:compileWasmJs DependencyFileImpl        Not found URL: https://packages.jetbrains.team/maven/p/kt/bootstrap/org/jetbrains/kotlin/kotlin-reflect/1.6.10/kotlin-reflect-1.6.10.pom.sha512
00:15.622 DEBUG :portfolio-in-compose-multiplatform:compileWasmJs DependencyFileImpl        Not found URL: https://repo1.maven.org/maven2/org/jetbrains/kotlin/kotlin-reflect/1.6.10/kotlin-reflect-1.6.10.pom.sha256
00:15.647 DEBUG :portfolio-in-compose-multiplatform:compileWasmJs DependencyFileImpl        Not found URL: https://packages.jetbrains.team/maven/p/kt/bootstrap/org/jetbrains/kotlin/kotlin-script-runtime/2.4.10/kotlin-script-runtime-2.4.10.pom.sha512
00:15.664 DEBUG :portfolio-in-compose-multiplatform:compileWasmJs DependencyFileImpl        Not found URL: https://packages.jetbrains.team/maven/p/kt/bootstrap/org/jetbrains/kotlin/kotlin-build-tools-api/2.4.10/kotlin-build-tools-api-2.4.10.pom.sha512
00:15.667 DEBUG :portfolio-in-compose-multiplatform:compileWasmJs DependencyFileImpl        Not found URL: https://packages.jetbrains.team/maven/p/kt/bootstrap/org/jetbrains/kotlin/kotlin-daemon-embeddable/2.4.10/kotlin-daemon-embeddable-2.4.10.pom.sha512
00:15.705 DEBUG :portfolio-in-compose-multiplatform:compileWasmJs DependencyFileImpl        Not found URL: https://packages.jetbrains.team/maven/p/kt/bootstrap/org/jetbrains/kotlin/kotlin-reflect/1.6.10/kotlin-reflect-1.6.10.pom.sha256
00:15.719 DEBUG :portfolio-in-compose-multiplatform:compileWasmJs DependencyFileImpl        Downloaded https://repo1.maven.org/maven2/org/jetbrains/kotlin/kotlin-reflect/1.6.10/kotlin-reflect-1.6.10.pom.sha1 for the dependency org.jetbrains.kotlin:kotlin-reflect:1.6.10
00:15.736 DEBUG :portfolio-in-compose-multiplatform:compileWasmJs DependencyFileImpl        Downloaded https://repo1.maven.org/maven2/org/jetbrains/kotlin/kotlin-reflect/1.6.10/kotlin-reflect-1.6.10.pom for the dependency org.jetbrains.kotlin:kotlin-reflect:1.6.10
00:15.797 DEBUG :portfolio-in-compose-multiplatform:compileWasmJs DependencyFileImpl        Not found URL: https://repo1.maven.org/maven2/org/jetbrains/kotlin/kotlin-script-runtime/2.4.10/kotlin-script-runtime-2.4.10.pom.sha256
00:15.800 DEBUG :portfolio-in-compose-multiplatform:compileWasmJs DependencyFileImpl        Not found URL: https://repo1.maven.org/maven2/org/jetbrains/kotlin/kotlin-build-tools-api/2.4.10/kotlin-build-tools-api-2.4.10.pom.sha256
00:15.804 DEBUG :portfolio-in-compose-multiplatform:compileWasmJs DependencyFileImpl        Not found URL: https://repo1.maven.org/maven2/org/jetbrains/kotlin/kotlin-daemon-embeddable/2.4.10/kotlin-daemon-embeddable-2.4.10.pom.sha256
00:15.877 DEBUG :portfolio-in-compose-multiplatform:compileWasmJs DependencyFileImpl        Not found URL: https://packages.jetbrains.team/maven/p/kt/bootstrap/org/jetbrains/kotlin/kotlin-script-runtime/2.4.10/kotlin-script-runtime-2.4.10.pom.sha256
00:15.883 DEBUG :portfolio-in-compose-multiplatform:compileWasmJs DependencyFileImpl        Not found URL: https://packages.jetbrains.team/maven/p/kt/bootstrap/org/jetbrains/kotlin/kotlin-build-tools-api/2.4.10/kotlin-build-tools-api-2.4.10.pom.sha256
00:15.887 DEBUG :portfolio-in-compose-multiplatform:compileWasmJs DependencyFileImpl        Not found URL: https://packages.jetbrains.team/maven/p/kt/bootstrap/org/jetbrains/kotlin/kotlin-daemon-embeddable/2.4.10/kotlin-daemon-embeddable-2.4.10.pom.sha256
00:15.891 DEBUG :portfolio-in-compose-multiplatform:compileWasmJs DependencyFileImpl        Downloaded https://repo1.maven.org/maven2/org/jetbrains/kotlin/kotlin-script-runtime/2.4.10/kotlin-script-runtime-2.4.10.pom.sha1 for the dependency org.jetbrains.kotlin:kotlin-script-runtime:2.4.10
00:15.896 DEBUG :portfolio-in-compose-multiplatform:compileWasmJs DependencyFileImpl        Downloaded https://repo1.maven.org/maven2/org/jetbrains/kotlin/kotlin-build-tools-api/2.4.10/kotlin-build-tools-api-2.4.10.pom.sha1 for the dependency org.jetbrains.kotlin:kotlin-build-tools-api:2.4.10
00:15.902 DEBUG :portfolio-in-compose-multiplatform:compileWasmJs DependencyFileImpl        Downloaded https://repo1.maven.org/maven2/org/jetbrains/kotlin/kotlin-daemon-embeddable/2.4.10/kotlin-daemon-embeddable-2.4.10.pom.sha1 for the dependency org.jetbrains.kotlin:kotlin-daemon-embeddable:2.4.10
00:15.905 DEBUG :portfolio-in-compose-multiplatform:compileWasmJs DependencyFileImpl        Downloaded https://repo1.maven.org/maven2/org/jetbrains/kotlin/kotlin-script-runtime/2.4.10/kotlin-script-runtime-2.4.10.pom for the dependency org.jetbrains.kotlin:kotlin-script-runtime:2.4.10
00:15.910 DEBUG :portfolio-in-compose-multiplatform:compileWasmJs DependencyFileImpl        Downloaded https://repo1.maven.org/maven2/org/jetbrains/kotlin/kotlin-build-tools-api/2.4.10/kotlin-build-tools-api-2.4.10.pom for the dependency org.jetbrains.kotlin:kotlin-build-tools-api:2.4.10
00:15.916 DEBUG :portfolio-in-compose-multiplatform:compileWasmJs DependencyFileImpl        Downloaded https://repo1.maven.org/maven2/org/jetbrains/kotlin/kotlin-daemon-embeddable/2.4.10/kotlin-daemon-embeddable-2.4.10.pom for the dependency org.jetbrains.kotlin:kotlin-daemon-embeddable:2.4.10
00:15.962 DEBUG :portfolio-in-compose-multiplatform:compileWasmJs DependencyFileImpl        Not found URL: https://repo1.maven.org/maven2/org/jetbrains/annotations/23.0.0/annotations-23.0.0.pom.sha512
00:16.045 DEBUG :portfolio-in-compose-multiplatform:compileWasmJs DependencyFileImpl        Not found URL: https://packages.jetbrains.team/maven/p/kt/bootstrap/org/jetbrains/annotations/23.0.0/annotations-23.0.0.pom.sha512
00:16.060 DEBUG :portfolio-in-compose-multiplatform:compileWasmJs DependencyFileImpl        Not found URL: https://repo1.maven.org/maven2/org/jetbrains/annotations/23.0.0/annotations-23.0.0.pom.sha256
00:16.143 DEBUG :portfolio-in-compose-multiplatform:compileWasmJs DependencyFileImpl        Not found URL: https://packages.jetbrains.team/maven/p/kt/bootstrap/org/jetbrains/annotations/23.0.0/annotations-23.0.0.pom.sha256
00:16.156 DEBUG :portfolio-in-compose-multiplatform:compileWasmJs DependencyFileImpl        Downloaded https://repo1.maven.org/maven2/org/jetbrains/annotations/23.0.0/annotations-23.0.0.pom.sha1 for the dependency org.jetbrains:annotations:23.0.0
00:16.169 DEBUG :portfolio-in-compose-multiplatform:compileWasmJs DependencyFileImpl        Downloaded https://repo1.maven.org/maven2/org/jetbrains/annotations/23.0.0/annotations-23.0.0.pom for the dependency org.jetbrains:annotations:23.0.0
00:16.190 DEBUG :portfolio-in-compose-multiplatform:compileWasmJs DependencyFileImpl        Not found URL: https://repo1.maven.org/maven2/org/jetbrains/annotations/23.0.0/annotations-23.0.0.jar.sha512
00:16.214 DEBUG :portfolio-in-compose-multiplatform:compileWasmJs DependencyFileImpl        Downloaded https://repo1.maven.org/maven2/org/jetbrains/kotlinx/kotlinx-coroutines-core-jvm/1.8.0/kotlinx-coroutines-core-jvm-1.8.0.jar for the dependency org.jetbrains.kotlinx:kotlinx-coroutines-core-jvm:1.8.0
00:16.222 DEBUG :portfolio-in-compose-multiplatform:compileWasmJs DependencyFileImpl        Not found URL: https://repo1.maven.org/maven2/org/jetbrains/kotlin/kotlin-reflect/1.6.10/kotlin-reflect-1.6.10.jar.sha512
00:16.223 DEBUG :portfolio-in-compose-multiplatform:compileWasmJs DependencyFileImpl        Downloaded https://repo1.maven.org/maven2/org/jetbrains/kotlin/kotlin-stdlib/2.4.10/kotlin-stdlib-2.4.10.jar for the dependency org.jetbrains.kotlin:kotlin-stdlib:2.4.10
00:16.244 DEBUG :portfolio-in-compose-multiplatform:compileWasmJs DependencyFileImpl        Downloaded https://repo1.maven.org/maven2/org/jetbrains/kotlin/kotlin-stdlib/2.4.10/kotlin-stdlib-2.4.10-sources.jar for the dependency org.jetbrains.kotlin:kotlin-stdlib:2.4.10
00:16.263 DEBUG :portfolio-in-compose-multiplatform:compileWasmJs DependencyFileImpl        Not found URL: https://repo1.maven.org/maven2/org/jetbrains/kotlin/kotlin-compiler-embeddable/2.4.10/kotlin-compiler-embeddable-2.4.10.jar.sha512
00:16.269 DEBUG :portfolio-in-compose-multiplatform:compileWasmJs DependencyFileImpl        Not found URL: https://repo1.maven.org/maven2/org/jetbrains/kotlin/kotlin-daemon-embeddable/2.4.10/kotlin-daemon-embeddable-2.4.10.jar.sha512
00:16.269 DEBUG :portfolio-in-compose-multiplatform:compileWasmJs DependencyFileImpl        Not found URL: https://repo1.maven.org/maven2/org/jetbrains/kotlin/kotlin-script-runtime/2.4.10/kotlin-script-runtime-2.4.10.jar.sha512
00:16.273 DEBUG :portfolio-in-compose-multiplatform:compileWasmJs DependencyFileImpl        Not found URL: https://packages.jetbrains.team/maven/p/kt/bootstrap/org/jetbrains/annotations/23.0.0/annotations-23.0.0.jar.sha512
00:16.291 DEBUG :portfolio-in-compose-multiplatform:compileWasmJs DependencyFileImpl        Not found URL: https://repo1.maven.org/maven2/org/jetbrains/kotlin/kotlin-build-tools-api/2.4.10/kotlin-build-tools-api-2.4.10.jar.sha512
00:16.304 DEBUG :portfolio-in-compose-multiplatform:compileWasmJs DependencyFileImpl        Not found URL: https://packages.jetbrains.team/maven/p/kt/bootstrap/org/jetbrains/kotlin/kotlin-reflect/1.6.10/kotlin-reflect-1.6.10.jar.sha512
00:16.316 DEBUG :portfolio-in-compose-multiplatform:compileWasmJs DependencyFileImpl        Not found URL: https://repo1.maven.org/maven2/org/jetbrains/annotations/23.0.0/annotations-23.0.0.jar.sha256
00:16.331 DEBUG :portfolio-in-compose-multiplatform:compileWasmJs DependencyFileImpl        Not found URL: https://repo1.maven.org/maven2/org/jetbrains/kotlin/kotlin-reflect/1.6.10/kotlin-reflect-1.6.10.jar.sha256
00:16.344 DEBUG :portfolio-in-compose-multiplatform:compileWasmJs DependencyFileImpl        Not found URL: https://packages.jetbrains.team/maven/p/kt/bootstrap/org/jetbrains/kotlin/kotlin-compiler-embeddable/2.4.10/kotlin-compiler-embeddable-2.4.10.jar.sha512
00:16.350 DEBUG :portfolio-in-compose-multiplatform:compileWasmJs DependencyFileImpl        Not found URL: https://packages.jetbrains.team/maven/p/kt/bootstrap/org/jetbrains/kotlin/kotlin-daemon-embeddable/2.4.10/kotlin-daemon-embeddable-2.4.10.jar.sha512
00:16.351 DEBUG :portfolio-in-compose-multiplatform:compileWasmJs DependencyFileImpl        Not found URL: https://packages.jetbrains.team/maven/p/kt/bootstrap/org/jetbrains/kotlin/kotlin-script-runtime/2.4.10/kotlin-script-runtime-2.4.10.jar.sha512
00:16.370 DEBUG :portfolio-in-compose-multiplatform:compileWasmJs DependencyFileImpl        Not found URL: https://packages.jetbrains.team/maven/p/kt/bootstrap/org/jetbrains/kotlin/kotlin-build-tools-api/2.4.10/kotlin-build-tools-api-2.4.10.jar.sha512
00:16.397 DEBUG :portfolio-in-compose-multiplatform:compileWasmJs DependencyFileImpl        Not found URL: https://packages.jetbrains.team/maven/p/kt/bootstrap/org/jetbrains/annotations/23.0.0/annotations-23.0.0.jar.sha256
00:16.413 DEBUG :portfolio-in-compose-multiplatform:compileWasmJs DependencyFileImpl        Not found URL: https://packages.jetbrains.team/maven/p/kt/bootstrap/org/jetbrains/kotlin/kotlin-reflect/1.6.10/kotlin-reflect-1.6.10.jar.sha256
00:16.413 DEBUG :portfolio-in-compose-multiplatform:compileWasmJs DependencyFileImpl        Downloaded https://repo1.maven.org/maven2/org/jetbrains/annotations/23.0.0/annotations-23.0.0.jar.sha1 for the dependency org.jetbrains:annotations:23.0.0
00:16.427 DEBUG :portfolio-in-compose-multiplatform:compileWasmJs DependencyFileImpl        Downloaded https://repo1.maven.org/maven2/org/jetbrains/annotations/23.0.0/annotations-23.0.0.jar for the dependency org.jetbrains:annotations:23.0.0
00:16.428 DEBUG :portfolio-in-compose-multiplatform:compileWasmJs DependencyFileImpl        Downloaded https://repo1.maven.org/maven2/org/jetbrains/kotlin/kotlin-reflect/1.6.10/kotlin-reflect-1.6.10.jar.sha1 for the dependency org.jetbrains.kotlin:kotlin-reflect:1.6.10
00:16.457 DEBUG :portfolio-in-compose-multiplatform:compileWasmJs DependencyFileImpl        Downloaded https://repo1.maven.org/maven2/org/jetbrains/kotlin/kotlin-reflect/1.6.10/kotlin-reflect-1.6.10.jar for the dependency org.jetbrains.kotlin:kotlin-reflect:1.6.10
00:16.477 DEBUG :portfolio-in-compose-multiplatform:compileWasmJs DependencyFileImpl        Not found URL: https://repo1.maven.org/maven2/org/jetbrains/kotlin/kotlin-script-runtime/2.4.10/kotlin-script-runtime-2.4.10.jar.sha256
00:16.488 DEBUG :portfolio-in-compose-multiplatform:compileWasmJs DependencyFileImpl        Not found URL: https://repo1.maven.org/maven2/org/jetbrains/kotlin/kotlin-compiler-embeddable/2.4.10/kotlin-compiler-embeddable-2.4.10.jar.sha256
00:16.498 DEBUG :portfolio-in-compose-multiplatform:compileWasmJs DependencyFileImpl        Not found URL: https://repo1.maven.org/maven2/org/jetbrains/kotlin/kotlin-build-tools-api/2.4.10/kotlin-build-tools-api-2.4.10.jar.sha256
00:16.501 DEBUG :portfolio-in-compose-multiplatform:compileWasmJs DependencyFileImpl        Not found URL: https://repo1.maven.org/maven2/org/jetbrains/kotlin/kotlin-daemon-embeddable/2.4.10/kotlin-daemon-embeddable-2.4.10.jar.sha256
00:16.559 DEBUG :portfolio-in-compose-multiplatform:compileWasmJs DependencyFileImpl        Not found URL: https://packages.jetbrains.team/maven/p/kt/bootstrap/org/jetbrains/kotlin/kotlin-script-runtime/2.4.10/kotlin-script-runtime-2.4.10.jar.sha256
00:16.569 DEBUG :portfolio-in-compose-multiplatform:compileWasmJs DependencyFileImpl        Not found URL: https://packages.jetbrains.team/maven/p/kt/bootstrap/org/jetbrains/kotlin/kotlin-compiler-embeddable/2.4.10/kotlin-compiler-embeddable-2.4.10.jar.sha256
00:16.575 DEBUG :portfolio-in-compose-multiplatform:compileWasmJs DependencyFileImpl        Downloaded https://repo1.maven.org/maven2/org/jetbrains/kotlin/kotlin-script-runtime/2.4.10/kotlin-script-runtime-2.4.10.jar.sha1 for the dependency org.jetbrains.kotlin:kotlin-script-runtime:2.4.10
00:16.581 DEBUG :portfolio-in-compose-multiplatform:compileWasmJs DependencyFileImpl        Not found URL: https://packages.jetbrains.team/maven/p/kt/bootstrap/org/jetbrains/kotlin/kotlin-build-tools-api/2.4.10/kotlin-build-tools-api-2.4.10.jar.sha256
00:16.582 DEBUG :portfolio-in-compose-multiplatform:compileWasmJs DependencyFileImpl        Not found URL: https://packages.jetbrains.team/maven/p/kt/bootstrap/org/jetbrains/kotlin/kotlin-daemon-embeddable/2.4.10/kotlin-daemon-embeddable-2.4.10.jar.sha256
00:16.586 DEBUG :portfolio-in-compose-multiplatform:compileWasmJs DependencyFileImpl        Downloaded https://repo1.maven.org/maven2/org/jetbrains/kotlin/kotlin-compiler-embeddable/2.4.10/kotlin-compiler-embeddable-2.4.10.jar.sha1 for the dependency org.jetbrains.kotlin:kotlin-compiler-embeddable:2.4.10
00:16.591 DEBUG :portfolio-in-compose-multiplatform:compileWasmJs DependencyFileImpl        Downloaded https://repo1.maven.org/maven2/org/jetbrains/kotlin/kotlin-script-runtime/2.4.10/kotlin-script-runtime-2.4.10.jar for the dependency org.jetbrains.kotlin:kotlin-script-runtime:2.4.10
00:16.598 DEBUG :portfolio-in-compose-multiplatform:compileWasmJs DependencyFileImpl        Downloaded https://repo1.maven.org/maven2/org/jetbrains/kotlin/kotlin-daemon-embeddable/2.4.10/kotlin-daemon-embeddable-2.4.10.jar.sha1 for the dependency org.jetbrains.kotlin:kotlin-daemon-embeddable:2.4.10
00:16.598 DEBUG :portfolio-in-compose-multiplatform:compileWasmJs DependencyFileImpl        Downloaded https://repo1.maven.org/maven2/org/jetbrains/kotlin/kotlin-build-tools-api/2.4.10/kotlin-build-tools-api-2.4.10.jar.sha1 for the dependency org.jetbrains.kotlin:kotlin-build-tools-api:2.4.10
00:16.623 DEBUG :portfolio-in-compose-multiplatform:compileWasmJs DependencyFileImpl        Downloaded https://repo1.maven.org/maven2/org/jetbrains/kotlin/kotlin-daemon-embeddable/2.4.10/kotlin-daemon-embeddable-2.4.10.jar for the dependency org.jetbrains.kotlin:kotlin-daemon-embeddable:2.4.10
00:16.625 DEBUG :portfolio-in-compose-multiplatform:compileWasmJs DependencyFileImpl        Downloaded https://repo1.maven.org/maven2/org/jetbrains/kotlin/kotlin-build-tools-api/2.4.10/kotlin-build-tools-api-2.4.10.jar for the dependency org.jetbrains.kotlin:kotlin-build-tools-api:2.4.10
00:16.885 DEBUG :portfolio-in-compose-multiplatform:compileWasmJs DependencyFileImpl        Downloaded https://repo1.maven.org/maven2/org/jetbrains/kotlin/kotlin-compiler-embeddable/2.4.10/kotlin-compiler-embeddable-2.4.10.jar for the dependency org.jetbrains.kotlin:kotlin-compiler-embeddable:2.4.10
00:16.891 DEBUG :portfolio-in-compose-multiplatform:compileWasmJs IncrementalCache          [inc] 'resolve-org.jetbrains.kotlin-kotlin-compiler-embeddable-2.4.10' changes: '/home/runner/.cache/JetBrains/Kotlin/.m2.cache/org/jetbrains/kotlin/kotlin-compiler-embeddable/2.4.10/kotlin-compiler-embeddable-2.4.10.jar' CREATED, '/home/runner/.cache/JetBrains/Kotlin/.m2.cache/org/jetbrains/kotlin/kotlin-build-tools-api/2.4.10/kotlin-build-tools-api-2.4.10.jar' CREATED, '/home/runner/.cache/JetBrains/Kotlin/.m2.cache/org/jetbrains/kotlin/kotlin-stdlib/2.4.10/kotlin-stdlib-2.4.10.jar' CREATED, '/home/runner/.cache/JetBrains/Kotlin/.m2.cache/org/jetbrains/kotlin/kotlin-script-runtime/2.4.10/kotlin-script-runtime-2.4.10.jar' CREATED, '/home/runner/.cache/JetBrains/Kotlin/.m2.cache/org/jetbrains/kotlin/kotlin-reflect/1.6.10/kotlin-reflect-1.6.10.jar' CREATED, '/home/runner/.cache/JetBrains/Kotlin/.m2.cache/org/jetbrains/kotlin/kotlin-daemon-embeddable/2.4.10/kotlin-daemon-embeddable-2.4.10.jar' CREATED, '/home/runner/.cache/JetBrains/Kotlin/.m2.cache/org/jetbrains/kotlinx/kotlinx-coroutines-core-jvm/1.8.0/kotlinx-coroutines-core-jvm-1.8.0.jar' CREATED, '/home/runner/.cache/JetBrains/Kotlin/.m2.cache/org/jetbrains/annotations/23.0.0/annotations-23.0.0.jar' CREATED
00:16.893 DEBUG :portfolio-in-compose-multiplatform:compileWasmJs StateKt                   [inc] state file is missing or empty at '/home/runner/work/portfolio-in-compose-multiplatform/portfolio-in-compose-multiplatform/build/incremental.state/resolve-org.jetbrains.kotlin-kotlin-compose-compil-ce0cf74b23' -> cache miss
00:16.894 DEBUG :portfolio-in-compose-multiplatform:compileWasmJs IncrementalCache          [inc] building 'resolve-org.jetbrains.kotlin-kotlin-compose-compiler-plugin-embeddable-2.4.10'
00:17.045 DEBUG :portfolio-in-compose-multiplatform:compileWasmJs DependencyFileImpl        Not found URL: https://repo1.maven.org/maven2/org/jetbrains/kotlin/kotlin-compose-compiler-plugin-embeddable/2.4.10/kotlin-compose-compiler-plugin-embeddable-2.4.10.pom.sha512
00:17.108 DEBUG :portfolio-in-compose-multiplatform:compileWasmJs DependencyFileImpl        Not found URL: https://maven.google.com/org/jetbrains/kotlin/kotlin-compose-compiler-plugin-embeddable/2.4.10/kotlin-compose-compiler-plugin-embeddable-2.4.10.pom.sha512
00:17.244 DEBUG :portfolio-in-compose-multiplatform:compileWasmJs DependencyFileImpl        Not found URL: https://repo1.maven.org/maven2/org/jetbrains/kotlin/kotlin-compose-compiler-plugin-embeddable/2.4.10/kotlin-compose-compiler-plugin-embeddable-2.4.10.pom.sha256
00:17.306 DEBUG :portfolio-in-compose-multiplatform:compileWasmJs DependencyFileImpl        Not found URL: https://maven.google.com/org/jetbrains/kotlin/kotlin-compose-compiler-plugin-embeddable/2.4.10/kotlin-compose-compiler-plugin-embeddable-2.4.10.pom.sha256
00:17.322 DEBUG :portfolio-in-compose-multiplatform:compileWasmJs DependencyFileImpl        Downloaded https://repo1.maven.org/maven2/org/jetbrains/kotlin/kotlin-compose-compiler-plugin-embeddable/2.4.10/kotlin-compose-compiler-plugin-embeddable-2.4.10.pom.sha1 for the dependency org.jetbrains.kotlin:kotlin-compose-compiler-plugin-embeddable:2.4.10
00:17.338 DEBUG :portfolio-in-compose-multiplatform:compileWasmJs DependencyFileImpl        Downloaded https://repo1.maven.org/maven2/org/jetbrains/kotlin/kotlin-compose-compiler-plugin-embeddable/2.4.10/kotlin-compose-compiler-plugin-embeddable-2.4.10.pom for the dependency org.jetbrains.kotlin:kotlin-compose-compiler-plugin-embeddable:2.4.10
00:17.477 DEBUG :portfolio-in-compose-multiplatform:compileWasmJs DependencyFileImpl        Not found URL: https://repo1.maven.org/maven2/org/jetbrains/kotlin/kotlin-compose-compiler-plugin-embeddable/2.4.10/kotlin-compose-compiler-plugin-embeddable-2.4.10.jar.sha512
00:17.542 DEBUG :portfolio-in-compose-multiplatform:compileWasmJs DependencyFileImpl        Not found URL: https://maven.google.com/org/jetbrains/kotlin/kotlin-compose-compiler-plugin-embeddable/2.4.10/kotlin-compose-compiler-plugin-embeddable-2.4.10.jar.sha512
00:17.684 DEBUG :portfolio-in-compose-multiplatform:compileWasmJs DependencyFileImpl        Not found URL: https://repo1.maven.org/maven2/org/jetbrains/kotlin/kotlin-compose-compiler-plugin-embeddable/2.4.10/kotlin-compose-compiler-plugin-embeddable-2.4.10.jar.sha256
00:17.749 DEBUG :portfolio-in-compose-multiplatform:compileWasmJs DependencyFileImpl        Not found URL: https://maven.google.com/org/jetbrains/kotlin/kotlin-compose-compiler-plugin-embeddable/2.4.10/kotlin-compose-compiler-plugin-embeddable-2.4.10.jar.sha256
00:17.764 DEBUG :portfolio-in-compose-multiplatform:compileWasmJs DependencyFileImpl        Downloaded https://repo1.maven.org/maven2/org/jetbrains/kotlin/kotlin-compose-compiler-plugin-embeddable/2.4.10/kotlin-compose-compiler-plugin-embeddable-2.4.10.jar.sha1 for the dependency org.jetbrains.kotlin:kotlin-compose-compiler-plugin-embeddable:2.4.10
00:17.783 DEBUG :portfolio-in-compose-multiplatform:compileWasmJs DependencyFileImpl        Downloaded https://repo1.maven.org/maven2/org/jetbrains/kotlin/kotlin-compose-compiler-plugin-embeddable/2.4.10/kotlin-compose-compiler-plugin-embeddable-2.4.10.jar for the dependency org.jetbrains.kotlin:kotlin-compose-compiler-plugin-embeddable:2.4.10
00:17.785 DEBUG :portfolio-in-compose-multiplatform:compileWasmJs IncrementalCache          [inc] 'resolve-org.jetbrains.kotlin-kotlin-compose-compiler-plugin-embeddable-2.4.10' changes: '/home/runner/.cache/JetBrains/Kotlin/.m2.cache/org/jetbrains/kotlin/kotlin-compose-compiler-plugin-embeddable/2.4.10/kotlin-compose-compiler-plugin-embeddable-2.4.10.jar' CREATED
00:17.788 INFO  :portfolio-in-compose-multiplatform:compileWasmJs Slf4jExtensionsKt         Compiling module 'portfolio-in-compose-multiplatform' for platform 'wasmJs'...
00:17.791 DEBUG :portfolio-in-compose-multiplatform:compileWasmJs ProcessRunner             [cmd] /home/runner/.cache/JetBrains/Kotlin/extract.cache/5cadb5bf88-OpenJDK25U-jdk_x64_linux_hotspot_25.0.4.1_1.tar.gz.63903a.d/jdk-25.0.4.1+1/bin/java @/home/runner/work/portfolio-in-compose-multiplatform/portfolio-in-compose-multiplatform/build/temp/java-args-3404012581066291140.txt
00:22.782 INFO  :portfolio-in-compose-multiplatform:compileWasmJs MessagesKt                Compilation successful for 'portfolio-in-compose-multiplatform' [wasmJs]
00:22.786 DEBUG :portfolio-in-compose-multiplatform:compileWasmJs IncrementalCache          [inc] ':portfolio-in-compose-multiplatform:compileWasmJs' changes: '/home/runner/work/portfolio-in-compose-multiplatform/portfolio-in-compose-multiplatform/build/tasks/_portfolio-in-compose-multiplatform_compileWasmJs/portfolio-in-compose-multiplatform.klib' CREATED
00:22.787 DEBUG :portfolio-in-compose-multiplatform:compileWasmJsTest WebCompileKlibTask        WASM_JS compile portfolio-in-compose-multiplatform -- collected external dependencies

00:22.787 DEBUG :portfolio-in-compose-multiplatform:linkWasmJsRelease JdkProvider               `JAVA_HOME` was found but doesn't match the JDK selection criteria: major version mismatch: expected 25 but got 17. The Kotlin Toolchain will provision a suitable JDK instead.
00:22.787 DEBUG :portfolio-in-compose-multiplatform:compileWasmJsTest JdkProvider               `JAVA_HOME` was found but doesn't match the JDK selection criteria: major version mismatch: expected 25 but got 17. The Kotlin Toolchain will provision a suitable JDK instead.
00:22.788 DEBUG :portfolio-in-compose-multiplatform:linkWasmJsRelease WebLinkTask               WASM_JS link 'portfolio-in-compose-multiplatform' -- web common wasmJs
00:22.788 DEBUG :portfolio-in-compose-multiplatform:compileWasmJsTest StateKt                   [inc] state file is missing or empty at '/home/runner/work/portfolio-in-compose-multiplatform/portfolio-in-compose-multiplatform/build/incremental.state/_portfolio-in-compose-multiplatform_compileWasmJsT-4175c4f363' -> cache miss
00:22.788 DEBUG :portfolio-in-compose-multiplatform:compileWasmJsTest IncrementalCache          [inc] building ':portfolio-in-compose-multiplatform:compileWasmJsTest'
00:22.789 DEBUG :portfolio-in-compose-multiplatform:linkWasmJsRelease StateKt                   [inc] state file is missing or empty at '/home/runner/work/portfolio-in-compose-multiplatform/portfolio-in-compose-multiplatform/build/incremental.state/_portfolio-in-compose-multiplatform_linkWasmJsRele-b5c1d30551' -> cache miss
00:22.789 DEBUG :portfolio-in-compose-multiplatform:linkWasmJsRelease IncrementalCache          [inc] building ':portfolio-in-compose-multiplatform:linkWasmJsRelease'
00:22.789 DEBUG :portfolio-in-compose-multiplatform:compileWasmJsTest WebCompileKlibTask        No sources were found for fragments [commonTest, wasmJsTest, webTest] of module 'portfolio-in-compose-multiplatform', skipping compilation
00:22.791 DEBUG :portfolio-in-compose-multiplatform:linkWasmJsRelease IncrementalCache          [inc] 'resolve-org.jetbrains.kotlin-kotlin-compiler-embeddable-2.4.10' is up-to-date according to state file at '/home/runner/work/portfolio-in-compose-multiplatform/portfolio-in-compose-multiplatform/build/incremental.state/resolve-org.jetbrains.kotlin-kotlin-compiler-embed-bad7ddbbc3'
00:22.792 DEBUG :portfolio-in-compose-multiplatform:linkWasmJsRelease IncrementalCache          [inc] 'resolve-org.jetbrains.kotlin-kotlin-compose-compiler-plugin-embeddable-2.4.10' is up-to-date according to state file at '/home/runner/work/portfolio-in-compose-multiplatform/portfolio-in-compose-multiplatform/build/incremental.state/resolve-org.jetbrains.kotlin-kotlin-compose-compil-ce0cf74b23'
00:22.792 INFO  :portfolio-in-compose-multiplatform:linkWasmJsRelease Slf4jExtensionsKt         Linking wasmJs executable for module 'portfolio-in-compose-multiplatform'...
00:22.793 DEBUG :portfolio-in-compose-multiplatform:compileWasmJsTest IncrementalCache          [inc] ':portfolio-in-compose-multiplatform:compileWasmJsTest' changes: 
00:22.793 DEBUG :portfolio-in-compose-multiplatform:linkWasmJsTestRelease WebLinkTask               No test code was found compiled for fragments [commonTest, wasmJsTest, webTest] of module 'portfolio-in-compose-multiplatform', skipping linking
00:22.794 DEBUG :portfolio-in-compose-multiplatform:linkWasmJsRelease ProcessRunner             [cmd] /home/runner/.cache/JetBrains/Kotlin/extract.cache/5cadb5bf88-OpenJDK25U-jdk_x64_linux_hotspot_25.0.4.1_1.tar.gz.63903a.d/jdk-25.0.4.1+1/bin/java @/home/runner/work/portfolio-in-compose-multiplatform/portfolio-in-compose-multiplatform/build/temp/java-args-349652331134084445.txt
00:58.248 DEBUG :portfolio-in-compose-multiplatform:linkWasmJsRelease IncrementalCache          [inc] ':portfolio-in-compose-multiplatform:linkWasmJsRelease' changes: '/home/runner/work/portfolio-in-compose-multiplatform/portfolio-in-compose-multiplatform/build/artifacts/CompiledWebArtifact/portfolio-in-compose-multiplatformwasmJsrelease/kotlin-output/portfolio-in-compose-multiplatform.wasm' CREATED, '/home/runner/work/portfolio-in-compose-multiplatform/portfolio-in-compose-multiplatform/build/artifacts/CompiledWebArtifact/portfolio-in-compose-multiplatformwasmJsrelease/kotlin-output/portfolio-in-compose-multiplatform.mjs' CREATED, '/home/runner/work/portfolio-in-compose-multiplatform/portfolio-in-compose-multiplatform/build/artifacts/CompiledWebArtifact/portfolio-in-compose-multiplatformwasmJsrelease/kotlin-output/portfolio-in-compose-multiplatform.import-object.mjs' CREATED, '/home/runner/work/portfolio-in-compose-multiplatform/portfolio-in-compose-multiplatform/build/artifacts/CompiledWebArtifact/portfolio-in-compose-multiplatformwasmJsrelease/kotlin-output/portfolio-in-compose-multiplatform.js-builtins.mjs' CREATED
00:58.251 DEBUG :portfolio-in-compose-multiplatform:buildWasmJsAppWasmJsRelease StateKt                   [inc] state file is missing or empty at '/home/runner/work/portfolio-in-compose-multiplatform/portfolio-in-compose-multiplatform/build/incremental.state/_portfolio-in-compose-multiplatform_buildWasmJsApp-df509c2a64' -> cache miss
00:58.251 DEBUG :portfolio-in-compose-multiplatform:buildWasmJsAppWasmJsRelease IncrementalCache          [inc] building ':portfolio-in-compose-multiplatform:buildWasmJsAppWasmJsRelease'
00:58.392 DEBUG :portfolio-in-compose-multiplatform:buildWasmJsAppWasmJsRelease IncrementalCache          [inc] ':portfolio-in-compose-multiplatform:buildWasmJsAppWasmJsRelease' changes: '/home/runner/work/portfolio-in-compose-multiplatform/portfolio-in-compose-multiplatform/build/tasks/_portfolio-in-compose-multiplatform_buildWasmJsAppWasmJsRelease/portfolio-in-compose-multiplatform.wasm' CREATED, '/home/runner/work/portfolio-in-compose-multiplatform/portfolio-in-compose-multiplatform/build/tasks/_portfolio-in-compose-multiplatform_buildWasmJsAppWasmJsRelease/index.html' CREATED, '/home/runner/work/portfolio-in-compose-multiplatform/portfolio-in-compose-multiplatform/build/tasks/_portfolio-in-compose-multiplatform_buildWasmJsAppWasmJsRelease/vendors/@js-joda/core/src/ZoneId.js' CREATED, '/home/runner/work/portfolio-in-compose-multiplatform/portfolio-in-compose-multiplatform/build/tasks/_portfolio-in-compose-multiplatform_buildWasmJsAppWasmJsRelease/vendors/@js-joda/core/src/_init.js' CREATED, '/home/runner/work/portfolio-in-compose-multiplatform/portfolio-in-compose-multiplatform/build/tasks/_portfolio-in-compose-multiplatform_buildWasmJsAppWasmJsRelease/vendors/@js-joda/core/src/LocalTime.js' CREATED, '/home/runner/work/portfolio-in-compose-multiplatform/portfolio-in-compose-multiplatform/build/tasks/_portfolio-in-compose-multiplatform_buildWasmJsAppWasmJsRelease/vendors/@js-joda/core/src/temporal/TemporalAdjusters.js' CREATED, '/home/runner/work/portfolio-in-compose-multiplatform/portfolio-in-compose-multiplatform/build/tasks/_portfolio-in-compose-multiplatform_buildWasmJsAppWasmJsRelease/vendors/@js-joda/core/src/temporal/ChronoField.js' CREATED, '/home/runner/work/portfolio-in-compose-multiplatform/portfolio-in-compose-multiplatform/build/tasks/_portfolio-in-compose-multiplatform_buildWasmJsAppWasmJsRelease/vendors/@js-joda/core/src/temporal/TemporalQuery.js' CREATED, '/home/runner/work/portfolio-in-compose-multiplatform/portfolio-in-compose-multiplatform/build/tasks/_portfolio-in-compose-multiplatform_buildWasmJsAppWasmJsRelease/vendors/@js-joda/core/src/temporal/Temporal.js' CREATED, '/home/runner/work/portfolio-in-compose-multiplatform/portfolio-in-compose-multiplatform/build/tasks/_portfolio-in-compose-multiplatform_buildWasmJsAppWasmJsRelease/vendors/@js-joda/core/src/temporal/ChronoUnit.js' CREATED, '/home/runner/work/portfolio-in-compose-multiplatform/portfolio-in-compose-multiplatform/build/tasks/_portfolio-in-compose-multiplatform_buildWasmJsAppWasmJsRelease/vendors/@js-joda/core/src/temporal/TemporalField.js' CREATED, '/home/runner/work/portfolio-in-compose-multiplatform/portfolio-in-compose-multiplatform/build/tasks/_portfolio-in-compose-multiplatform_buildWasmJsAppWasmJsRelease/vendors/@js-joda/core/src/temporal/ValueRange.js' CREATED, '/home/runner/work/portfolio-in-compose-multiplatform/portfolio-in-compose-multiplatform/build/tasks/_portfolio-in-compose-multiplatform_buildWasmJsAppWasmJsRelease/vendors/@js-joda/core/src/temporal/TemporalUnit.js' CREATED, '/home/runner/work/portfolio-in-compose-multiplatform/portfolio-in-compose-multiplatform/build/tasks/_portfolio-in-compose-multiplatform_buildWasmJsAppWasmJsRelease/vendors/@js-joda/core/src/temporal/TemporalQueriesFactory.js' CREATED, '/home/runner/work/portfolio-in-compose-multiplatform/portfolio-in-compose-multiplatform/build/tasks/_portfolio-in-compose-multiplatform_buildWasmJsAppWasmJsRelease/vendors/@js-joda/core/src/temporal/TemporalAdjuster.js' CREATED, '/home/runner/work/portfolio-in-compose-multiplatform/portfolio-in-compose-multiplatform/build/tasks/_portfolio-in-compose-multiplatform_buildWasmJsAppWasmJsRelease/vendors/@js-joda/core/src/temporal/IsoFields.js' CREATED, '/home/runner/work/portfolio-in-compose-multiplatform/portfolio-in-compose-multiplatform/build/tasks/_portfolio-in-compose-multiplatform_buildWasmJsAppWasmJsRelease/vendors/@js-joda/core/src/temporal/DefaultInterfaceTemporal.js' CREATED, '/home/runner/work/portfolio-in-compose-multiplatform/portfolio-in-compose-multiplatform/build/tasks/_portfolio-in-compose-multiplatform_buildWasmJsAppWasmJsRelease/vendors/@js-joda/core/src/temporal/TemporalQueries.js' CREATED, '/home/runner/work/portfolio-in-compose-multiplatform/portfolio-in-compose-multiplatform/build/tasks/_portfolio-in-compose-multiplatform_buildWasmJsAppWasmJsRelease/vendors/@js-joda/core/src/temporal/NativeJsTemporal.js' CREATED, '/home/runner/work/portfolio-in-compose-multiplatform/portfolio-in-compose-multiplatform/build/tasks/_portfolio-in-compose-multiplatform_buildWasmJsAppWasmJsRelease/vendors/@js-joda/core/src/temporal/TemporalAccessor.js' CREATED, '/home/runner/work/portfolio-in-compose-multiplatform/portfolio-in-compose-multiplatform/build/tasks/_portfolio-in-compose-multiplatform_buildWasmJsAppWasmJsRelease/vendors/@js-joda/core/src/temporal/TemporalAmount.js' CREATED, '/home/runner/work/portfolio-in-compose-multiplatform/portfolio-in-compose-multiplatform/build/tasks/_portfolio-in-compose-multiplatform_buildWasmJsAppWasmJsRelease/vendors/@js-joda/core/src/Instant.js' CREATED, '/home/runner/work/portfolio-in-compose-multiplatform/portfolio-in-compose-multiplatform/build/tasks/_portfolio-in-compose-multiplatform_buildWasmJsAppWasmJsRelease/vendors/@js-joda/core/src/StringUtil.js' CREATED, '/home/runner/work/portfolio-in-compose-multiplatform/portfolio-in-compose-multiplatform/build/tasks/_portfolio-in-compose-multiplatform_buildWasmJsAppWasmJsRelease/vendors/@js-joda/core/src/Year.js' CREATED, '/home/runner/work/portfolio-in-compose-multiplatform/portfolio-in-compose-multiplatform/build/tasks/_portfolio-in-compose-multiplatform_buildWasmJsAppWasmJsRelease/vendors/@js-joda/core/src/MonthDay.js' CREATED, '/home/runner/work/portfolio-in-compose-multiplatform/portfolio-in-compose-multiplatform/build/tasks/_portfolio-in-compose-multiplatform_buildWasmJsAppWasmJsRelease/vendors/@js-joda/core/src/MathUtil.js' CREATED, '/home/runner/work/portfolio-in-compose-multiplatform/portfolio-in-compose-multiplatform/build/tasks/_portfolio-in-compose-multiplatform_buildWasmJsAppWasmJsRelease/vendors/@js-joda/core/src/ZoneOffset.js' CREATED, '/home/runner/work/portfolio-in-compose-multiplatform/portfolio-in-compose-multiplatform/build/tasks/_portfolio-in-compose-multiplatform_buildWasmJsAppWasmJsRelease/vendors/@js-joda/core/src/errors.js' CREATED, '/home/runner/work/portfolio-in-compose-multiplatform/portfolio-in-compose-multiplatform/build/tasks/_portfolio-in-compose-multiplatform_buildWasmJsAppWasmJsRelease/vendors/@js-joda/core/src/license-preamble.js' CREATED, '/home/runner/work/portfolio-in-compose-multiplatform/portfolio-in-compose-multiplatform/build/tasks/_portfolio-in-compose-multiplatform_buildWasmJsAppWasmJsRelease/vendors/@js-joda/core/src/Month.js' CREATED, '/home/runner/work/portfolio-in-compose-multiplatform/portfolio-in-compose-multiplatform/build/tasks/_portfolio-in-compose-multiplatform_buildWasmJsAppWasmJsRelease/vendors/@js-joda/core/src/OffsetTime.js' CREATED, '/home/runner/work/portfolio-in-compose-multiplatform/portfolio-in-compose-multiplatform/build/tasks/_portfolio-in-compose-multiplatform_buildWasmJsAppWasmJsRelease/vendors/@js-joda/core/src/Duration.js' CREATED, '/home/runner/work/portfolio-in-compose-multiplatform/portfolio-in-compose-multiplatform/build/tasks/_portfolio-in-compose-multiplatform_buildWasmJsAppWasmJsRelease/vendors/@js-joda/core/src/ZoneRegion.js' CREATED, '/home/runner/work/portfolio-in-compose-multiplatform/portfolio-in-compose-multiplatform/build/tasks/_portfolio-in-compose-multiplatform_buildWasmJsAppWasmJsRelease/vendors/@js-joda/core/src/DayOfWeek.js' CREATED, '/home/runner/work/portfolio-in-compose-multiplatform/portfolio-in-compose-multiplatform/build/tasks/_portfolio-in-compose-multiplatform_buildWasmJsAppWasmJsRelease/vendors/@js-joda/core/src/Period.js' CREATED, '/home/runner/work/portfolio-in-compose-multiplatform/portfolio-in-compose-multiplatform/build/tasks/_portfolio-in-compose-multiplatform_buildWasmJsAppWasmJsRelease/vendors/@js-joda/core/src/zone/SystemDefaultZoneId.js' CREATED, '/home/runner/work/portfolio-in-compose-multiplatform/portfolio-in-compose-multiplatform/build/tasks/_portfolio-in-compose-multiplatform_buildWasmJsAppWasmJsRelease/vendors/@js-joda/core/src/zone/ZoneRulesProvider.js' CREATED, '/home/runner/work/portfolio-in-compose-multiplatform/portfolio-in-compose-multiplatform/build/tasks/_portfolio-in-compose-multiplatform_buildWasmJsAppWasmJsRelease/vendors/@js-joda/core/src/zone/ZoneRules.js' CREATED, '/home/runner/work/portfolio-in-compose-multiplatform/portfolio-in-compose-multiplatform/build/tasks/_portfolio-in-compose-multiplatform_buildWasmJsAppWasmJsRelease/vendors/@js-joda/core/src/zone/SystemDefaultZoneRules.js' CREATED, '/home/runner/work/portfolio-in-compose-multiplatform/portfolio-in-compose-multiplatform/build/tasks/_portfolio-in-compose-multiplatform_buildWasmJsAppWasmJsRelease/vendors/@js-joda/core/src/zone/ZoneOffsetTransition.js' CREATED, '/home/runner/work/portfolio-in-compose-multiplatform/portfolio-in-compose-multiplatform/build/tasks/_portfolio-in-compose-multiplatform_buildWasmJsAppWasmJsRelease/vendors/@js-joda/core/src/use.js' CREATED, '/home/runner/work/portfolio-in-compose-multiplatform/portfolio-in-compose-multiplatform/build/tasks/_portfolio-in-compose-multiplatform_buildWasmJsAppWasmJsRelease/vendors/@js-joda/core/src/OffsetDateTime.js' CREATED, '/home/runner/work/portfolio-in-compose-multiplatform/portfolio-in-compose-multiplatform/build/tasks/_portfolio-in-compose-multiplatform_buildWasmJsAppWasmJsRelease/vendors/@js-joda/core/src/Enum.js' CREATED, '/home/runner/work/portfolio-in-compose-multiplatform/portfolio-in-compose-multiplatform/build/tasks/_portfolio-in-compose-multiplatform_buildWasmJsAppWasmJsRelease/vendors/@js-joda/core/src/YearMonth.js' CREATED, '/home/runner/work/portfolio-in-compose-multiplatform/portfolio-in-compose-multiplatform/build/tasks/_portfolio-in-compose-multiplatform_buildWasmJsAppWasmJsRelease/vendors/@js-joda/core/src/assert.js' CREATED, '/home/runner/work/portfolio-in-compose-multiplatform/portfolio-in-compose-multiplatform/build/tasks/_portfolio-in-compose-multiplatform_buildWasmJsAppWasmJsRelease/vendors/@js-joda/core/src/LocalDateTime.js' CREATED, '/home/runner/work/portfolio-in-compose-multiplatform/portfolio-in-compose-multiplatform/build/tasks/_portfolio-in-compose-multiplatform_buildWasmJsAppWasmJsRelease/vendors/@js-joda/core/src/Clock.js' CREATED, '/home/runner/work/portfolio-in-compose-multiplatform/portfolio-in-compose-multiplatform/build/tasks/_portfolio-in-compose-multiplatform_buildWasmJsAppWasmJsRelease/vendors/@js-joda/core/src/js-joda.js' CREATED, '/home/runner/work/portfolio-in-compose-multiplatform/portfolio-in-compose-multiplatform/build/tasks/_portfolio-in-compose-multiplatform_buildWasmJsAppWasmJsRelease/vendors/@js-joda/core/src/format/parser/CharLiteralPrinterParser.js' CREATED, '/home/runner/work/portfolio-in-compose-multiplatform/portfolio-in-compose-multiplatform/build/tasks/_portfolio-in-compose-multiplatform_buildWasmJsAppWasmJsRelease/vendors/@js-joda/core/src/format/parser/CompositePrinterParser.js' CREATED, '/home/runner/work/portfolio-in-compose-multiplatform/portfolio-in-compose-multiplatform/build/tasks/_portfolio-in-compose-multiplatform_buildWasmJsAppWasmJsRelease/vendors/@js-joda/core/src/format/parser/SettingsParser.js' CREATED, '/home/runner/work/portfolio-in-compose-multiplatform/portfolio-in-compose-multiplatform/build/tasks/_portfolio-in-compose-multiplatform_buildWasmJsAppWasmJsRelease/vendors/@js-joda/core/src/format/parser/ZoneIdPrinterParser.js' CREATED, '/home/runner/work/portfolio-in-compose-multiplatform/portfolio-in-compose-multiplatform/build/tasks/_portfolio-in-compose-multiplatform_buildWasmJsAppWasmJsRelease/vendors/@js-joda/core/src/format/parser/PadPrinterParserDecorator.js' CREATED, '/home/runner/work/portfolio-in-compose-multiplatform/portfolio-in-compose-multiplatform/build/tasks/_portfolio-in-compose-multiplatform_buildWasmJsAppWasmJsRelease/vendors/@js-joda/core/src/format/parser/NumberPrinterParser.js' CREATED, '/home/runner/work/portfolio-in-compose-multiplatform/portfolio-in-compose-multiplatform/build/tasks/_portfolio-in-compose-multiplatform_buildWasmJsAppWasmJsRelease/vendors/@js-joda/core/src/format/parser/StringLiteralPrinterParser.js' CREATED, '/home/runner/work/portfolio-in-compose-multiplatform/portfolio-in-compose-multiplatform/build/tasks/_portfolio-in-compose-multiplatform_buildWasmJsAppWasmJsRelease/vendors/@js-joda/core/src/format/parser/OffsetIdPrinterParser.js' CREATED, '/home/runner/work/portfolio-in-compose-multiplatform/portfolio-in-compose-multiplatform/build/tasks/_portfolio-in-compose-multiplatform_buildWasmJsAppWasmJsRelease/vendors/@js-joda/core/src/format/parser/FractionPrinterParser.js' CREATED, '/home/runner/work/portfolio-in-compose-multiplatform/portfolio-in-compose-multiplatform/build/tasks/_portfolio-in-compose-multiplatform_buildWasmJsAppWasmJsRelease/vendors/@js-joda/core/src/format/ResolverStyle.js' CREATED, '/home/runner/work/portfolio-in-compose-multiplatform/portfolio-in-compose-multiplatform/build/tasks/_portfolio-in-compose-multiplatform_buildWasmJsAppWasmJsRelease/vendors/@js-joda/core/src/format/SignStyle.js' CREATED, '/home/runner/work/portfolio-in-compose-multiplatform/portfolio-in-compose-multiplatform/build/tasks/_portfolio-in-compose-multiplatform_buildWasmJsAppWasmJsRelease/vendors/@js-joda/core/src/format/StringBuilder.js' CREATED, '/home/runner/work/portfolio-in-compose-multiplatform/portfolio-in-compose-multiplatform/build/tasks/_portfolio-in-compose-multiplatform_buildWasmJsAppWasmJsRelease/vendors/@js-joda/core/src/format/DateTimeBuilder.js' CREATED, '/home/runner/work/portfolio-in-compose-multiplatform/portfolio-in-compose-multiplatform/build/tasks/_portfolio-in-compose-multiplatform_buildWasmJsAppWasmJsRelease/vendors/@js-joda/core/src/format/DateTimeFormatter.js' CREATED, '/home/runner/work/portfolio-in-compose-multiplatform/portfolio-in-compose-multiplatform/build/tasks/_portfolio-in-compose-multiplatform_buildWasmJsAppWasmJsRelease/vendors/@js-joda/core/src/format/EnumMap.js' CREATED, '/home/runner/work/portfolio-in-compose-multiplatform/portfolio-in-compose-multiplatform/build/tasks/_portfolio-in-compose-multiplatform_buildWasmJsAppWasmJsRelease/vendors/@js-joda/core/src/format/DateTimeFormatterBuilder.js' CREATED, '/home/runner/work/portfolio-in-compose-multiplatform/portfolio-in-compose-multiplatform/build/tasks/_portfolio-in-compose-multiplatform_buildWasmJsAppWasmJsRelease/vendors/@js-joda/core/src/format/DateTimePrintContext.js' CREATED, '/home/runner/work/portfolio-in-compose-multiplatform/portfolio-in-compose-multiplatform/build/tasks/_portfolio-in-compose-multiplatform_buildWasmJsAppWasmJsRelease/vendors/@js-joda/core/src/format/ParsePosition.js' CREATED, '/home/runner/work/portfolio-in-compose-multiplatform/portfolio-in-compose-multiplatform/build/tasks/_portfolio-in-compose-multiplatform_buildWasmJsAppWasmJsRelease/vendors/@js-joda/core/src/format/DateTimeParseContext.js' CREATED, '/home/runner/work/portfolio-in-compose-multiplatform/portfolio-in-compose-multiplatform/build/tasks/_portfolio-in-compose-multiplatform_buildWasmJsAppWasmJsRelease/vendors/@js-joda/core/src/format/DecimalStyle.js' CREATED, '/home/runner/work/portfolio-in-compose-multiplatform/portfolio-in-compose-multiplatform/build/tasks/_portfolio-in-compose-multiplatform_buildWasmJsAppWasmJsRelease/vendors/@js-joda/core/src/format/TextStyle.js' CREATED, '/home/runner/work/portfolio-in-compose-multiplatform/portfolio-in-compose-multiplatform/build/tasks/_portfolio-in-compose-multiplatform_buildWasmJsAppWasmJsRelease/vendors/@js-joda/core/src/LocalDate.js' CREATED, '/home/runner/work/portfolio-in-compose-multiplatform/portfolio-in-compose-multiplatform/build/tasks/_portfolio-in-compose-multiplatform_buildWasmJsAppWasmJsRelease/vendors/@js-joda/core/src/ZoneIdFactory.js' CREATED, '/home/runner/work/portfolio-in-compose-multiplatform/portfolio-in-compose-multiplatform/build/tasks/_portfolio-in-compose-multiplatform_buildWasmJsAppWasmJsRelease/vendors/@js-joda/core/src/YearConstants.js' CREATED, '/home/runner/work/portfolio-in-compose-multiplatform/portfolio-in-compose-multiplatform/build/tasks/_portfolio-in-compose-multiplatform_buildWasmJsAppWasmJsRelease/vendors/@js-joda/core/src/ZonedDateTime.js' CREATED, '/home/runner/work/portfolio-in-compose-multiplatform/portfolio-in-compose-multiplatform/build/tasks/_portfolio-in-compose-multiplatform_buildWasmJsAppWasmJsRelease/vendors/@js-joda/core/src/convert.js' CREATED, '/home/runner/work/portfolio-in-compose-multiplatform/portfolio-in-compose-multiplatform/build/tasks/_portfolio-in-compose-multiplatform_buildWasmJsAppWasmJsRelease/vendors/@js-joda/core/src/chrono/ChronoLocalDateTime.js' CREATED, '/home/runner/work/portfolio-in-compose-multiplatform/portfolio-in-compose-multiplatform/build/tasks/_portfolio-in-compose-multiplatform_buildWasmJsAppWasmJsRelease/vendors/@js-joda/core/src/chrono/ChronoZonedDateTime.js' CREATED, '/home/runner/work/portfolio-in-compose-multiplatform/portfolio-in-compose-multiplatform/build/tasks/_portfolio-in-compose-multiplatform_buildWasmJsAppWasmJsRelease/vendors/@js-joda/core/src/chrono/ChronoLocalDate.js' CREATED, '/home/runner/work/portfolio-in-compose-multiplatform/portfolio-in-compose-multiplatform/build/tasks/_portfolio-in-compose-multiplatform_buildWasmJsAppWasmJsRelease/vendors/@js-joda/core/src/chrono/IsoChronology.js' CREATED, '/home/runner/work/portfolio-in-compose-multiplatform/portfolio-in-compose-multiplatform/build/tasks/_portfolio-in-compose-multiplatform_buildWasmJsAppWasmJsRelease/vendors/@js-joda/core/package.json' CREATED, '/home/runner/work/portfolio-in-compose-multiplatform/portfolio-in-compose-multiplatform/build/tasks/_portfolio-in-compose-multiplatform_buildWasmJsAppWasmJsRelease/vendors/@js-joda/core/README.md' CREATED, '/home/runner/work/portfolio-in-compose-multiplatform/portfolio-in-compose-multiplatform/build/tasks/_portfolio-in-compose-multiplatform_buildWasmJsAppWasmJsRelease/vendors/@js-joda/core/LICENSE' CREATED, '/home/runner/work/portfolio-in-compose-multiplatform/portfolio-in-compose-multiplatform/build/tasks/_portfolio-in-compose-multiplatform_buildWasmJsAppWasmJsRelease/vendors/@js-joda/core/dist/js-joda.esm.js' CREATED, '/home/runner/work/portfolio-in-compose-multiplatform/portfolio-in-compose-multiplatform/build/tasks/_portfolio-in-compose-multiplatform_buildWasmJsAppWasmJsRelease/vendors/@js-joda/core/dist/js-joda.js.map' CREATED, '/home/runner/work/portfolio-in-compose-multiplatform/portfolio-in-compose-multiplatform/build/tasks/_portfolio-in-compose-multiplatform_buildWasmJsAppWasmJsRelease/vendors/@js-joda/core/dist/js-joda.min.js' CREATED, '/home/runner/work/portfolio-in-compose-multiplatform/portfolio-in-compose-multiplatform/build/tasks/_portfolio-in-compose-multiplatform_buildWasmJsAppWasmJsRelease/vendors/@js-joda/core/dist/js-joda.flow.js' CREATED, '/home/runner/work/portfolio-in-compose-multiplatform/portfolio-in-compose-multiplatform/build/tasks/_portfolio-in-compose-multiplatform_buildWasmJsAppWasmJsRelease/vendors/@js-joda/core/dist/js-joda.js' CREATED, '/home/runner/work/portfolio-in-compose-multiplatform/portfolio-in-compose-multiplatform/build/tasks/_portfolio-in-compose-multiplatform_buildWasmJsAppWasmJsRelease/vendors/@js-joda/core/dist/js-joda.d.ts' CREATED, '/home/runner/work/portfolio-in-compose-multiplatform/portfolio-in-compose-multiplatform/build/tasks/_portfolio-in-compose-multiplatform_buildWasmJsAppWasmJsRelease/vendors/@js-joda/core/bower.json' CREATED, '/home/runner/work/portfolio-in-compose-multiplatform/portfolio-in-compose-multiplatform/build/tasks/_portfolio-in-compose-multiplatform_buildWasmJsAppWasmJsRelease/vendors/@js-joda/core/CheatSheet.md' CREATED, '/home/runner/work/portfolio-in-compose-multiplatform/portfolio-in-compose-multiplatform/build/tasks/_portfolio-in-compose-multiplatform_buildWasmJsAppWasmJsRelease/vendors/@js-joda/core/CHANGELOG.md' CREATED, '/home/runner/work/portfolio-in-compose-multiplatform/portfolio-in-compose-multiplatform/build/tasks/_portfolio-in-compose-multiplatform_buildWasmJsAppWasmJsRelease/skiko.wasm' CREATED, '/home/runner/work/portfolio-in-compose-multiplatform/portfolio-in-compose-multiplatform/build/tasks/_portfolio-in-compose-multiplatform_buildWasmJsAppWasmJsRelease/portfolio-in-compose-multiplatform.mjs' CREATED, '/home/runner/work/portfolio-in-compose-multiplatform/portfolio-in-compose-multiplatform/build/tasks/_portfolio-in-compose-multiplatform_buildWasmJsAppWasmJsRelease/import-map-loader.js' CREATED, '/home/runner/work/portfolio-in-compose-multiplatform/portfolio-in-compose-multiplatform/build/tasks/_portfolio-in-compose-multiplatform_buildWasmJsAppWasmJsRelease/skiko.mjs' CREATED, '/home/runner/work/portfolio-in-compose-multiplatform/portfolio-in-compose-multiplatform/build/tasks/_portfolio-in-compose-multiplatform_buildWasmJsAppWasmJsRelease/portfolio-in-compose-multiplatform.import-object.mjs' CREATED, '/home/runner/work/portfolio-in-compose-multiplatform/portfolio-in-compose-multiplatform/build/tasks/_portfolio-in-compose-multiplatform_buildWasmJsAppWasmJsRelease/portfolio-in-compose-multiplatform.js-builtins.mjs' CREATED
